{
"type": "FeatureCollection",
"name": "hin2025_ped",
"crs": { "type": "name", "properties": { "name": "urn:ogc:def:crs:OGC:1.3:CRS84" } },
"features": [
{ "type": "Feature", "properties": { "OBJECTID": 1, "Full_Name": "72ND ST", "Ped_Death_Count": 0, "Bike_Death_Count": 0, "Veh_Death_Count": 0, "Ped_Crash_Count": 2, "Bike_Crash_Count": 0, "Veh_Crash_Count": 1, "Total_Crash_Count": 3, "RoadLength": 1838.5355, "Miles": 0.3482, "CrashRate": 8.62, "Total_Death_Count": 0, "Shape__Length": 1838.5355302389594 }, "geometry": { "type": "LineString", "coordinates": [ [ -95.297998083951114, 29.73436209080386 ], [ -95.297731277371412, 29.735038734312216 ], [ -95.297542562078178, 29.735526842346889 ], [ -95.297469816306915, 29.735698943494555 ], [ -95.29740241409749, 29.735854613490769 ], [ -95.297241031338316, 29.736243981144213 ], [ -95.296974064531838, 29.736924763795042 ], [ -95.29669805725176, 29.737592860515591 ], [ -95.296368726608506, 29.738421157770301 ], [ -95.296086310475189, 29.739134677162248 ] ] } },
{ "type": "Feature", "properties": { "OBJECTID": 2, "Full_Name": "AIRLINE DR", "Ped_Death_Count": 2, "Bike_Death_Count": 0, "Veh_Death_Count": 0, "Ped_Crash_Count": 3, "Bike_Crash_Count": 0, "Veh_Crash_Count": 3, "Total_Crash_Count": 6, "RoadLength": 2640.0, "Miles": 0.5, "CrashRate": 12.0, "Total_Death_Count": 2, "Shape__Length": 2639.9999611328076 }, "geometry": { "type": "LineString", "coordinates": [ [ -95.382122308453276, 29.811884267711896 ], [ -95.382126175760348, 29.811913954621165 ], [ -95.382273514068913, 29.812586725507181 ], [ -95.382410850155622, 29.813263085880418 ], [ -95.382519113684026, 29.813697418519034 ], [ -95.382555780138389, 29.813945990133863 ], [ -95.382586758613257, 29.814156003226845 ], [ -95.382615134763739, 29.814348372404698 ], [ -95.382637553679672, 29.814479982382178 ], [ -95.382681396976125, 29.814778969117622 ], [ -95.382732920068818, 29.815106456541368 ], [ -95.382757429494347, 29.815285758353429 ], [ -95.382813553189919, 29.815823246476626 ], [ -95.382828079493478, 29.815960120681137 ], [ -95.382903911841055, 29.816579264094642 ], [ -95.382944966793076, 29.81699111465355 ], [ -95.3829543654372, 29.817077221808102 ], [ -95.38299293664214, 29.817412158314696 ], [ -95.38301637471163, 29.817610920103707 ], [ -95.383038332212536, 29.81784841157242 ], [ -95.383164583093347, 29.819000127344765 ], [ -95.383173359250122, 29.819080186137736 ] ] } },
{ "type": "Feature", "properties": { "OBJECTID": 3, "Full_Name": "AIRLINE DR", "Ped_Death_Count": 0, "Bike_Death_Count": 0, "Veh_Death_Count": 1, "Ped_Crash_Count": 1, "Bike_Crash_Count": 0, "Veh_Crash_Count": 3, "Total_Crash_Count": 4, "RoadLength": 2640.0, "Miles": 0.5, "CrashRate": 8.0, "Total_Death_Count": 1, "Shape__Length": 2640.0000493994326 }, "geometry": { "type": "LineString", "coordinates": [ [ -95.381931924382243, 29.804629282846459 ], [ -95.381932356850101, 29.804652417752798 ], [ -95.381940300927667, 29.805133417936297 ], [ -95.381945746912848, 29.805358748551221 ], [ -95.381958109448505, 29.806080216010734 ], [ -95.381964899825363, 29.806778575795374 ], [ -95.381981140582113, 29.807563668975803 ], [ -95.381998021885963, 29.808394130239783 ], [ -95.382004023735135, 29.808785087685113 ], [ -95.382008319055458, 29.809498732745855 ], [ -95.382010540944748, 29.809771208140749 ], [ -95.382017470575406, 29.810548061766685 ], [ -95.382028934246321, 29.810999147461388 ], [ -95.382038537365233, 29.811241167929108 ], [ -95.382068189873721, 29.811468805926616 ], [ -95.382122308453276, 29.811884267711896 ] ] } },
{ "type": "Feature", "properties": { "OBJECTID": 4, "Full_Name": "AIRLINE DR", "Ped_Death_Count": 1, "Bike_Death_Count": 0, "Veh_Death_Count": 0, "Ped_Crash_Count": 2, "Bike_Crash_Count": 0, "Veh_Crash_Count": 3, "Total_Crash_Count": 5, "RoadLength": 2640.0, "Miles": 0.5, "CrashRate": 10.0, "Total_Death_Count": 1, "Shape__Length": 2640.0000474732619 }, "geometry": { "type": "LineString", "coordinates": [ [ -95.384367493216274, 29.840808174576768 ], [ -95.384367433651931, 29.840860202132678 ], [ -95.384380088262418, 29.841605525793639 ], [ -95.384382770955654, 29.841866257461195 ], [ -95.384391467023576, 29.842594812309063 ], [ -95.384394643365525, 29.842673479167381 ], [ -95.384398860993073, 29.842784757632263 ], [ -95.384398153069014, 29.843052517822464 ], [ -95.384403470254696, 29.843194765740698 ], [ -95.384408591709487, 29.843501838714531 ], [ -95.384411295485293, 29.843576111390583 ], [ -95.384414443091131, 29.843876833387878 ], [ -95.384420186266269, 29.844470081783687 ], [ -95.384420629948394, 29.844552201538136 ], [ -95.384419745000059, 29.844600877843501 ], [ -95.38444417523985, 29.845003588776954 ], [ -95.384446851000931, 29.845087000797335 ], [ -95.384451672375988, 29.845307035626945 ], [ -95.384451759709918, 29.845407491013557 ], [ -95.384436208053401, 29.84552187224568 ], [ -95.384419044253917, 29.845652305890276 ], [ -95.384425394395493, 29.845869377912052 ], [ -95.384426475214283, 29.84591144209935 ], [ -95.384429549096879, 29.846031032716038 ], [ -95.3844335090036, 29.84611721162139 ], [ -95.384452266846424, 29.846268196442452 ], [ -95.384453868133292, 29.846337269910187 ], [ -95.38445172647323, 29.846435616180425 ], [ -95.384459336074642, 29.846689107514067 ], [ -95.384469584245522, 29.847291069964545 ], [ -95.384471381340688, 29.848064045123468 ] ] } },
{ "type": "Feature", "properties": { "OBJECTID": 5, "Full_Name": "AIRLINE DR", "Ped_Death_Count": 1, "Bike_Death_Count": 0, "Veh_Death_Count": 0, "Ped_Crash_Count": 3, "Bike_Crash_Count": 0, "Veh_Crash_Count": 9, "Total_Crash_Count": 12, "RoadLength": 2640.0, "Miles": 0.5, "CrashRate": 24.0, "Total_Death_Count": 1, "Shape__Length": 2640.0000238915723 }, "geometry": { "type": "LineString", "coordinates": [ [ -95.383997430514327, 29.826304362016192 ], [ -95.384007013326695, 29.826388302913795 ], [ -95.384081804121948, 29.82707718250623 ], [ -95.384189022036807, 29.827920061952131 ], [ -95.384259325124503, 29.828624562176781 ], [ -95.384267834436983, 29.828857337328827 ], [ -95.384310628542423, 29.829229175000258 ], [ -95.384348488355229, 29.829742500887306 ], [ -95.384353173126897, 29.830848377489108 ], [ -95.384381288052495, 29.831654913401753 ], [ -95.384391142651324, 29.832047697477268 ], [ -95.384399151120874, 29.832234599134107 ], [ -95.384393073767569, 29.832697203617219 ], [ -95.384391922380502, 29.833047431738766 ], [ -95.384391098861926, 29.833297904882073 ], [ -95.384390425636397, 29.833502927637305 ], [ -95.384390273262355, 29.833549224630072 ] ] } },
{ "type": "Feature", "properties": { "OBJECTID": 6, "Full_Name": "AIRLINE DR", "Ped_Death_Count": 0, "Bike_Death_Count": 1, "Veh_Death_Count": 0, "Ped_Crash_Count": 1, "Bike_Crash_Count": 1, "Veh_Crash_Count": 2, "Total_Crash_Count": 4, "RoadLength": 2640.0002, "Miles": 0.5, "CrashRate": 8.0, "Total_Death_Count": 1, "Shape__Length": 2640.0002157274625 }, "geometry": { "type": "LineString", "coordinates": [ [ -95.3847047669651, 29.86258156053086 ], [ -95.384709450372227, 29.862903104385364 ], [ -95.384729108181133, 29.863620709295795 ], [ -95.384735368776148, 29.864361283357042 ], [ -95.384739581539989, 29.8644570003773 ], [ -95.384813916441914, 29.867209401477886 ], [ -95.384840400953991, 29.868445956460381 ], [ -95.384850095316153, 29.86904228177854 ], [ -95.384855840482984, 29.869839977343627 ] ] } },
{ "type": "Feature", "properties": { "OBJECTID": 7, "Full_Name": "AIRLINE DR", "Ped_Death_Count": 1, "Bike_Death_Count": 0, "Veh_Death_Count": 1, "Ped_Crash_Count": 2, "Bike_Crash_Count": 0, "Veh_Crash_Count": 2, "Total_Crash_Count": 4, "RoadLength": 2639.9998, "Miles": 0.5, "CrashRate": 8.0, "Total_Death_Count": 2, "Shape__Length": 2639.999784647574 }, "geometry": { "type": "LineString", "coordinates": [ [ -95.384592097412252, 29.855322656141531 ], [ -95.384596376471265, 29.855605723952074 ], [ -95.38460690445244, 29.856097449535032 ], [ -95.384622702591273, 29.856753007626441 ], [ -95.38464428492675, 29.857721375031744 ], [ -95.384640054239298, 29.858603584732851 ], [ -95.384662183029207, 29.859439600999028 ], [ -95.384665248236985, 29.859962185435247 ], [ -95.384677312998733, 29.860683422577313 ], [ -95.384692209423406, 29.861719524660945 ], [ -95.3847047669651, 29.86258156053086 ] ] } },
{ "type": "Feature", "properties": { "OBJECTID": 8, "Full_Name": "AIRLINE DR", "Ped_Death_Count": 1, "Bike_Death_Count": 0, "Veh_Death_Count": 0, "Ped_Crash_Count": 3, "Bike_Crash_Count": 0, "Veh_Crash_Count": 1, "Total_Crash_Count": 4, "RoadLength": 2202.5221, "Miles": 0.4172, "CrashRate": 9.59, "Total_Death_Count": 1, "Shape__Length": 2202.5220962568796 }, "geometry": { "type": "LineString", "coordinates": [ [ -95.408019322521469, 29.923456454825221 ], [ -95.408140326113198, 29.923779032774849 ], [ -95.408264925377622, 29.924144497809728 ], [ -95.408556302672849, 29.924948499517889 ], [ -95.40872595273818, 29.925447447072056 ], [ -95.408994060878058, 29.926196663504143 ], [ -95.409500646239465, 29.92757194697387 ], [ -95.409756298172724, 29.928289251831771 ], [ -95.40985372057618, 29.928765031233777 ], [ -95.409862622616302, 29.929274056216133 ] ] } },
{ "type": "Feature", "properties": { "OBJECTID": 9, "Full_Name": "AIRPORT BLVD", "Ped_Death_Count": 1, "Bike_Death_Count": 0, "Veh_Death_Count": 0, "Ped_Crash_Count": 1, "Bike_Crash_Count": 0, "Veh_Crash_Count": 2, "Total_Crash_Count": 3, "RoadLength": 2639.9998, "Miles": 0.5, "CrashRate": 6.0, "Total_Death_Count": 1, "Shape__Length": 2639.999844617631 }, "geometry": { "type": "LineString", "coordinates": [ [ -95.40805844452963, 29.642590152847632 ], [ -95.40357275009805, 29.64272050890883 ], [ -95.402032206525178, 29.642923214955918 ], [ -95.400959738299122, 29.643062373094384 ], [ -95.399779274298453, 29.643088947554208 ] ] } },
{ "type": "Feature", "properties": { "OBJECTID": 10, "Full_Name": "AIRPORT BLVD", "Ped_Death_Count": 0, "Bike_Death_Count": 0, "Veh_Death_Count": 1, "Ped_Crash_Count": 1, "Bike_Crash_Count": 0, "Veh_Crash_Count": 4, "Total_Crash_Count": 5, "RoadLength": 2639.9998, "Miles": 0.5, "CrashRate": 10.0, "Total_Death_Count": 1, "Shape__Length": 2639.9998451190318 }, "geometry": { "type": "LineString", "coordinates": [ [ -95.391492897246451, 29.643528237835348 ], [ -95.387907792798046, 29.643571318195239 ], [ -95.387478313441889, 29.643579593833433 ], [ -95.386974621880427, 29.643589297658018 ], [ -95.386514585581224, 29.643598158920675 ], [ -95.384895918391493, 29.643645634066278 ], [ -95.383747073929243, 29.643646673989348 ], [ -95.38318372813734, 29.6436672864928 ] ] } },
{ "type": "Feature", "properties": { "OBJECTID": 11, "Full_Name": "AIRPORT BLVD", "Ped_Death_Count": 0, "Bike_Death_Count": 0, "Veh_Death_Count": 1, "Ped_Crash_Count": 1, "Bike_Crash_Count": 0, "Veh_Crash_Count": 8, "Total_Crash_Count": 9, "RoadLength": 2291.8765, "Miles": 0.4341, "CrashRate": 20.73, "Total_Death_Count": 1, "Shape__Length": 2291.8764829364441 }, "geometry": { "type": "LineString", "coordinates": [ [ -95.258103099945558, 29.652125317330825 ], [ -95.257768252544977, 29.652111875446661 ], [ -95.25737877483509, 29.652105432251492 ], [ -95.256996522602208, 29.652110314194388 ], [ -95.256146406714151, 29.652127692250502 ], [ -95.255357124507128, 29.652146425650255 ], [ -95.255004449565362, 29.652151073212799 ], [ -95.254414576058167, 29.652155982661494 ], [ -95.253756981537705, 29.652166960592794 ], [ -95.253436002895768, 29.652174383274666 ], [ -95.252922951469387, 29.652197512142028 ], [ -95.252548231475529, 29.652256462121176 ], [ -95.25221263217972, 29.652347334380263 ], [ -95.252107583607724, 29.65237508001297 ], [ -95.251805549633218, 29.652454848843128 ], [ -95.251593007424674, 29.652503591694426 ], [ -95.251393479815945, 29.652549349614059 ], [ -95.251375863940382, 29.652551967028618 ], [ -95.251187208219903, 29.652579996378396 ], [ -95.250949500783662, 29.652615313149035 ] ] } },
{ "type": "Feature", "properties": { "OBJECTID": 12, "Full_Name": "ALABAMA ST", "Ped_Death_Count": 0, "Bike_Death_Count": 0, "Veh_Death_Count": 0, "Ped_Crash_Count": 1, "Bike_Crash_Count": 0, "Veh_Crash_Count": 3, "Total_Crash_Count": 4, "RoadLength": 2640.0, "Miles": 0.5, "CrashRate": 8.0, "Total_Death_Count": 0, "Shape__Length": 2640.000023150018 }, "geometry": { "type": "LineString", "coordinates": [ [ -95.380835612690618, 29.738468638925156 ], [ -95.379979016411568, 29.737953150003296 ], [ -95.379539471104223, 29.737679243120088 ], [ -95.379109791492638, 29.73741148226231 ], [ -95.378268499251234, 29.736876012236976 ], [ -95.377858770890029, 29.736618155327083 ], [ -95.377422991149473, 29.736343903306892 ], [ -95.377139605549516, 29.736173137166418 ], [ -95.376566826241444, 29.735818426673362 ], [ -95.376036676543549, 29.735515051719791 ], [ -95.375887130215901, 29.735422073124429 ], [ -95.375695742534745, 29.735311656499434 ], [ -95.374637056373771, 29.734711604305755 ], [ -95.374006060871494, 29.734325699119466 ] ] } },
{ "type": "Feature", "properties": { "OBJECTID": 13, "Full_Name": "ALDINE BENDER RD", "Ped_Death_Count": 1, "Bike_Death_Count": 0, "Veh_Death_Count": 0, "Ped_Crash_Count": 2, "Bike_Crash_Count": 0, "Veh_Crash_Count": 5, "Total_Crash_Count": 7, "RoadLength": 2639.9999, "Miles": 0.5, "CrashRate": 14.0, "Total_Death_Count": 1, "Shape__Length": 2639.9999209097791 }, "geometry": { "type": "LineString", "coordinates": [ [ -95.412403375760988, 29.931812485803345 ], [ -95.411984646496876, 29.931796620787722 ], [ -95.411812910897993, 29.931790113851701 ], [ -95.411675614771355, 29.931784910974162 ], [ -95.411590239588563, 29.93178167637188 ], [ -95.411448866998782, 29.931776319153112 ], [ -95.411221594586294, 29.931767706603157 ], [ -95.410957953195577, 29.931753702959362 ], [ -95.409746657989317, 29.931689363557666 ], [ -95.40731173137732, 29.931721519671115 ], [ -95.406216196372739, 29.931741757783694 ], [ -95.404544194223604, 29.931741103297078 ], [ -95.404099519513125, 29.931743334493774 ], [ -95.404073015618621, 29.93174400636606 ] ] } },
{ "type": "Feature", "properties": { "OBJECTID": 14, "Full_Name": "ALDINE BENDER RD", "Ped_Death_Count": 0, "Bike_Death_Count": 0, "Veh_Death_Count": 1, "Ped_Crash_Count": 1, "Bike_Crash_Count": 1, "Veh_Crash_Count": 2, "Total_Crash_Count": 4, "RoadLength": 2640.0003, "Miles": 0.5, "CrashRate": 8.0, "Total_Death_Count": 1, "Shape__Length": 2640.0003082197372 }, "geometry": { "type": "LineString", "coordinates": [ [ -95.395738890767404, 29.931819902600417 ], [ -95.395539498141318, 29.931821295460079 ], [ -95.395462205148746, 29.931821835649899 ], [ -95.395390686724241, 29.93182233590268 ], [ -95.395360356423978, 29.931822547672603 ], [ -95.393128251280032, 29.931888920433092 ], [ -95.392354033408665, 29.931905193473042 ], [ -95.390988616139197, 29.931913776125398 ], [ -95.389579269179208, 29.931914397310475 ], [ -95.387405826666765, 29.931892987090222 ] ] } },
{ "type": "Feature", "properties": { "OBJECTID": 15, "Full_Name": "ALDINE BENDER RD", "Ped_Death_Count": 1, "Bike_Death_Count": 0, "Veh_Death_Count": 0, "Ped_Crash_Count": 1, "Bike_Crash_Count": 1, "Veh_Crash_Count": 2, "Total_Crash_Count": 4, "RoadLength": 2640.0, "Miles": 0.5, "CrashRate": 8.0, "Total_Death_Count": 1, "Shape__Length": 2639.9999504364268 }, "geometry": { "type": "LineString", "coordinates": [ [ -95.404073015618621, 29.93174400636606 ], [ -95.403272811740607, 29.931764299994249 ], [ -95.402124034087777, 29.931767380767653 ], [ -95.40006801166443, 29.93178958287001 ], [ -95.395738890767404, 29.931819902600417 ] ] } },
{ "type": "Feature", "properties": { "OBJECTID": 16, "Full_Name": "ALDINE WESTFIELD RD", "Ped_Death_Count": 0, "Bike_Death_Count": 0, "Veh_Death_Count": 0, "Ped_Crash_Count": 1, "Bike_Crash_Count": 0, "Veh_Crash_Count": 2, "Total_Crash_Count": 3, "RoadLength": 2639.9998, "Miles": 0.5, "CrashRate": 6.0, "Total_Death_Count": 0, "Shape__Length": 2639.9998236067713 }, "geometry": { "type": "LineString", "coordinates": [ [ -95.354607138367712, 29.876021237297888 ], [ -95.354831572689079, 29.876443348448859 ], [ -95.354832252868732, 29.876444630624814 ], [ -95.355226111537917, 29.877213020160806 ], [ -95.355226315738506, 29.877213421064262 ], [ -95.355244598095993, 29.877333741201348 ], [ -95.355259388935181, 29.877471667207182 ], [ -95.35526925659299, 29.877636963738599 ], [ -95.355261657476916, 29.8779665731413 ], [ -95.355261641610966, 29.877967074576961 ], [ -95.355225676749754, 29.87877047068735 ], [ -95.355225669226073, 29.878770594144562 ], [ -95.355196757272367, 29.879557836708784 ], [ -95.355196743847628, 29.879558154072431 ], [ -95.355175973311063, 29.880403631947637 ], [ -95.355172842935943, 29.880466381297097 ], [ -95.355151665918669, 29.881143932098851 ], [ -95.35508614515966, 29.882700609871787 ], [ -95.355083912268967, 29.883160022894344 ] ] } },
{ "type": "Feature", "properties": { "OBJECTID": 17, "Full_Name": "ALDINE WESTFIELD RD", "Ped_Death_Count": 0, "Bike_Death_Count": 0, "Veh_Death_Count": 0, "Ped_Crash_Count": 1, "Bike_Crash_Count": 0, "Veh_Crash_Count": 7, "Total_Crash_Count": 8, "RoadLength": 2640.0, "Miles": 0.5, "CrashRate": 16.0, "Total_Death_Count": 0, "Shape__Length": 2640.0000276958353 }, "geometry": { "type": "LineString", "coordinates": [ [ -95.351082827866335, 29.869443477225861 ], [ -95.351175976224638, 29.869614503468551 ], [ -95.351301090815909, 29.869854018688894 ], [ -95.351301228470518, 29.869854281491126 ], [ -95.351803814696098, 29.870808613057591 ], [ -95.351898411593282, 29.870991144300397 ], [ -95.351898883387491, 29.870992054355945 ], [ -95.35255861898581, 29.872200322763511 ], [ -95.352824523893347, 29.872695048598512 ], [ -95.353214082352096, 29.873437989935301 ], [ -95.353214247664809, 29.873438290495084 ], [ -95.353982541899981, 29.87487215341304 ], [ -95.353982635974859, 29.874872331984673 ], [ -95.354256569514817, 29.875366611661736 ], [ -95.354402484823268, 29.875647883091776 ], [ -95.354562109558245, 29.875936602643218 ], [ -95.35456288781333, 29.875938009342129 ], [ -95.354607138367712, 29.876021237297888 ] ] } },
{ "type": "Feature", "properties": { "OBJECTID": 18, "Full_Name": "ALDINE WESTFIELD RD", "Ped_Death_Count": 0, "Bike_Death_Count": 0, "Veh_Death_Count": 1, "Ped_Crash_Count": 1, "Bike_Crash_Count": 0, "Veh_Crash_Count": 2, "Total_Crash_Count": 3, "RoadLength": 2640.0001, "Miles": 0.5, "CrashRate": 6.0, "Total_Death_Count": 1, "Shape__Length": 2640.0000951797406 }, "geometry": { "type": "LineString", "coordinates": [ [ -95.355646724395868, 29.919439646521138 ], [ -95.355676972691271, 29.920461878284971 ], [ -95.355676978697304, 29.920462115838546 ], [ -95.355809206860712, 29.924086541417907 ], [ -95.355809225001607, 29.924087163818687 ], [ -95.355894567291941, 29.926696076079107 ] ] } },
{ "type": "Feature", "properties": { "OBJECTID": 19, "Full_Name": "ALMEDA GENOA RD", "Ped_Death_Count": 1, "Bike_Death_Count": 0, "Veh_Death_Count": 0, "Ped_Crash_Count": 1, "Bike_Crash_Count": 0, "Veh_Crash_Count": 2, "Total_Crash_Count": 3, "RoadLength": 2640.0001, "Miles": 0.5, "CrashRate": 6.0, "Total_Death_Count": 1, "Shape__Length": 2640.0001456704458 }, "geometry": { "type": "LineString", "coordinates": [ [ -95.411284120231969, 29.613738673048548 ], [ -95.40935809065796, 29.61376456987065 ], [ -95.40795415128413, 29.61378010354175 ], [ -95.406571461375435, 29.6137992975505 ], [ -95.405175940804241, 29.613819227529163 ], [ -95.404484831890329, 29.613829855968422 ], [ -95.402976181384602, 29.613843769290323 ] ] } },
{ "type": "Feature", "properties": { "OBJECTID": 20, "Full_Name": "ALMEDA GENOA RD", "Ped_Death_Count": 0, "Bike_Death_Count": 0, "Veh_Death_Count": 0, "Ped_Crash_Count": 1, "Bike_Crash_Count": 0, "Veh_Crash_Count": 2, "Total_Crash_Count": 3, "RoadLength": 2640.0, "Miles": 0.5, "CrashRate": 6.0, "Total_Death_Count": 0, "Shape__Length": 2640.000015516217 }, "geometry": { "type": "LineString", "coordinates": [ [ -95.237720868484672, 29.627593930396827 ], [ -95.236714078660754, 29.627608241356345 ], [ -95.234461589908392, 29.627636836868678 ], [ -95.234139546630431, 29.627640895307902 ], [ -95.233088984415673, 29.627652264462199 ], [ -95.232066293205122, 29.627662213831158 ], [ -95.231464254287687, 29.627668050552884 ], [ -95.230680023416838, 29.627676214602982 ], [ -95.229412041933472, 29.627645437556481 ] ] } },
{ "type": "Feature", "properties": { "OBJECTID": 21, "Full_Name": "ALMEDA RD", "Ped_Death_Count": 0, "Bike_Death_Count": 0, "Veh_Death_Count": 0, "Ped_Crash_Count": 1, "Bike_Crash_Count": 0, "Veh_Crash_Count": 3, "Total_Crash_Count": 4, "RoadLength": 2640.0002, "Miles": 0.5, "CrashRate": 8.0, "Total_Death_Count": 0, "Shape__Length": 2640.0001742559621 }, "geometry": { "type": "LineString", "coordinates": [ [ -95.374340297907665, 29.735417799976162 ], [ -95.374637056373771, 29.734711604305755 ], [ -95.374971798317702, 29.733960621614315 ], [ -95.375184374283137, 29.733344192961205 ], [ -95.375295326680344, 29.732985164228396 ], [ -95.375349088311765, 29.732811195481386 ], [ -95.375357890147399, 29.732782715136445 ], [ -95.375474093079902, 29.732406689271084 ], [ -95.375992209190642, 29.730856098461185 ], [ -95.376241808313509, 29.730109096056033 ], [ -95.376517872244193, 29.729346678259532 ], [ -95.376779779214402, 29.728596884435571 ], [ -95.376813413658482, 29.728490269643405 ] ] } },
{ "type": "Feature", "properties": { "OBJECTID": 22, "Full_Name": "ALMEDA RD", "Ped_Death_Count": 1, "Bike_Death_Count": 0, "Veh_Death_Count": 1, "Ped_Crash_Count": 1, "Bike_Crash_Count": 0, "Veh_Crash_Count": 2, "Total_Crash_Count": 3, "RoadLength": 2639.9999, "Miles": 0.5, "CrashRate": 6.0, "Total_Death_Count": 2, "Shape__Length": 2639.9998585409276 }, "geometry": { "type": "LineString", "coordinates": [ [ -95.417833300381517, 29.61803191720611 ], [ -95.418215982385064, 29.617066718666003 ], [ -95.418893137259786, 29.615372214783893 ], [ -95.419216889058859, 29.614564013155732 ], [ -95.419591815917059, 29.613628044232392 ], [ -95.420548483578528, 29.611170271187525 ] ] } },
{ "type": "Feature", "properties": { "OBJECTID": 23, "Full_Name": "ALMEDA RD", "Ped_Death_Count": 0, "Bike_Death_Count": 0, "Veh_Death_Count": 0, "Ped_Crash_Count": 1, "Bike_Crash_Count": 1, "Veh_Crash_Count": 3, "Total_Crash_Count": 5, "RoadLength": 2640.0, "Miles": 0.5, "CrashRate": 10.0, "Total_Death_Count": 0, "Shape__Length": 2639.9999666195254 }, "geometry": { "type": "LineString", "coordinates": [ [ -95.38628134417695, 29.700654135121997 ], [ -95.386457785987005, 29.700126263607356 ], [ -95.386817839798212, 29.699080561481292 ], [ -95.386890398382107, 29.69887835798108 ], [ -95.3873153073244, 29.697643320099345 ], [ -95.387378425931288, 29.697443816101849 ], [ -95.387890630785023, 29.69600953719749 ], [ -95.38808150691986, 29.695425680473445 ], [ -95.38817700082771, 29.695133582447138 ], [ -95.388259553821129, 29.694912847646766 ], [ -95.388482514063668, 29.694244545376701 ], [ -95.388617117498967, 29.693872952232866 ], [ -95.388674875873591, 29.693701645283085 ] ] } },
{ "type": "Feature", "properties": { "OBJECTID": 24, "Full_Name": "ANTOINE DR", "Ped_Death_Count": 0, "Bike_Death_Count": 0, "Veh_Death_Count": 3, "Ped_Crash_Count": 1, "Bike_Crash_Count": 0, "Veh_Crash_Count": 3, "Total_Crash_Count": 4, "RoadLength": 2639.9999, "Miles": 0.5, "CrashRate": 8.0, "Total_Death_Count": 3, "Shape__Length": 2639.999911678678 }, "geometry": { "type": "LineString", "coordinates": [ [ -95.475422115767188, 29.778978797022237 ], [ -95.475506994475296, 29.781170736379533 ], [ -95.47553594407573, 29.782773100343519 ], [ -95.475550668529493, 29.783176133401859 ], [ -95.475524718730071, 29.783680044082775 ], [ -95.475516841836239, 29.783786528448545 ], [ -95.475509943535471, 29.783879756265598 ], [ -95.475503579381353, 29.783965791486136 ], [ -95.475505961522416, 29.784341147298264 ], [ -95.475546405959335, 29.784846866003452 ], [ -95.475601342498592, 29.785103406981804 ], [ -95.475717315820901, 29.785429923832147 ], [ -95.475893302497269, 29.785855847832192 ], [ -95.475957291030227, 29.786103334834454 ], [ -95.475976450474221, 29.7861801960542 ] ] } },
{ "type": "Feature", "properties": { "OBJECTID": 25, "Full_Name": "ANTOINE DR", "Ped_Death_Count": 0, "Bike_Death_Count": 0, "Veh_Death_Count": 1, "Ped_Crash_Count": 3, "Bike_Crash_Count": 0, "Veh_Crash_Count": 2, "Total_Crash_Count": 5, "RoadLength": 2640.0001, "Miles": 0.5, "CrashRate": 10.0, "Total_Death_Count": 1, "Shape__Length": 2640.0001181334146 }, "geometry": { "type": "LineString", "coordinates": [ [ -95.473226490505525, 29.843587191196221 ], [ -95.473228151917198, 29.84371571920947 ], [ -95.473225436948724, 29.843910252638054 ], [ -95.473225866393463, 29.844286147271177 ], [ -95.473226080087471, 29.84447521650063 ], [ -95.473223149699834, 29.845269010432876 ], [ -95.473227717661715, 29.84590980792564 ], [ -95.473228270413443, 29.846393212016508 ], [ -95.473228582750707, 29.846668061406824 ], [ -95.473234842617344, 29.8469941933139 ], [ -95.473299546902396, 29.847580065175435 ], [ -95.473294270260723, 29.848878196974745 ], [ -95.473316641751722, 29.849975900526221 ], [ -95.473317112426827, 29.850844049026659 ] ] } },
{ "type": "Feature", "properties": { "OBJECTID": 26, "Full_Name": "ANTOINE DR", "Ped_Death_Count": 1, "Bike_Death_Count": 0, "Veh_Death_Count": 1, "Ped_Crash_Count": 1, "Bike_Crash_Count": 0, "Veh_Crash_Count": 7, "Total_Crash_Count": 8, "RoadLength": 2640.0001, "Miles": 0.5, "CrashRate": 16.0, "Total_Death_Count": 2, "Shape__Length": 2640.0001014243931 }, "geometry": { "type": "LineString", "coordinates": [ [ -95.473018304670873, 29.836332002424424 ], [ -95.473019451971595, 29.836342768384458 ], [ -95.473073998382603, 29.836820380231746 ], [ -95.473114013290171, 29.837616342619224 ], [ -95.473120712495188, 29.837915299152861 ], [ -95.473180083647776, 29.839027655205744 ], [ -95.473190950753974, 29.840339650498297 ], [ -95.473195400125817, 29.840953851941165 ], [ -95.473196195455301, 29.841599332257491 ], [ -95.473206023853734, 29.842280911099845 ], [ -95.473218261713157, 29.842926461897651 ], [ -95.473219640893774, 29.84305716144025 ], [ -95.473226490505525, 29.843587191196221 ] ] } },
{ "type": "Feature", "properties": { "OBJECTID": 27, "Full_Name": "ANTOINE DR", "Ped_Death_Count": 0, "Bike_Death_Count": 0, "Veh_Death_Count": 1, "Ped_Crash_Count": 1, "Bike_Crash_Count": 0, "Veh_Crash_Count": 2, "Total_Crash_Count": 3, "RoadLength": 2639.9998, "Miles": 0.5, "CrashRate": 6.0, "Total_Death_Count": 1, "Shape__Length": 2639.9997759217667 }, "geometry": { "type": "LineString", "coordinates": [ [ -95.473815436772043, 29.879738377856512 ], [ -95.473831276789241, 29.880749131813435 ], [ -95.473856408194095, 29.882403768280664 ], [ -95.473874961552241, 29.883091426324064 ], [ -95.47390129770821, 29.884306902107827 ], [ -95.473911044625524, 29.884808280892692 ], [ -95.473943797793993, 29.885354996569927 ], [ -95.47407416348895, 29.886025903806921 ], [ -95.474349401100355, 29.886758196834986 ], [ -95.474441309588101, 29.886931200219198 ] ] } },
{ "type": "Feature", "properties": { "OBJECTID": 28, "Full_Name": "ANTOINE DR", "Ped_Death_Count": 1, "Bike_Death_Count": 0, "Veh_Death_Count": 0, "Ped_Crash_Count": 2, "Bike_Crash_Count": 0, "Veh_Crash_Count": 2, "Total_Crash_Count": 4, "RoadLength": 2639.9999, "Miles": 0.5, "CrashRate": 8.0, "Total_Death_Count": 1, "Shape__Length": 2639.9999247699866 }, "geometry": { "type": "LineString", "coordinates": [ [ -95.473343015613622, 29.858101741194506 ], [ -95.473345237408424, 29.859439512925835 ], [ -95.47334947408801, 29.85961111492189 ], [ -95.473416449133481, 29.860429510641513 ], [ -95.473415391045563, 29.861111114213291 ], [ -95.473414552916154, 29.861652391200877 ], [ -95.473413914852117, 29.862064569679013 ], [ -95.473411998734889, 29.863301219377441 ], [ -95.473335750878533, 29.864158700219708 ], [ -95.473314489660652, 29.864321535139393 ], [ -95.473292626511906, 29.864389040892075 ], [ -95.473194846334806, 29.864774277269067 ], [ -95.473018912909041, 29.86532281300552 ] ] } },
{ "type": "Feature", "properties": { "OBJECTID": 29, "Full_Name": "ARLINGTON SQUARE DR", "Ped_Death_Count": 1, "Bike_Death_Count": 0, "Veh_Death_Count": 0, "Ped_Crash_Count": 1, "Bike_Crash_Count": 0, "Veh_Crash_Count": 1, "Total_Crash_Count": 2, "RoadLength": 1994.3246, "Miles": 0.3777, "CrashRate": 5.3, "Total_Death_Count": 1, "Shape__Length": 1994.3245711193217 }, "geometry": { "type": "LineString", "coordinates": [ [ -95.219963941004991, 29.648635005150556 ], [ -95.219735368266598, 29.648350394082332 ], [ -95.219416923400431, 29.648151310693883 ], [ -95.219246877736225, 29.647966776521617 ], [ -95.219171396147274, 29.647860590216776 ], [ -95.219142240871321, 29.647788249639735 ], [ -95.219039254660743, 29.647532714061636 ], [ -95.218906709529179, 29.647258747294213 ], [ -95.218699767553389, 29.647061777500085 ], [ -95.218446482320218, 29.646948985611633 ], [ -95.218145675973688, 29.646802808927745 ], [ -95.217885316111776, 29.646565111935494 ], [ -95.217787411266315, 29.646464673392884 ], [ -95.217203398493908, 29.645793244218591 ], [ -95.217126235564209, 29.645536166353132 ], [ -95.217039422381362, 29.645266602599559 ], [ -95.216244074400265, 29.64438604434055 ] ] } },
{ "type": "Feature", "properties": { "OBJECTID": 30, "Full_Name": "AVE C", "Ped_Death_Count": 0, "Bike_Death_Count": 0, "Veh_Death_Count": 0, "Ped_Crash_Count": 1, "Bike_Crash_Count": 1, "Veh_Crash_Count": 0, "Total_Crash_Count": 2, "RoadLength": 2263.4404, "Miles": 0.4287, "CrashRate": 4.67, "Total_Death_Count": 0, "Shape__Length": 2263.4403967718176 }, "geometry": { "type": "LineString", "coordinates": [ [ -95.304058403619237, 29.737718207222844 ], [ -95.303741513621844, 29.737621609093448 ], [ -95.30179747843799, 29.737000000535772 ], [ -95.299533935765595, 29.736282479454083 ], [ -95.299484062838587, 29.736201476459222 ], [ -95.299441988230342, 29.736158419474936 ], [ -95.298076916858363, 29.735724016578096 ], [ -95.297843642897618, 29.735738296640513 ], [ -95.29740241409749, 29.735854613490769 ] ] } },
{ "type": "Feature", "properties": { "OBJECTID": 31, "Full_Name": "BANJO ST", "Ped_Death_Count": 0, "Bike_Death_Count": 0, "Veh_Death_Count": 0, "Ped_Crash_Count": 2, "Bike_Crash_Count": 0, "Veh_Crash_Count": 1, "Total_Crash_Count": 3, "RoadLength": 2459.0158, "Miles": 0.4657, "CrashRate": 6.44, "Total_Death_Count": 0, "Shape__Length": 2459.0158128901644 }, "geometry": { "type": "LineString", "coordinates": [ [ -95.414807263491397, 29.868417071950176 ], [ -95.414843535603168, 29.869069682660232 ], [ -95.414843597306373, 29.869688070901887 ], [ -95.41485653247986, 29.870077650682124 ], [ -95.414878812351247, 29.870932139355936 ], [ -95.414884932378968, 29.871931527663417 ], [ -95.414896552875206, 29.872750626944224 ], [ -95.414910633829891, 29.873564118763397 ], [ -95.414924165455986, 29.874394612873143 ], [ -95.414927134743493, 29.87507467197414 ], [ -95.414939398557806, 29.875123770328521 ], [ -95.414965702355374, 29.875171369129561 ] ] } },
{ "type": "Feature", "properties": { "OBJECTID": 32, "Full_Name": "BAUMAN RD", "Ped_Death_Count": 0, "Bike_Death_Count": 0, "Veh_Death_Count": 0, "Ped_Crash_Count": 1, "Bike_Crash_Count": 0, "Veh_Crash_Count": 2, "Total_Crash_Count": 3, "RoadLength": 2639.9999, "Miles": 0.5, "CrashRate": 6.0, "Total_Death_Count": 0, "Shape__Length": 2639.9998820542696 }, "geometry": { "type": "LineString", "coordinates": [ [ -95.372111921221887, 29.864941073845763 ], [ -95.372115771783228, 29.865422458990601 ], [ -95.37214651952182, 29.866272810577406 ], [ -95.372023546219978, 29.866641960659766 ], [ -95.371958321275841, 29.866789604686033 ], [ -95.371911407554038, 29.866965481987251 ], [ -95.371882075313536, 29.867161322735289 ], [ -95.371876809389406, 29.867423357586151 ], [ -95.371915316306087, 29.86886454182121 ], [ -95.371937899322305, 29.870210451081547 ], [ -95.371964541942717, 29.871274293809392 ], [ -95.371987238930288, 29.871548122023903 ], [ -95.372007575387315, 29.87176311484432 ], [ -95.372042163987601, 29.87195024149317 ], [ -95.372064282995495, 29.87211520425052 ], [ -95.372068571462577, 29.872162306932946 ] ] } },
{ "type": "Feature", "properties": { "OBJECTID": 33, "Full_Name": "BEECHNUT ST", "Ped_Death_Count": 0, "Bike_Death_Count": 0, "Veh_Death_Count": 1, "Ped_Crash_Count": 4, "Bike_Crash_Count": 0, "Veh_Crash_Count": 4, "Total_Crash_Count": 8, "RoadLength": 2640.0, "Miles": 0.5, "CrashRate": 16.0, "Total_Death_Count": 1, "Shape__Length": 2639.999979255746 }, "geometry": { "type": "LineString", "coordinates": [ [ -95.592807511858439, 29.688901326281989 ], [ -95.592878931561387, 29.688907500541429 ], [ -95.593600074428224, 29.688997821737232 ], [ -95.593986945445991, 29.689048791218632 ], [ -95.595904974470741, 29.68908729910844 ], [ -95.598404243029847, 29.689047673489906 ], [ -95.600365983932761, 29.689079152938373 ], [ -95.601108506690323, 29.689053094749514 ] ] } },
{ "type": "Feature", "properties": { "OBJECTID": 34, "Full_Name": "BEECHNUT ST", "Ped_Death_Count": 2, "Bike_Death_Count": 0, "Veh_Death_Count": 0, "Ped_Crash_Count": 7, "Bike_Crash_Count": 0, "Veh_Crash_Count": 2, "Total_Crash_Count": 9, "RoadLength": 2639.9998, "Miles": 0.5, "CrashRate": 18.0, "Total_Death_Count": 2, "Shape__Length": 2639.9998353959077 }, "geometry": { "type": "LineString", "coordinates": [ [ -95.568054775372218, 29.688831439393933 ], [ -95.568195392779117, 29.688801266646333 ], [ -95.569530223052467, 29.688510350267194 ], [ -95.570256407341148, 29.688374438114938 ], [ -95.571218078804449, 29.688177003442991 ], [ -95.571927020566775, 29.688086393671703 ], [ -95.571994742750661, 29.6880790631472 ], [ -95.572573672865857, 29.688069546037738 ], [ -95.572995971488353, 29.68806733326268 ], [ -95.574027256800292, 29.688049248532099 ], [ -95.574650521145969, 29.68804466769317 ], [ -95.575485453452387, 29.688038654574445 ], [ -95.575924341448058, 29.68803961619605 ], [ -95.576273309141271, 29.688044870110037 ] ] } },
{ "type": "Feature", "properties": { "OBJECTID": 35, "Full_Name": "BEECHNUT ST", "Ped_Death_Count": 1, "Bike_Death_Count": 0, "Veh_Death_Count": 0, "Ped_Crash_Count": 1, "Bike_Crash_Count": 0, "Veh_Crash_Count": 3, "Total_Crash_Count": 4, "RoadLength": 2640.0, "Miles": 0.5, "CrashRate": 8.0, "Total_Death_Count": 1, "Shape__Length": 2640.0000221661835 }, "geometry": { "type": "LineString", "coordinates": [ [ -95.559818424103213, 29.689659708455448 ], [ -95.560080822036568, 29.689657060292035 ], [ -95.561976318708375, 29.689376401459324 ], [ -95.56275907005994, 29.689252936355487 ], [ -95.563875688268624, 29.689227922877198 ], [ -95.564152317259015, 29.689227103252684 ], [ -95.564406293876416, 29.689225704571854 ], [ -95.56558041697491, 29.689194453698846 ], [ -95.565915898798181, 29.68916941833141 ], [ -95.567148470187135, 29.689015105839822 ], [ -95.567562293611999, 29.688932822028313 ], [ -95.567791091202437, 29.688888018992291 ], [ -95.568054775372218, 29.688831439393933 ] ] } },
{ "type": "Feature", "properties": { "OBJECTID": 36, "Full_Name": "BEECHNUT ST", "Ped_Death_Count": 1, "Bike_Death_Count": 0, "Veh_Death_Count": 1, "Ped_Crash_Count": 1, "Bike_Crash_Count": 0, "Veh_Crash_Count": 10, "Total_Crash_Count": 11, "RoadLength": 2640.0, "Miles": 0.5, "CrashRate": 22.0, "Total_Death_Count": 2, "Shape__Length": 2639.9999506990221 }, "geometry": { "type": "LineString", "coordinates": [ [ -95.551710397562061, 29.690097816948661 ], [ -95.552287357532919, 29.689883687918272 ], [ -95.55275236633365, 29.689744097527132 ], [ -95.553836825965931, 29.689401663547237 ], [ -95.55450613920317, 29.689284547385615 ], [ -95.554857735123377, 29.689230788153942 ], [ -95.555331865707558, 29.689215023984509 ], [ -95.555431704952952, 29.689213962790266 ], [ -95.556080111451223, 29.689223384633625 ], [ -95.556873476666837, 29.689321212866989 ], [ -95.557122592850462, 29.689355689456463 ], [ -95.557279590897465, 29.689387280910189 ], [ -95.55747442824557, 29.689426486612213 ], [ -95.557910004224965, 29.689514133140293 ], [ -95.558831036744948, 29.689632833739982 ], [ -95.559528343337405, 29.689662635035358 ], [ -95.559818424103213, 29.689659708455448 ] ] } },
{ "type": "Feature", "properties": { "OBJECTID": 37, "Full_Name": "BEECHNUT ST", "Ped_Death_Count": 3, "Bike_Death_Count": 0, "Veh_Death_Count": 0, "Ped_Crash_Count": 5, "Bike_Crash_Count": 0, "Veh_Crash_Count": 1, "Total_Crash_Count": 6, "RoadLength": 2640.0002, "Miles": 0.5, "CrashRate": 12.0, "Total_Death_Count": 3, "Shape__Length": 2640.0002279080322 }, "geometry": { "type": "LineString", "coordinates": [ [ -95.543461821956271, 29.690596580251306 ], [ -95.54561106245211, 29.69056592355588 ], [ -95.546266551939695, 29.690560909298185 ], [ -95.546424561269774, 29.690561354208658 ], [ -95.546794059656946, 29.690560828960663 ], [ -95.548026049677304, 29.690548197000243 ], [ -95.549245036723391, 29.690532421343139 ], [ -95.549423945337637, 29.690529771770318 ], [ -95.549719558075964, 29.690519236899146 ], [ -95.550090816916992, 29.690485234659896 ], [ -95.550425295570761, 29.690432127271055 ], [ -95.550621802891214, 29.690400882477366 ], [ -95.551196300327078, 29.690259553100404 ], [ -95.551608016370722, 29.690135813695964 ], [ -95.551710397562061, 29.690097816948661 ] ] } },
{ "type": "Feature", "properties": { "OBJECTID": 38, "Full_Name": "BEECHNUT ST", "Ped_Death_Count": 1, "Bike_Death_Count": 0, "Veh_Death_Count": 1, "Ped_Crash_Count": 1, "Bike_Crash_Count": 0, "Veh_Crash_Count": 2, "Total_Crash_Count": 3, "RoadLength": 2640.0, "Miles": 0.5, "CrashRate": 6.0, "Total_Death_Count": 2, "Shape__Length": 2640.000042423138 }, "geometry": { "type": "LineString", "coordinates": [ [ -95.510950150446305, 29.69182762473627 ], [ -95.513074493129693, 29.691187808443036 ], [ -95.513821325709728, 29.691108389550518 ], [ -95.515778620094224, 29.691092301966901 ], [ -95.516412455487853, 29.691087480431808 ], [ -95.517730186813509, 29.691064085781793 ], [ -95.518241947020925, 29.691081849727006 ], [ -95.518774915692163, 29.691128876323543 ], [ -95.519125328526783, 29.69119502048742 ] ] } },
{ "type": "Feature", "properties": { "OBJECTID": 39, "Full_Name": "BEECHNUT ST", "Ped_Death_Count": 0, "Bike_Death_Count": 0, "Veh_Death_Count": 0, "Ped_Crash_Count": 1, "Bike_Crash_Count": 0, "Veh_Crash_Count": 2, "Total_Crash_Count": 3, "RoadLength": 2640.0001, "Miles": 0.5, "CrashRate": 6.0, "Total_Death_Count": 0, "Shape__Length": 2640.0001472778804 }, "geometry": { "type": "LineString", "coordinates": [ [ -95.454176520974542, 29.689158847421407 ], [ -95.454602850167333, 29.689169416879253 ], [ -95.455803490651078, 29.689145089385839 ], [ -95.457075178529465, 29.689130028344618 ], [ -95.457305932423367, 29.689127294833273 ], [ -95.457685658522564, 29.689168548650215 ], [ -95.458531015278425, 29.689215432210645 ], [ -95.458838828524804, 29.689226400131627 ], [ -95.459075421906618, 29.689234829578126 ], [ -95.45944613504895, 29.689248038030694 ], [ -95.460530735639864, 29.689228942260097 ], [ -95.461623422760255, 29.6892017108099 ], [ -95.462484443962353, 29.689180246512553 ] ] } },
{ "type": "Feature", "properties": { "OBJECTID": 40, "Full_Name": "BELLAIRE BLVD", "Ped_Death_Count": 0, "Bike_Death_Count": 0, "Veh_Death_Count": 0, "Ped_Crash_Count": 1, "Bike_Crash_Count": 0, "Veh_Crash_Count": 5, "Total_Crash_Count": 6, "RoadLength": 2603.1849, "Miles": 0.493, "CrashRate": 12.17, "Total_Death_Count": 0, "Shape__Length": 2603.1848549430088 }, "geometry": { "type": "LineString", "coordinates": [ [ -95.611718910432984, 29.703455269075882 ], [ -95.614582987051776, 29.703501991884014 ], [ -95.614765438960106, 29.703504967427872 ], [ -95.615999600020984, 29.703530876636254 ], [ -95.616373859690924, 29.70353873254955 ], [ -95.616975389934623, 29.703551355592857 ], [ -95.619915184678149, 29.703611963052094 ], [ -95.619917083450829, 29.703612010071968 ] ] } },
{ "type": "Feature", "properties": { "OBJECTID": 41, "Full_Name": "BELLAIRE BLVD", "Ped_Death_Count": 0, "Bike_Death_Count": 0, "Veh_Death_Count": 0, "Ped_Crash_Count": 2, "Bike_Crash_Count": 0, "Veh_Crash_Count": 3, "Total_Crash_Count": 5, "RoadLength": 2639.9999, "Miles": 0.5, "CrashRate": 10.0, "Total_Death_Count": 0, "Shape__Length": 2639.9999004517244 }, "geometry": { "type": "LineString", "coordinates": [ [ -95.586774500786689, 29.703744353459633 ], [ -95.586910608358892, 29.703742465157919 ], [ -95.587155079962358, 29.703733471604391 ], [ -95.587862842683563, 29.703740486655537 ], [ -95.588878690085664, 29.703714707230354 ], [ -95.589215039684092, 29.703704351101749 ], [ -95.589675930557377, 29.703697167388679 ], [ -95.589919911911721, 29.703693919601058 ], [ -95.592571230171032, 29.70365733472558 ], [ -95.5933841925265, 29.703648411141494 ], [ -95.593724755654549, 29.703645418848563 ], [ -95.595006962515754, 29.703631411319162 ], [ -95.595089102439943, 29.703630224950956 ] ] } },
{ "type": "Feature", "properties": { "OBJECTID": 42, "Full_Name": "BELLAIRE BLVD", "Ped_Death_Count": 1, "Bike_Death_Count": 0, "Veh_Death_Count": 1, "Ped_Crash_Count": 1, "Bike_Crash_Count": 0, "Veh_Crash_Count": 2, "Total_Crash_Count": 3, "RoadLength": 2639.9999, "Miles": 0.5, "CrashRate": 6.0, "Total_Death_Count": 2, "Shape__Length": 2639.9998777365458 }, "geometry": { "type": "LineString", "coordinates": [ [ -95.55353789845303, 29.704703823746215 ], [ -95.556603924574901, 29.704538338079601 ], [ -95.556774062130927, 29.704528620500941 ], [ -95.557201507196552, 29.704509985901186 ], [ -95.55737904501413, 29.704502245917727 ], [ -95.557817559953534, 29.704483126675878 ], [ -95.560193578272575, 29.704367715161752 ], [ -95.561701747955908, 29.704288054810021 ], [ -95.561839906051532, 29.704280756571837 ] ] } },
{ "type": "Feature", "properties": { "OBJECTID": 43, "Full_Name": "BELLAIRE BLVD", "Ped_Death_Count": 1, "Bike_Death_Count": 0, "Veh_Death_Count": 1, "Ped_Crash_Count": 3, "Bike_Crash_Count": 0, "Veh_Crash_Count": 2, "Total_Crash_Count": 5, "RoadLength": 2640.0001, "Miles": 0.5, "CrashRate": 10.0, "Total_Death_Count": 2, "Shape__Length": 2640.0001037728889 }, "geometry": { "type": "LineString", "coordinates": [ [ -95.545228880333312, 29.704938872657866 ], [ -95.545294354329371, 29.704938766284162 ], [ -95.545728908061648, 29.70493722820639 ], [ -95.545933414997151, 29.704936128386414 ], [ -95.546385353883053, 29.704905362315245 ], [ -95.546517570793085, 29.704903550059846 ], [ -95.546683104478063, 29.704901278915493 ], [ -95.547285578324463, 29.704900879278547 ], [ -95.54824256091122, 29.704890492068088 ], [ -95.549765428519848, 29.70488193077318 ], [ -95.550724499160239, 29.704850325228275 ], [ -95.55146035297129, 29.70481591684559 ], [ -95.55353789845303, 29.704703823746215 ] ] } },
{ "type": "Feature", "properties": { "OBJECTID": 44, "Full_Name": "BELLAIRE BLVD", "Ped_Death_Count": 1, "Bike_Death_Count": 0, "Veh_Death_Count": 2, "Ped_Crash_Count": 2, "Bike_Crash_Count": 0, "Veh_Crash_Count": 6, "Total_Crash_Count": 8, "RoadLength": 2639.9999, "Miles": 0.5, "CrashRate": 16.0, "Total_Death_Count": 3, "Shape__Length": 2639.9999268919205 }, "geometry": { "type": "LineString", "coordinates": [ [ -95.536913263626928, 29.705012167527716 ], [ -95.537578850220399, 29.705007089823539 ], [ -95.537978826429878, 29.704998433037662 ], [ -95.539945629249459, 29.704974750304046 ], [ -95.541223125191948, 29.704960690238416 ], [ -95.542508169361426, 29.704946533954427 ], [ -95.542745402629734, 29.704949472906463 ], [ -95.543912601646284, 29.704938933254322 ], [ -95.544188349385095, 29.704940556411522 ], [ -95.545228880333312, 29.704938872657866 ] ] } },
{ "type": "Feature", "properties": { "OBJECTID": 45, "Full_Name": "BELLAIRE BLVD", "Ped_Death_Count": 1, "Bike_Death_Count": 0, "Veh_Death_Count": 0, "Ped_Crash_Count": 3, "Bike_Crash_Count": 0, "Veh_Crash_Count": 3, "Total_Crash_Count": 6, "RoadLength": 2640.0, "Miles": 0.5, "CrashRate": 12.0, "Total_Death_Count": 1, "Shape__Length": 2639.999951681285 }, "geometry": { "type": "LineString", "coordinates": [ [ -95.528598531600991, 29.705088894145121 ], [ -95.530259554067968, 29.705076386266871 ], [ -95.531108947287365, 29.705044823397859 ], [ -95.532238552415038, 29.705045028645426 ], [ -95.532744885393939, 29.705047617171743 ], [ -95.533492508261986, 29.705040329277377 ], [ -95.534355395510246, 29.705048904328578 ], [ -95.535271564593145, 29.705027036875926 ], [ -95.535945631295149, 29.705014091783596 ], [ -95.536150782404604, 29.705017979954469 ], [ -95.536913263626928, 29.705012167527716 ] ] } },
{ "type": "Feature", "properties": { "OBJECTID": 46, "Full_Name": "BELLAIRE BLVD", "Ped_Death_Count": 1, "Bike_Death_Count": 1, "Veh_Death_Count": 2, "Ped_Crash_Count": 3, "Bike_Crash_Count": 2, "Veh_Crash_Count": 6, "Total_Crash_Count": 11, "RoadLength": 2640.0001, "Miles": 0.5, "CrashRate": 22.0, "Total_Death_Count": 4, "Shape__Length": 2640.0001304795305 }, "geometry": { "type": "LineString", "coordinates": [ [ -95.520283411066615, 29.705170312204597 ], [ -95.52056185513878, 29.705169662037424 ], [ -95.521302894286151, 29.705139241008968 ], [ -95.52486448289163, 29.705119094989865 ], [ -95.525246251164759, 29.705116930596908 ], [ -95.525628991352249, 29.705112547262054 ], [ -95.526350786344977, 29.705102647848399 ], [ -95.526559079994456, 29.705099181805309 ], [ -95.527462210848611, 29.705100500069214 ], [ -95.528357277165924, 29.705090709197528 ], [ -95.528598531600991, 29.705088894145121 ] ] } },
{ "type": "Feature", "properties": { "OBJECTID": 47, "Full_Name": "BELLAIRE BLVD", "Ped_Death_Count": 0, "Bike_Death_Count": 0, "Veh_Death_Count": 0, "Ped_Crash_Count": 1, "Bike_Crash_Count": 0, "Veh_Crash_Count": 2, "Total_Crash_Count": 3, "RoadLength": 2640.0, "Miles": 0.5, "CrashRate": 6.0, "Total_Death_Count": 0, "Shape__Length": 2640.0000027151705 }, "geometry": { "type": "LineString", "coordinates": [ [ -95.504112010055934, 29.705060836256074 ], [ -95.504414113340175, 29.704982889054822 ], [ -95.504781752398614, 29.704914692378303 ], [ -95.505201535564808, 29.704762206769708 ], [ -95.505632152781658, 29.704592066941007 ], [ -95.506326314947572, 29.704332424529429 ], [ -95.506539233145148, 29.704261062359265 ], [ -95.507068354184511, 29.704103940166277 ], [ -95.507865691244731, 29.70395285693202 ], [ -95.50876234160387, 29.703824370652629 ], [ -95.509683677351376, 29.703794502347542 ], [ -95.510043263014396, 29.703806288952741 ], [ -95.510669779139505, 29.703839802413629 ], [ -95.511235217448601, 29.703879034175365 ], [ -95.512156095468782, 29.70409842630518 ] ] } },
{ "type": "Feature", "properties": { "OBJECTID": 48, "Full_Name": "BELLAIRE BLVD", "Ped_Death_Count": 0, "Bike_Death_Count": 0, "Veh_Death_Count": 0, "Ped_Crash_Count": 1, "Bike_Crash_Count": 0, "Veh_Crash_Count": 3, "Total_Crash_Count": 4, "RoadLength": 2640.0001, "Miles": 0.5, "CrashRate": 8.0, "Total_Death_Count": 0, "Shape__Length": 2640.0000791191333 }, "geometry": { "type": "LineString", "coordinates": [ [ -95.487513488456571, 29.705521352266814 ], [ -95.488811182469135, 29.705506436651152 ], [ -95.489577117384428, 29.705495146584184 ], [ -95.490896229050122, 29.70547176823926 ], [ -95.491740559625939, 29.705465039227001 ], [ -95.493050106503816, 29.705452646096163 ], [ -95.49430062377985, 29.705455392211558 ], [ -95.494645583465498, 29.705457570565994 ], [ -95.495171366436963, 29.705461774193484 ], [ -95.495828916833091, 29.705446815781354 ] ] } },
{ "type": "Feature", "properties": { "OBJECTID": 49, "Full_Name": "BELLAIRE BLVD", "Ped_Death_Count": 1, "Bike_Death_Count": 1, "Veh_Death_Count": 0, "Ped_Crash_Count": 1, "Bike_Crash_Count": 1, "Veh_Crash_Count": 5, "Total_Crash_Count": 7, "RoadLength": 2640.0, "Miles": 0.5, "CrashRate": 14.0, "Total_Death_Count": 2, "Shape__Length": 2640.0000144144637 }, "geometry": { "type": "LineString", "coordinates": [ [ -95.479198423546677, 29.705610922559309 ], [ -95.479752358912592, 29.705604742928269 ], [ -95.480449965703343, 29.705596955174869 ], [ -95.48090829219818, 29.705592952817625 ], [ -95.481511004467876, 29.705582216468574 ], [ -95.481899717322335, 29.705562480033439 ], [ -95.482540136283944, 29.705558212302162 ], [ -95.484629636297029, 29.705530634717082 ], [ -95.485854675382839, 29.705530544173644 ], [ -95.486719341136606, 29.705530474181767 ], [ -95.487508833786521, 29.705521405301081 ], [ -95.487513488456571, 29.705521352266814 ] ] } },
{ "type": "Feature", "properties": { "OBJECTID": 50, "Full_Name": "BELLE PARK DR", "Ped_Death_Count": 0, "Bike_Death_Count": 0, "Veh_Death_Count": 0, "Ped_Crash_Count": 1, "Bike_Crash_Count": 0, "Veh_Crash_Count": 3, "Total_Crash_Count": 4, "RoadLength": 2640.0, "Miles": 0.5, "CrashRate": 8.0, "Total_Death_Count": 0, "Shape__Length": 2639.999994824972 }, "geometry": { "type": "LineString", "coordinates": [ [ -95.583154970764028, 29.705248500637847 ], [ -95.583144613100373, 29.704741834617028 ], [ -95.583129845400734, 29.703942165951052 ], [ -95.583127076680299, 29.703776644032647 ], [ -95.583087598160517, 29.703195785051971 ], [ -95.582979718563067, 29.702421619884163 ], [ -95.582926407967292, 29.702006973807155 ], [ -95.582913819816838, 29.701653392592849 ], [ -95.582901769502996, 29.700873207228813 ], [ -95.582889048481732, 29.700113000581144 ], [ -95.582884698026646, 29.699335712037712 ], [ -95.582864054903567, 29.698579269091869 ], [ -95.582860565061353, 29.697998456440253 ] ] } },
{ "type": "Feature", "properties": { "OBJECTID": 51, "Full_Name": "BELLERIVE DR", "Ped_Death_Count": 0, "Bike_Death_Count": 0, "Veh_Death_Count": 1, "Ped_Crash_Count": 1, "Bike_Crash_Count": 0, "Veh_Crash_Count": 3, "Total_Crash_Count": 4, "RoadLength": 2639.9999, "Miles": 0.5, "CrashRate": 8.0, "Total_Death_Count": 1, "Shape__Length": 2639.9998980199152 }, "geometry": { "type": "LineString", "coordinates": [ [ -95.513858017606324, 29.713060004323445 ], [ -95.514677130101035, 29.713044569226184 ], [ -95.515029216211786, 29.713039195649692 ], [ -95.515207055370965, 29.713048077044238 ], [ -95.515719790195547, 29.713048331950347 ], [ -95.517370153124062, 29.713029421705187 ], [ -95.518057708636135, 29.713017852898638 ], [ -95.518990501578401, 29.713008642335087 ], [ -95.519298792125866, 29.7130117405517 ], [ -95.520145482911104, 29.712996217896809 ], [ -95.520373305553505, 29.713026109297328 ], [ -95.520808136859571, 29.713174441968476 ], [ -95.52117425234627, 29.713294628523972 ], [ -95.52152215848561, 29.713347212528863 ], [ -95.522108795616717, 29.713362757471078 ] ] } },
{ "type": "Feature", "properties": { "OBJECTID": 52, "Full_Name": "BELLFORT ST", "Ped_Death_Count": 1, "Bike_Death_Count": 0, "Veh_Death_Count": 0, "Ped_Crash_Count": 1, "Bike_Crash_Count": 0, "Veh_Crash_Count": 7, "Total_Crash_Count": 8, "RoadLength": 2640.0, "Miles": 0.5, "CrashRate": 16.0, "Total_Death_Count": 1, "Shape__Length": 2639.9999552690892 }, "geometry": { "type": "LineString", "coordinates": [ [ -95.364650765910042, 29.669473367739048 ], [ -95.364335528223421, 29.669478042244911 ], [ -95.363881810862139, 29.669491091497623 ], [ -95.362277198891519, 29.669513458579981 ], [ -95.362050971294806, 29.669502233480451 ], [ -95.361714000193047, 29.669511165887961 ], [ -95.36167290436083, 29.669512255187438 ], [ -95.360329709200755, 29.669536631137568 ], [ -95.359424966517437, 29.669548321234863 ], [ -95.358979677103761, 29.669558206129796 ], [ -95.357474474318295, 29.669562920562537 ], [ -95.356942919266686, 29.669477406572735 ], [ -95.356380397706246, 29.669308086678988 ] ] } },
{ "type": "Feature", "properties": { "OBJECTID": 53, "Full_Name": "BELLFORT ST", "Ped_Death_Count": 0, "Bike_Death_Count": 0, "Veh_Death_Count": 0, "Ped_Crash_Count": 2, "Bike_Crash_Count": 0, "Veh_Crash_Count": 2, "Total_Crash_Count": 4, "RoadLength": 2640.0001, "Miles": 0.5, "CrashRate": 8.0, "Total_Death_Count": 0, "Shape__Length": 2640.000120320979 }, "geometry": { "type": "LineString", "coordinates": [ [ -95.372962155752518, 29.669360086311023 ], [ -95.372762193941156, 29.669362990442082 ], [ -95.372070452794674, 29.66937748945087 ], [ -95.371937647913157, 29.669372482205031 ], [ -95.370513181345999, 29.669394757635949 ], [ -95.370309816586698, 29.669394317075596 ], [ -95.369481770783622, 29.66940206226694 ], [ -95.368670004210941, 29.669436433620906 ], [ -95.368106175855075, 29.66943095520725 ], [ -95.366600919054889, 29.669446881891119 ], [ -95.366027401731031, 29.669452946152898 ], [ -95.364650765910042, 29.669473367739048 ] ] } },
{ "type": "Feature", "properties": { "OBJECTID": 54, "Full_Name": "BELLFORT ST", "Ped_Death_Count": 0, "Bike_Death_Count": 0, "Veh_Death_Count": 0, "Ped_Crash_Count": 2, "Bike_Crash_Count": 0, "Veh_Crash_Count": 2, "Total_Crash_Count": 4, "RoadLength": 2639.9999, "Miles": 0.5, "CrashRate": 8.0, "Total_Death_Count": 0, "Shape__Length": 2639.9998955828569 }, "geometry": { "type": "LineString", "coordinates": [ [ -95.34050259226251, 29.666279890017645 ], [ -95.338265608083788, 29.666306583677308 ], [ -95.337919024426981, 29.666307536377069 ], [ -95.337643509892374, 29.666326088877142 ], [ -95.337194886798457, 29.666339901737285 ], [ -95.33630019739681, 29.666345976048277 ], [ -95.332740923338179, 29.666425553685976 ], [ -95.332229531743849, 29.666419589990731 ], [ -95.332192044423508, 29.666420432379564 ] ] } },
{ "type": "Feature", "properties": { "OBJECTID": 55, "Full_Name": "BELLFORT ST", "Ped_Death_Count": 1, "Bike_Death_Count": 0, "Veh_Death_Count": 0, "Ped_Crash_Count": 2, "Bike_Crash_Count": 0, "Veh_Crash_Count": 3, "Total_Crash_Count": 5, "RoadLength": 2639.9998, "Miles": 0.5, "CrashRate": 10.0, "Total_Death_Count": 1, "Shape__Length": 2639.9997530247219 }, "geometry": { "type": "LineString", "coordinates": [ [ -95.284637853908947, 29.672302673613626 ], [ -95.284334556335793, 29.672286285080087 ], [ -95.283738112158019, 29.672281566774441 ], [ -95.283095959818155, 29.672256394216944 ], [ -95.282415260460439, 29.672266880279977 ], [ -95.281445695813645, 29.672281811388601 ], [ -95.2803657537291, 29.672312090340082 ], [ -95.279097488624757, 29.672365056328754 ], [ -95.277113144775896, 29.672405125701449 ], [ -95.276328562685094, 29.672422656096515 ] ] } },
{ "type": "Feature", "properties": { "OBJECTID": 56, "Full_Name": "BELLFORT ST", "Ped_Death_Count": 1, "Bike_Death_Count": 0, "Veh_Death_Count": 0, "Ped_Crash_Count": 2, "Bike_Crash_Count": 0, "Veh_Crash_Count": 4, "Total_Crash_Count": 6, "RoadLength": 2640.0002, "Miles": 0.5, "CrashRate": 12.0, "Total_Death_Count": 1, "Shape__Length": 2640.0001732127348 }, "geometry": { "type": "LineString", "coordinates": [ [ -95.29271554248092, 29.673758683068211 ], [ -95.29174327815744, 29.673760751656779 ], [ -95.291013582296983, 29.673685446545619 ], [ -95.29054395810428, 29.673589799469422 ], [ -95.29005782690416, 29.673466152608391 ], [ -95.289384342603057, 29.673260800535786 ], [ -95.289188208574146, 29.673191095069299 ], [ -95.288397475730704, 29.67292905670082 ], [ -95.287783549895565, 29.672741186466371 ], [ -95.287519260585711, 29.672670544566007 ], [ -95.286218202906824, 29.672410021224948 ], [ -95.285624654193541, 29.672355989169407 ], [ -95.284637853908947, 29.672302673613626 ] ] } },
{ "type": "Feature", "properties": { "OBJECTID": 57, "Full_Name": "BERRY RD", "Ped_Death_Count": 0, "Bike_Death_Count": 0, "Veh_Death_Count": 1, "Ped_Crash_Count": 2, "Bike_Crash_Count": 0, "Veh_Crash_Count": 1, "Total_Crash_Count": 3, "RoadLength": 2640.0, "Miles": 0.5, "CrashRate": 6.0, "Total_Death_Count": 1, "Shape__Length": 2639.9999677486044 }, "geometry": { "type": "LineString", "coordinates": [ [ -95.384342186804474, 29.837241312369969 ], [ -95.38317179303607, 29.837247516262273 ], [ -95.381247379638168, 29.837276166892767 ], [ -95.377614727284382, 29.837336287822925 ], [ -95.377302101046467, 29.83734367227947 ], [ -95.377039085377277, 29.837379352006892 ], [ -95.376816989803586, 29.837439911578716 ], [ -95.376616630352331, 29.837502638631015 ], [ -95.376420521265771, 29.837548050178327 ], [ -95.376259758744951, 29.837570647270649 ], [ -95.376096042236682, 29.837574143820863 ], [ -95.376051438182898, 29.837574137150654 ] ] } },
{ "type": "Feature", "properties": { "OBJECTID": 58, "Full_Name": "BERRY RD", "Ped_Death_Count": 0, "Bike_Death_Count": 0, "Veh_Death_Count": 0, "Ped_Crash_Count": 1, "Bike_Crash_Count": 0, "Veh_Crash_Count": 3, "Total_Crash_Count": 4, "RoadLength": 2640.0001, "Miles": 0.5, "CrashRate": 8.0, "Total_Death_Count": 0, "Shape__Length": 2640.0000751215084 }, "geometry": { "type": "LineString", "coordinates": [ [ -95.351121395607578, 29.837700474604695 ], [ -95.351038206690774, 29.837702358670334 ], [ -95.350206604887774, 29.837712964018333 ], [ -95.350008287649914, 29.837714563614519 ], [ -95.348979623643189, 29.837718336988832 ], [ -95.348213200761066, 29.837731177534739 ], [ -95.34811323090706, 29.837734389157365 ], [ -95.347990731073153, 29.83773303081642 ], [ -95.347362004848634, 29.837735689397441 ], [ -95.346770431474042, 29.837741390853274 ], [ -95.346499305349369, 29.837743685320472 ], [ -95.346348240664028, 29.837743443706941 ], [ -95.345842240596852, 29.837749022762377 ], [ -95.345551088630089, 29.837749558258064 ], [ -95.345406235380423, 29.837751989714747 ], [ -95.344844309149792, 29.83775646329136 ], [ -95.34426441637882, 29.837757965139396 ], [ -95.344029953786702, 29.837761958179414 ], [ -95.343918614055482, 29.837765846911136 ], [ -95.343747757701365, 29.837768112831334 ], [ -95.343378396197409, 29.837768426619064 ], [ -95.342914855973333, 29.837776603891552 ], [ -95.342799290334852, 29.8378040837115 ] ] } },
{ "type": "Feature", "properties": { "OBJECTID": 59, "Full_Name": "BISSONNET ST", "Ped_Death_Count": 1, "Bike_Death_Count": 0, "Veh_Death_Count": 1, "Ped_Crash_Count": 3, "Bike_Crash_Count": 0, "Veh_Crash_Count": 6, "Total_Crash_Count": 9, "RoadLength": 2639.9999, "Miles": 0.5, "CrashRate": 18.0, "Total_Death_Count": 2, "Shape__Length": 2639.9998604324828 }, "geometry": { "type": "LineString", "coordinates": [ [ -95.539286439944789, 29.676024858569829 ], [ -95.541318856963173, 29.675947694357266 ], [ -95.541700054013972, 29.675914075277525 ], [ -95.541943530244296, 29.67589260141424 ], [ -95.542182643710191, 29.675871512696052 ], [ -95.542558291519541, 29.675838380623979 ], [ -95.543883167366843, 29.675761348994161 ], [ -95.546060346141189, 29.675587170565692 ], [ -95.547156207082395, 29.675526321367926 ], [ -95.547576988810462, 29.675503153598722 ] ] } },
{ "type": "Feature", "properties": { "OBJECTID": 60, "Full_Name": "BISSONNET ST", "Ped_Death_Count": 0, "Bike_Death_Count": 0, "Veh_Death_Count": 0, "Ped_Crash_Count": 1, "Bike_Crash_Count": 0, "Veh_Crash_Count": 4, "Total_Crash_Count": 5, "RoadLength": 2639.9997, "Miles": 0.5, "CrashRate": 10.0, "Total_Death_Count": 0, "Shape__Length": 2639.9997013193038 }, "geometry": { "type": "LineString", "coordinates": [ [ -95.589035349450057, 29.675333980233052 ], [ -95.590193732544236, 29.675411087434494 ], [ -95.591154458514268, 29.675475029395201 ], [ -95.592610387391602, 29.675598933077538 ], [ -95.593979096205686, 29.675700208796545 ], [ -95.594145746532618, 29.675708193244517 ], [ -95.594367673344294, 29.675738963351151 ], [ -95.594667806499189, 29.675796842563653 ], [ -95.595323888373855, 29.675964265261957 ], [ -95.595657930169864, 29.676061792494743 ], [ -95.595904983070142, 29.676130531847157 ], [ -95.596155146711979, 29.67620013330562 ], [ -95.596781627822239, 29.676374439672422 ], [ -95.597056784784044, 29.676450995846682 ], [ -95.597199062233727, 29.676490580106851 ] ] } },
{ "type": "Feature", "properties": { "OBJECTID": 61, "Full_Name": "BISSONNET ST", "Ped_Death_Count": 1, "Bike_Death_Count": 0, "Veh_Death_Count": 0, "Ped_Crash_Count": 1, "Bike_Crash_Count": 0, "Veh_Crash_Count": 3, "Total_Crash_Count": 4, "RoadLength": 2640.0, "Miles": 0.5, "CrashRate": 8.0, "Total_Death_Count": 1, "Shape__Length": 2639.9999617239182 }, "geometry": { "type": "LineString", "coordinates": [ [ -95.580742576312389, 29.674824946872274 ], [ -95.580874447738537, 29.674836742569997 ], [ -95.581143274302903, 29.674859277323964 ], [ -95.581931603628888, 29.674906114634574 ], [ -95.583092213472781, 29.67498349382679 ], [ -95.583452393813189, 29.675012556218711 ], [ -95.584442849070371, 29.675072601536872 ], [ -95.585186361330514, 29.675118890061562 ], [ -95.587279004679843, 29.675217049906749 ], [ -95.588694414395846, 29.675311284099557 ], [ -95.589035349450057, 29.675333980233052 ] ] } },
{ "type": "Feature", "properties": { "OBJECTID": 62, "Full_Name": "BISSONNET ST", "Ped_Death_Count": 2, "Bike_Death_Count": 0, "Veh_Death_Count": 0, "Ped_Crash_Count": 2, "Bike_Crash_Count": 0, "Veh_Crash_Count": 5, "Total_Crash_Count": 7, "RoadLength": 2640.0, "Miles": 0.5, "CrashRate": 14.0, "Total_Death_Count": 2, "Shape__Length": 2639.999955641003 }, "geometry": { "type": "LineString", "coordinates": [ [ -95.55586348361399, 29.674937213885475 ], [ -95.556400747745471, 29.674903231558659 ], [ -95.556917848679305, 29.674870708953438 ], [ -95.557606475164206, 29.674818254002847 ], [ -95.557707375931443, 29.674813155967477 ], [ -95.557863247770896, 29.674802715779911 ], [ -95.558480116795295, 29.674760789416208 ], [ -95.559153870225146, 29.674700093947806 ], [ -95.559942942927876, 29.674653917443237 ], [ -95.560260098361326, 29.674637492597505 ], [ -95.560475088879613, 29.674626358571654 ], [ -95.560844840287288, 29.674607209915269 ], [ -95.562844571747817, 29.674465515065972 ], [ -95.564153088491949, 29.67439042635381 ] ] } },
{ "type": "Feature", "properties": { "OBJECTID": 63, "Full_Name": "BISSONNET ST", "Ped_Death_Count": 0, "Bike_Death_Count": 0, "Veh_Death_Count": 0, "Ped_Crash_Count": 2, "Bike_Crash_Count": 0, "Veh_Crash_Count": 3, "Total_Crash_Count": 5, "RoadLength": 2640.0, "Miles": 0.5, "CrashRate": 10.0, "Total_Death_Count": 0, "Shape__Length": 2640.0000300693732 }, "geometry": { "type": "LineString", "coordinates": [ [ -95.547576988810462, 29.675503153598722 ], [ -95.547865230377113, 29.675487283326326 ], [ -95.548698478285942, 29.675441402851366 ], [ -95.549738790098488, 29.675375363687987 ], [ -95.550152657260995, 29.675347670652837 ], [ -95.550668121372809, 29.675303412667482 ], [ -95.551262976218339, 29.675249690844272 ], [ -95.551892425933119, 29.675212202317969 ], [ -95.55232888475696, 29.675165904130971 ], [ -95.552715898800614, 29.67515285666569 ], [ -95.553655266200153, 29.67508543279374 ], [ -95.553880263121684, 29.675082757479643 ], [ -95.554725080311187, 29.675027111781127 ], [ -95.555156185587535, 29.67498194751855 ], [ -95.55586348361399, 29.674937213885475 ] ] } },
{ "type": "Feature", "properties": { "OBJECTID": 64, "Full_Name": "BISSONNET ST", "Ped_Death_Count": 1, "Bike_Death_Count": 0, "Veh_Death_Count": 0, "Ped_Crash_Count": 2, "Bike_Crash_Count": 0, "Veh_Crash_Count": 1, "Total_Crash_Count": 3, "RoadLength": 1586.1815, "Miles": 0.3004, "CrashRate": 9.99, "Total_Death_Count": 1, "Shape__Length": 1586.1815167499205 }, "geometry": { "type": "LineString", "coordinates": [ [ -95.484402056333494, 29.69927891962864 ], [ -95.484572293544304, 29.699194235290882 ], [ -95.48662600485055, 29.698086392638107 ], [ -95.486989673448903, 29.697918021169659 ], [ -95.487900614412695, 29.697450450788242 ], [ -95.488691905241467, 29.697044286771042 ] ] } },
{ "type": "Feature", "properties": { "OBJECTID": 65, "Full_Name": "BISSONNET ST", "Ped_Death_Count": 0, "Bike_Death_Count": 0, "Veh_Death_Count": 1, "Ped_Crash_Count": 2, "Bike_Crash_Count": 0, "Veh_Crash_Count": 2, "Total_Crash_Count": 4, "RoadLength": 2640.0001, "Miles": 0.5, "CrashRate": 8.0, "Total_Death_Count": 1, "Shape__Length": 2640.0001167126079 }, "geometry": { "type": "LineString", "coordinates": [ [ -95.524607144572002, 29.678772196137789 ], [ -95.525223508359034, 29.678469626209615 ], [ -95.52552123417901, 29.678323475288074 ], [ -95.526328068567736, 29.677912337605854 ], [ -95.526449733774697, 29.677850341768377 ], [ -95.527243724294721, 29.677445740072915 ], [ -95.527904998895906, 29.677081689062639 ], [ -95.528361935497458, 29.676887650961344 ], [ -95.529572839867996, 29.676467045934452 ], [ -95.529637598187804, 29.676463685013122 ], [ -95.530518987993005, 29.676418994482397 ], [ -95.53126091575831, 29.676382999875923 ], [ -95.53224737985046, 29.676348944597915 ] ] } },
{ "type": "Feature", "properties": { "OBJECTID": 66, "Full_Name": "BISSONNET ST", "Ped_Death_Count": 1, "Bike_Death_Count": 0, "Veh_Death_Count": 0, "Ped_Crash_Count": 2, "Bike_Crash_Count": 0, "Veh_Crash_Count": 2, "Total_Crash_Count": 4, "RoadLength": 2640.0001, "Miles": 0.5, "CrashRate": 8.0, "Total_Death_Count": 1, "Shape__Length": 2640.0001280192291 }, "geometry": { "type": "LineString", "coordinates": [ [ -95.503039985761461, 29.689710925220592 ], [ -95.503821296946612, 29.689287076291606 ], [ -95.504430947717822, 29.688982686730807 ], [ -95.505716247735734, 29.688318629268128 ], [ -95.505957037775659, 29.688200033518878 ], [ -95.507510189896038, 29.687420128176175 ], [ -95.508739720353489, 29.686784798666679 ], [ -95.509646166019849, 29.686319348233976 ], [ -95.510105637599366, 29.686083410434424 ], [ -95.510206922521093, 29.686030792649142 ] ] } },
{ "type": "Feature", "properties": { "OBJECTID": 67, "Full_Name": "BISSONNET ST", "Ped_Death_Count": 1, "Bike_Death_Count": 0, "Veh_Death_Count": 0, "Ped_Crash_Count": 3, "Bike_Crash_Count": 0, "Veh_Crash_Count": 4, "Total_Crash_Count": 7, "RoadLength": 2639.9999, "Miles": 0.5, "CrashRate": 14.0, "Total_Death_Count": 1, "Shape__Length": 2639.9998604426819 }, "geometry": { "type": "LineString", "coordinates": [ [ -95.488691905241467, 29.697044286771042 ], [ -95.488719741820262, 29.697029998313653 ], [ -95.489651816069667, 29.696564334369246 ], [ -95.490028920719595, 29.696375932368245 ], [ -95.490757337932592, 29.696019548892238 ], [ -95.491116055184932, 29.695832652404441 ], [ -95.491436330854299, 29.69562846392159 ], [ -95.49174747312351, 29.695469999430827 ], [ -95.492186246984375, 29.695234474684575 ], [ -95.492707229024262, 29.694969643340638 ], [ -95.492993366678149, 29.694801965775753 ], [ -95.493560759085, 29.694533855042142 ], [ -95.493681411986572, 29.694472869054916 ], [ -95.494081138302036, 29.694268481877231 ], [ -95.49481347379637, 29.693883587059489 ], [ -95.4950471653394, 29.693765645121402 ], [ -95.495847750273143, 29.693352029607226 ] ] } },
{ "type": "Feature", "properties": { "OBJECTID": 68, "Full_Name": "BISSONNET ST", "Ped_Death_Count": 0, "Bike_Death_Count": 0, "Veh_Death_Count": 1, "Ped_Crash_Count": 1, "Bike_Crash_Count": 0, "Veh_Crash_Count": 6, "Total_Crash_Count": 7, "RoadLength": 2639.9993, "Miles": 0.5, "CrashRate": 14.0, "Total_Death_Count": 1, "Shape__Length": 2639.9993257721649 }, "geometry": { "type": "LineString", "coordinates": [ [ -95.42814085854647, 29.725322554854472 ], [ -95.42897052514455, 29.725291986707251 ], [ -95.430106026806541, 29.725301283203546 ], [ -95.430960810285981, 29.725287661552784 ], [ -95.431225652154311, 29.725288887626924 ], [ -95.432023904748846, 29.725286772123759 ], [ -95.432342959865124, 29.725282924639455 ], [ -95.433363721814189, 29.725244751865425 ], [ -95.436035819923532, 29.723884912689787 ] ] } },
{ "type": "Feature", "properties": { "OBJECTID": 69, "Full_Name": "BISSONNET ST", "Ped_Death_Count": 1, "Bike_Death_Count": 0, "Veh_Death_Count": 0, "Ped_Crash_Count": 4, "Bike_Crash_Count": 0, "Veh_Crash_Count": 1, "Total_Crash_Count": 5, "RoadLength": 2640.0001, "Miles": 0.5, "CrashRate": 10.0, "Total_Death_Count": 1, "Shape__Length": 2640.0001194161036 }, "geometry": { "type": "LineString", "coordinates": [ [ -95.411508502313126, 29.725561526696413 ], [ -95.412793172245742, 29.725550505580063 ], [ -95.41502943146773, 29.725515857508579 ], [ -95.416768300410197, 29.725496363772134 ], [ -95.418581062602939, 29.725489981921854 ], [ -95.419825126736868, 29.725452832861439 ] ] } },
{ "type": "Feature", "properties": { "OBJECTID": 70, "Full_Name": "BLALOCK RD", "Ped_Death_Count": 1, "Bike_Death_Count": 0, "Veh_Death_Count": 0, "Ped_Crash_Count": 2, "Bike_Crash_Count": 0, "Veh_Crash_Count": 1, "Total_Crash_Count": 3, "RoadLength": 2639.9999, "Miles": 0.5, "CrashRate": 6.0, "Total_Death_Count": 1, "Shape__Length": 2639.9998875779356 }, "geometry": { "type": "LineString", "coordinates": [ [ -95.522650510564887, 29.819908613867657 ], [ -95.52264192014141, 29.81994233029717 ], [ -95.522588372683884, 29.821983859880749 ], [ -95.52263047931595, 29.823510283123291 ], [ -95.522662093868632, 29.824788362832713 ], [ -95.522651759181144, 29.825395340674319 ], [ -95.522687452586567, 29.826474869297968 ], [ -95.522785180823163, 29.827160614882526 ] ] } },
{ "type": "Feature", "properties": { "OBJECTID": 71, "Full_Name": "BLISS ST", "Ped_Death_Count": 1, "Bike_Death_Count": 0, "Veh_Death_Count": 0, "Ped_Crash_Count": 2, "Bike_Crash_Count": 0, "Veh_Crash_Count": 1, "Total_Crash_Count": 3, "RoadLength": 2640.0, "Miles": 0.5, "CrashRate": 6.0, "Total_Death_Count": 1, "Shape__Length": 2639.9999733222649 }, "geometry": { "type": "LineString", "coordinates": [ [ -95.266513211061095, 29.680129754002255 ], [ -95.265810410051586, 29.679505446771213 ], [ -95.265016361156327, 29.678967389698848 ], [ -95.264577522669825, 29.678721589784896 ], [ -95.264158143496005, 29.678427681502317 ], [ -95.263358731804615, 29.677833952952881 ], [ -95.26257412150099, 29.677229904644395 ], [ -95.262026147183803, 29.676755878341247 ], [ -95.261566450526985, 29.676296327080955 ], [ -95.261052490052819, 29.675781743067482 ], [ -95.260965967571465, 29.675685396633174 ], [ -95.260741228402651, 29.675465135229711 ], [ -95.260477604879782, 29.675177530825408 ] ] } },
{ "type": "Feature", "properties": { "OBJECTID": 72, "Full_Name": "BONHOMME RD", "Ped_Death_Count": 1, "Bike_Death_Count": 0, "Veh_Death_Count": 2, "Ped_Crash_Count": 1, "Bike_Crash_Count": 0, "Veh_Crash_Count": 3, "Total_Crash_Count": 4, "RoadLength": 2457.8089, "Miles": 0.4655, "CrashRate": 8.59, "Total_Death_Count": 3, "Shape__Length": 2457.8089235308703 }, "geometry": { "type": "LineString", "coordinates": [ [ -95.513821325709728, 29.691108389550518 ], [ -95.513791498135873, 29.690324072650974 ], [ -95.513793959786952, 29.690173131592093 ], [ -95.513775229420006, 29.689342953629883 ], [ -95.513761882585499, 29.688374485240733 ], [ -95.51377503527317, 29.687567714067569 ], [ -95.513752324605363, 29.687375114628324 ], [ -95.513725114529336, 29.687212256793948 ], [ -95.513664065614861, 29.68700082816602 ], [ -95.513555947426553, 29.686773748666052 ], [ -95.513523461464317, 29.686622302793506 ], [ -95.513506729132402, 29.686544291527508 ], [ -95.513512309889549, 29.686326820437451 ], [ -95.513492078218619, 29.685840507845299 ], [ -95.513480995672836, 29.685205324531147 ], [ -95.513466646074207, 29.684382760471895 ] ] } },
{ "type": "Feature", "properties": { "OBJECTID": 73, "Full_Name": "BRANCH ST", "Ped_Death_Count": 0, "Bike_Death_Count": 0, "Veh_Death_Count": 0, "Ped_Crash_Count": 1, "Bike_Crash_Count": 1, "Veh_Crash_Count": 0, "Total_Crash_Count": 2, "RoadLength": 1499.4017, "Miles": 0.284, "CrashRate": 7.04, "Total_Death_Count": 0, "Shape__Length": 1499.4016547507824 }, "geometry": { "type": "LineString", "coordinates": [ [ -95.354750722046276, 29.686422379458033 ], [ -95.353977966021759, 29.686188641555106 ], [ -95.353522868392474, 29.686054226481364 ], [ -95.353255316396712, 29.685977802833285 ], [ -95.352488807132701, 29.685735088346775 ], [ -95.351728197900869, 29.685509592744619 ], [ -95.351013553617108, 29.685273970617139 ], [ -95.350867820155401, 29.685227698874304 ], [ -95.35042949590003, 29.685086681970954 ], [ -95.350291694122959, 29.685091826316665 ] ] } },
{ "type": "Feature", "properties": { "OBJECTID": 74, "Full_Name": "BRIAR FOREST DR", "Ped_Death_Count": 0, "Bike_Death_Count": 0, "Veh_Death_Count": 0, "Ped_Crash_Count": 1, "Bike_Crash_Count": 1, "Veh_Crash_Count": 3, "Total_Crash_Count": 5, "RoadLength": 2640.0002, "Miles": 0.5, "CrashRate": 10.0, "Total_Death_Count": 0, "Shape__Length": 2640.0001695202909 }, "geometry": { "type": "LineString", "coordinates": [ [ -95.564915948502389, 29.747241045325072 ], [ -95.565012708711677, 29.747252712068224 ], [ -95.565422681912253, 29.74734681418861 ], [ -95.565767083795109, 29.747386501236342 ], [ -95.566118557295681, 29.747405738263215 ], [ -95.566451480498074, 29.747422978059625 ], [ -95.566839365961016, 29.747416243610711 ], [ -95.567533749571794, 29.747398187869205 ], [ -95.568253711292783, 29.747412064994535 ], [ -95.568454546131875, 29.747433723299409 ], [ -95.568685976643522, 29.747465223590552 ], [ -95.569246243350037, 29.747566375285828 ], [ -95.569575229985375, 29.747643189730919 ], [ -95.569817143688937, 29.7477098825414 ], [ -95.570215221606489, 29.747793725607949 ], [ -95.570394862771366, 29.747829890578672 ], [ -95.571201759140607, 29.74794413633667 ], [ -95.572065848739612, 29.747951801097443 ], [ -95.573036921236152, 29.747952203754604 ], [ -95.573149524018817, 29.747946909662559 ] ] } },
{ "type": "Feature", "properties": { "OBJECTID": 75, "Full_Name": "BRIARHURST DR", "Ped_Death_Count": 1, "Bike_Death_Count": 1, "Veh_Death_Count": 0, "Ped_Crash_Count": 2, "Bike_Crash_Count": 1, "Veh_Crash_Count": 0, "Total_Crash_Count": 3, "RoadLength": 2469.1491, "Miles": 0.4676, "CrashRate": 6.42, "Total_Death_Count": 2, "Shape__Length": 2469.1491359692673 }, "geometry": { "type": "LineString", "coordinates": [ [ -95.492880146843106, 29.741075981644187 ], [ -95.492880683345319, 29.740296388995255 ], [ -95.492871297344735, 29.739515663569218 ], [ -95.49286458217253, 29.738768847063831 ], [ -95.492857433526865, 29.737678758381421 ], [ -95.492843802629253, 29.737099117709032 ], [ -95.492812810975963, 29.735687126429799 ], [ -95.492805224359117, 29.735322315784536 ], [ -95.492780520783043, 29.734971165295661 ], [ -95.492776752481788, 29.734286955637202 ] ] } },
{ "type": "Feature", "properties": { "OBJECTID": 76, "Full_Name": "BRIARPARK DR", "Ped_Death_Count": 0, "Bike_Death_Count": 0, "Veh_Death_Count": 0, "Ped_Crash_Count": 1, "Bike_Crash_Count": 0, "Veh_Crash_Count": 3, "Total_Crash_Count": 4, "RoadLength": 2640.0001, "Miles": 0.5, "CrashRate": 8.0, "Total_Death_Count": 0, "Shape__Length": 2640.0001024415296 }, "geometry": { "type": "LineString", "coordinates": [ [ -95.54865369171111, 29.735118447314271 ], [ -95.548689813931389, 29.735000936513565 ], [ -95.548846398696341, 29.734608129720733 ], [ -95.548993215101504, 29.734098927762968 ], [ -95.549079582372997, 29.733529597615831 ], [ -95.549075215159192, 29.733111421565042 ], [ -95.549037818200631, 29.731998168147982 ], [ -95.549055784883336, 29.730539848231704 ], [ -95.548977285383728, 29.728752781668295 ], [ -95.548969937254896, 29.72790837832768 ] ] } },
{ "type": "Feature", "properties": { "OBJECTID": 77, "Full_Name": "BROADWAY ST", "Ped_Death_Count": 0, "Bike_Death_Count": 0, "Veh_Death_Count": 0, "Ped_Crash_Count": 1, "Bike_Crash_Count": 0, "Veh_Crash_Count": 2, "Total_Crash_Count": 3, "RoadLength": 2639.9999, "Miles": 0.5, "CrashRate": 6.0, "Total_Death_Count": 0, "Shape__Length": 2639.9999300232548 }, "geometry": { "type": "LineString", "coordinates": [ [ -95.276814561473614, 29.685358872659641 ], [ -95.277128192162337, 29.685106035068188 ], [ -95.277240488807209, 29.685015505191998 ], [ -95.277283197316265, 29.684981073648665 ], [ -95.277318687730869, 29.684934365890225 ], [ -95.277435682578002, 29.68478039063007 ], [ -95.277428431112298, 29.684500012200232 ], [ -95.277398985910125, 29.683958839310467 ], [ -95.277395621160352, 29.683714196932698 ], [ -95.277390405038048, 29.683508843954886 ], [ -95.277350066636629, 29.681932885835767 ], [ -95.277287987352025, 29.679347994692566 ], [ -95.277263535176402, 29.678319925993904 ] ] } },
{ "type": "Feature", "properties": { "OBJECTID": 78, "Full_Name": "BROADWAY ST", "Ped_Death_Count": 1, "Bike_Death_Count": 0, "Veh_Death_Count": 3, "Ped_Crash_Count": 2, "Bike_Crash_Count": 0, "Veh_Crash_Count": 2, "Total_Crash_Count": 4, "RoadLength": 2640.0002, "Miles": 0.5, "CrashRate": 8.0, "Total_Death_Count": 4, "Shape__Length": 2640.0001919038823 }, "geometry": { "type": "LineString", "coordinates": [ [ -95.277263535176402, 29.678319925993904 ], [ -95.277233173935826, 29.677043425184632 ], [ -95.277226999603045, 29.676714855200284 ], [ -95.277217441228316, 29.67639288106448 ], [ -95.277211517765579, 29.676193423458717 ], [ -95.277203584106005, 29.67546995494093 ], [ -95.277185131078681, 29.674928128536948 ], [ -95.277160326776709, 29.67471679966377 ], [ -95.277122290276509, 29.673082806959847 ], [ -95.277113144775896, 29.672405125701449 ], [ -95.27709261656706, 29.672118929251759 ], [ -95.277079698328606, 29.671513169247444 ], [ -95.277070091522688, 29.671062743943732 ] ] } },
{ "type": "Feature", "properties": { "OBJECTID": 79, "Full_Name": "BROADWAY ST", "Ped_Death_Count": 0, "Bike_Death_Count": 0, "Veh_Death_Count": 0, "Ped_Crash_Count": 1, "Bike_Crash_Count": 0, "Veh_Crash_Count": 2, "Total_Crash_Count": 3, "RoadLength": 2639.9998, "Miles": 0.5, "CrashRate": 6.0, "Total_Death_Count": 0, "Shape__Length": 2639.9997561938462 }, "geometry": { "type": "LineString", "coordinates": [ [ -95.277945442166384, 29.704034130686974 ], [ -95.277927931368396, 29.703636913476497 ], [ -95.27787044777412, 29.702899268291432 ], [ -95.277880831869581, 29.702679308275641 ], [ -95.277898993636768, 29.702294610826598 ], [ -95.277909493651336, 29.702072205868461 ], [ -95.277895250082395, 29.701558442795569 ], [ -95.27787089352671, 29.700839818031596 ], [ -95.277847216475379, 29.699527217787093 ], [ -95.27783483491622, 29.699044807351168 ], [ -95.277806851945925, 29.69831856445898 ], [ -95.27779432903138, 29.697890224601707 ], [ -95.277760669227831, 29.696778383438208 ] ] } },
{ "type": "Feature", "properties": { "OBJECTID": 80, "Full_Name": "BUFFALO SPEEDWAY", "Ped_Death_Count": 0, "Bike_Death_Count": 0, "Veh_Death_Count": 0, "Ped_Crash_Count": 1, "Bike_Crash_Count": 0, "Veh_Crash_Count": 2, "Total_Crash_Count": 3, "RoadLength": 2639.9998, "Miles": 0.5, "CrashRate": 6.0, "Total_Death_Count": 0, "Shape__Length": 2639.9998145204499 }, "geometry": { "type": "LineString", "coordinates": [ [ -95.424727807813014, 29.677472470199142 ], [ -95.424729082217155, 29.677324528995932 ], [ -95.424731152884249, 29.677084127456794 ], [ -95.424701201140635, 29.676659169496332 ], [ -95.424635173827255, 29.676141620390847 ], [ -95.424611629601841, 29.675923516794981 ], [ -95.424628717993201, 29.675470732546398 ], [ -95.424693119686594, 29.67489408671489 ], [ -95.42482876740425, 29.673385102761532 ], [ -95.424822158174777, 29.672914215942146 ], [ -95.424783334777331, 29.672325330532185 ], [ -95.424779067852427, 29.672219300372312 ], [ -95.424760861478745, 29.67200587415433 ], [ -95.424766846309097, 29.671895385037413 ], [ -95.424767424293108, 29.671783061719651 ], [ -95.424770658101679, 29.671670785853689 ], [ -95.424776497305146, 29.671558580465188 ], [ -95.424785015764172, 29.671446490854869 ], [ -95.424796134620863, 29.671334584422496 ], [ -95.424809878167579, 29.671222905144742 ], [ -95.424826244785365, 29.671111499014103 ], [ -95.424845231854221, 29.671000411093999 ], [ -95.424866814856529, 29.670889662392479 ], [ -95.424890988529441, 29.670779343938651 ], [ -95.424917753139638, 29.670669477402654 ], [ -95.424947080462687, 29.670560130632424 ], [ -95.42497899633895, 29.670451303414115 ], [ -95.425013444905687, 29.670343085424236 ], [ -95.425045111057202, 29.670250980792609 ] ] } },
{ "type": "Feature", "properties": { "OBJECTID": 81, "Full_Name": "BUTTERCUP ST", "Ped_Death_Count": 0, "Bike_Death_Count": 0, "Veh_Death_Count": 0, "Ped_Crash_Count": 1, "Bike_Crash_Count": 0, "Veh_Crash_Count": 1, "Total_Crash_Count": 2, "RoadLength": 2166.4589, "Miles": 0.4103, "CrashRate": 4.87, "Total_Death_Count": 0, "Shape__Length": 2166.458921614374 }, "geometry": { "type": "LineString", "coordinates": [ [ -95.516871182495237, 29.729850298272016 ], [ -95.516858371036591, 29.729281287853794 ], [ -95.51684862066756, 29.728143677658089 ], [ -95.516819951258938, 29.727309170015637 ], [ -95.516802025649412, 29.72644453520051 ], [ -95.516789936030449, 29.725893605736655 ], [ -95.516781594215431, 29.725588333372791 ], [ -95.516763077069115, 29.724742016286672 ], [ -95.516744967505815, 29.723893613663748 ] ] } },
{ "type": "Feature", "properties": { "OBJECTID": 82, "Full_Name": "CALHOUN RD", "Ped_Death_Count": 0, "Bike_Death_Count": 0, "Veh_Death_Count": 0, "Ped_Crash_Count": 1, "Bike_Crash_Count": 0, "Veh_Crash_Count": 2, "Total_Crash_Count": 3, "RoadLength": 2640.0002, "Miles": 0.5, "CrashRate": 6.0, "Total_Death_Count": 0, "Shape__Length": 2640.0002149553288 }, "geometry": { "type": "LineString", "coordinates": [ [ -95.343276278926126, 29.706687825451706 ], [ -95.343349541488095, 29.706507921103594 ], [ -95.343526733125984, 29.706103416290926 ], [ -95.34391549723793, 29.705129948099678 ], [ -95.344270788005232, 29.704296831764392 ], [ -95.344459026918656, 29.703827356720286 ], [ -95.344589233646843, 29.703468031889223 ], [ -95.34492641959234, 29.702646636525071 ], [ -95.345189466599535, 29.702014728188104 ], [ -95.345276969507395, 29.70179326806127 ], [ -95.345426858820431, 29.701434567095621 ], [ -95.345479858272228, 29.701312511476793 ], [ -95.34567266793772, 29.700866214917294 ], [ -95.345750649019848, 29.700663791366701 ], [ -95.346016287901435, 29.700029060777567 ], [ -95.346084610786335, 29.699854908321978 ] ] } },
{ "type": "Feature", "properties": { "OBJECTID": 83, "Full_Name": "CALHOUN RD", "Ped_Death_Count": 0, "Bike_Death_Count": 0, "Veh_Death_Count": 0, "Ped_Crash_Count": 2, "Bike_Crash_Count": 0, "Veh_Crash_Count": 1, "Total_Crash_Count": 3, "RoadLength": 2402.7438, "Miles": 0.4551, "CrashRate": 6.59, "Total_Death_Count": 0, "Shape__Length": 2402.7437622160783 }, "geometry": { "type": "LineString", "coordinates": [ [ -95.3374499215969, 29.722957233675075 ], [ -95.337594010435978, 29.722503002138573 ], [ -95.337799843448522, 29.722019113835579 ], [ -95.33792292872306, 29.721729746970354 ], [ -95.338085942900108, 29.72130840342944 ], [ -95.338312049370728, 29.720788736466559 ], [ -95.338381121120833, 29.720622169511174 ], [ -95.338458576377235, 29.720386779100057 ], [ -95.339033954611352, 29.718992453531339 ], [ -95.339695760552218, 29.717369580763332 ], [ -95.339881280682562, 29.716876145095313 ], [ -95.339906234303086, 29.716712734353365 ] ] } },
{ "type": "Feature", "properties": { "OBJECTID": 84, "Full_Name": "CAMBRIDGE ST", "Ped_Death_Count": 0, "Bike_Death_Count": 0, "Veh_Death_Count": 0, "Ped_Crash_Count": 3, "Bike_Crash_Count": 0, "Veh_Crash_Count": 3, "Total_Crash_Count": 6, "RoadLength": 2639.9999, "Miles": 0.5, "CrashRate": 12.0, "Total_Death_Count": 0, "Shape__Length": 2639.9999273079075 }, "geometry": { "type": "LineString", "coordinates": [ [ -95.392119204397616, 29.710651926979541 ], [ -95.391399650990664, 29.710108134810174 ], [ -95.390722385596334, 29.708931708991006 ], [ -95.390481953795174, 29.708264527732215 ], [ -95.390188286135171, 29.706917347038832 ], [ -95.390167076553169, 29.70625361547777 ], [ -95.3902259573766, 29.705904282338071 ], [ -95.390245141385662, 29.705695937620877 ], [ -95.39040864705413, 29.70513582804805 ], [ -95.390731055174825, 29.704399668978883 ], [ -95.390893657408, 29.703973021097351 ] ] } },
{ "type": "Feature", "properties": { "OBJECTID": 85, "Full_Name": "CAMERON ST", "Ped_Death_Count": 0, "Bike_Death_Count": 0, "Veh_Death_Count": 0, "Ped_Crash_Count": 1, "Bike_Crash_Count": 0, "Veh_Crash_Count": 1, "Total_Crash_Count": 2, "RoadLength": 1440.8949, "Miles": 0.2729, "CrashRate": 7.33, "Total_Death_Count": 0, "Shape__Length": 1440.8949327721816 }, "geometry": { "type": "LineString", "coordinates": [ [ -95.415376960279318, 29.741708464893758 ], [ -95.416396821804966, 29.741697440190887 ], [ -95.417569949272917, 29.741689789481036 ], [ -95.418782869583822, 29.741681023133417 ], [ -95.419844908319646, 29.741656938732589 ], [ -95.419913951165753, 29.741675156196756 ] ] } },
{ "type": "Feature", "properties": { "OBJECTID": 86, "Full_Name": "CAPITOL ST", "Ped_Death_Count": 0, "Bike_Death_Count": 0, "Veh_Death_Count": 0, "Ped_Crash_Count": 2, "Bike_Crash_Count": 1, "Veh_Crash_Count": 1, "Total_Crash_Count": 4, "RoadLength": 2640.0, "Miles": 0.5, "CrashRate": 8.0, "Total_Death_Count": 0, "Shape__Length": 2639.9999591584892 }, "geometry": { "type": "LineString", "coordinates": [ [ -95.36917162997328, 29.762339369881275 ], [ -95.368765711955092, 29.762234891266104 ], [ -95.368522778510226, 29.762161522187547 ], [ -95.368361826901804, 29.762113143426536 ], [ -95.368093016784428, 29.762048187356573 ], [ -95.367828721876592, 29.761956180161405 ], [ -95.367454081706256, 29.761776657230861 ], [ -95.366601980034119, 29.761276822175187 ], [ -95.365751224203308, 29.760755324107844 ], [ -95.364892611520773, 29.760247693309324 ], [ -95.36402134922352, 29.759724338315021 ], [ -95.363144888214975, 29.759193048916028 ], [ -95.362275511397087, 29.758669561599888 ], [ -95.362114077720605, 29.758575054562538 ] ] } },
{ "type": "Feature", "properties": { "OBJECTID": 87, "Full_Name": "CAROLINE ST", "Ped_Death_Count": 0, "Bike_Death_Count": 0, "Veh_Death_Count": 0, "Ped_Crash_Count": 1, "Bike_Crash_Count": 0, "Veh_Crash_Count": 2, "Total_Crash_Count": 3, "RoadLength": 2640.0002, "Miles": 0.5, "CrashRate": 6.0, "Total_Death_Count": 0, "Shape__Length": 2640.0002082067749 }, "geometry": { "type": "LineString", "coordinates": [ [ -95.359627838859566, 29.758798199847689 ], [ -95.35994061685561, 29.758408648045354 ], [ -95.360549186795211, 29.757642741943386 ], [ -95.360865883963427, 29.75723984202002 ], [ -95.361144478951019, 29.756886284585967 ], [ -95.361743766533962, 29.756126759368161 ], [ -95.362326260310482, 29.755391051102546 ], [ -95.362916185506222, 29.754627869874792 ], [ -95.363492201429864, 29.753892256168299 ], [ -95.364097495918188, 29.753145416440528 ], [ -95.364353095433543, 29.752822720854049 ] ] } },
{ "type": "Feature", "properties": { "OBJECTID": 88, "Full_Name": "CHARTRES ST", "Ped_Death_Count": 0, "Bike_Death_Count": 0, "Veh_Death_Count": 0, "Ped_Crash_Count": 1, "Bike_Crash_Count": 1, "Veh_Crash_Count": 3, "Total_Crash_Count": 5, "RoadLength": 2640.0001, "Miles": 0.5, "CrashRate": 10.0, "Total_Death_Count": 0, "Shape__Length": 2640.0000555995125 }, "geometry": { "type": "LineString", "coordinates": [ [ -95.351598183994611, 29.757730944205385 ], [ -95.35210801241864, 29.757079870529331 ], [ -95.352179479138314, 29.757003588883116 ], [ -95.352715875797273, 29.756306249514477 ], [ -95.353922766620173, 29.754789753151531 ], [ -95.354535260805079, 29.75402258239227 ], [ -95.355134727562103, 29.753254518343571 ], [ -95.3557224273614, 29.75252763287612 ], [ -95.356275794997472, 29.751814359603181 ], [ -95.356323337494231, 29.751755901978736 ] ] } },
{ "type": "Feature", "properties": { "OBJECTID": 89, "Full_Name": "CHIMNEY ROCK RD", "Ped_Death_Count": 0, "Bike_Death_Count": 0, "Veh_Death_Count": 1, "Ped_Crash_Count": 2, "Bike_Crash_Count": 0, "Veh_Crash_Count": 2, "Total_Crash_Count": 4, "RoadLength": 1490.4237, "Miles": 0.2823, "CrashRate": 14.17, "Total_Death_Count": 1, "Shape__Length": 1490.4236539583694 }, "geometry": { "type": "LineString", "coordinates": [ [ -95.480127876519262, 29.65379184430498 ], [ -95.480390032222218, 29.653578532478498 ], [ -95.480684784154775, 29.653307987041551 ], [ -95.481201607544222, 29.652780198980789 ], [ -95.481667220821762, 29.652151066537911 ], [ -95.48196027781637, 29.651544201072007 ], [ -95.482152771658818, 29.650993830167209 ], [ -95.48227404152982, 29.650470920171806 ], [ -95.482149951105001, 29.650301558412206 ] ] } },
{ "type": "Feature", "properties": { "OBJECTID": 90, "Full_Name": "CHIMNEY ROCK RD", "Ped_Death_Count": 0, "Bike_Death_Count": 0, "Veh_Death_Count": 0, "Ped_Crash_Count": 2, "Bike_Crash_Count": 0, "Veh_Crash_Count": 2, "Total_Crash_Count": 4, "RoadLength": 2640.0, "Miles": 0.5, "CrashRate": 8.0, "Total_Death_Count": 0, "Shape__Length": 2640.0000080622526 }, "geometry": { "type": "LineString", "coordinates": [ [ -95.477161535256982, 29.741555135628222 ], [ -95.477173671247115, 29.741391116362717 ], [ -95.47719904671608, 29.740556651191522 ], [ -95.477166162198316, 29.740031333816209 ], [ -95.477116418619161, 29.739748008437367 ], [ -95.477000240205982, 29.739418407549842 ], [ -95.476757953512532, 29.73888263472508 ], [ -95.47664348989494, 29.738503286702354 ], [ -95.476574836725106, 29.737919621546627 ], [ -95.476588148392921, 29.737113393538195 ], [ -95.476582427927383, 29.736672314484544 ], [ -95.476581497331949, 29.736600601781973 ], [ -95.476579467789577, 29.736443960801985 ], [ -95.476554187634193, 29.735835287223452 ], [ -95.476541427594043, 29.735478358100778 ], [ -95.476521279938765, 29.735087851120774 ], [ -95.476520749040844, 29.734372348188558 ] ] } },
{ "type": "Feature", "properties": { "OBJECTID": 91, "Full_Name": "CLAREWOOD DR", "Ped_Death_Count": 0, "Bike_Death_Count": 0, "Veh_Death_Count": 0, "Ped_Crash_Count": 1, "Bike_Crash_Count": 0, "Veh_Crash_Count": 5, "Total_Crash_Count": 6, "RoadLength": 2640.0002, "Miles": 0.5, "CrashRate": 12.0, "Total_Death_Count": 0, "Shape__Length": 2640.0002019103431 }, "geometry": { "type": "LineString", "coordinates": [ [ -95.511271574557199, 29.709188408984001 ], [ -95.511405568620987, 29.709244690551827 ], [ -95.512047676911848, 29.709483586340937 ], [ -95.512572730100587, 29.709630237916631 ], [ -95.512904829068177, 29.709680423896653 ], [ -95.513580351025908, 29.709760339943895 ], [ -95.513937433780114, 29.709757172068468 ], [ -95.515141865735444, 29.709740808289762 ], [ -95.515684111066307, 29.709746085785181 ], [ -95.516163409773, 29.709736421444795 ], [ -95.518014599469169, 29.709725021161393 ], [ -95.518659522635247, 29.709709990970712 ], [ -95.519251063954741, 29.70970376208945 ], [ -95.519479641835076, 29.70970306802073 ] ] } },
{ "type": "Feature", "properties": { "OBJECTID": 92, "Full_Name": "CLAY RD", "Ped_Death_Count": 1, "Bike_Death_Count": 0, "Veh_Death_Count": 1, "Ped_Crash_Count": 1, "Bike_Crash_Count": 0, "Veh_Crash_Count": 4, "Total_Crash_Count": 5, "RoadLength": 2640.0002, "Miles": 0.5, "CrashRate": 10.0, "Total_Death_Count": 2, "Shape__Length": 2640.0002150218543 }, "geometry": { "type": "LineString", "coordinates": [ [ -95.538047147964434, 29.832338026483033 ], [ -95.539052027633559, 29.832326834946336 ], [ -95.541861501967418, 29.832288184444941 ], [ -95.54215857865411, 29.832284094201579 ], [ -95.542758852084219, 29.832272956436842 ], [ -95.543486421172361, 29.832256104585209 ], [ -95.545321429144394, 29.832237866959282 ], [ -95.546157393768979, 29.832229590581409 ], [ -95.546350503126916, 29.832231431287266 ], [ -95.546372735300366, 29.832231233047448 ] ] } },
{ "type": "Feature", "properties": { "OBJECTID": 93, "Full_Name": "CLAY RD", "Ped_Death_Count": 0, "Bike_Death_Count": 0, "Veh_Death_Count": 0, "Ped_Crash_Count": 1, "Bike_Crash_Count": 0, "Veh_Crash_Count": 2, "Total_Crash_Count": 3, "RoadLength": 2640.0, "Miles": 0.5, "CrashRate": 6.0, "Total_Death_Count": 0, "Shape__Length": 2639.9999548812184 }, "geometry": { "type": "LineString", "coordinates": [ [ -95.504943912662654, 29.83356506147943 ], [ -95.505206858813338, 29.833446521412498 ], [ -95.50626494943964, 29.832971353322787 ], [ -95.506632673362077, 29.832845744261046 ], [ -95.507220235317234, 29.832804961118029 ], [ -95.507304634133646, 29.83280215169691 ], [ -95.507985373158419, 29.832751849586881 ], [ -95.508245001844983, 29.832733826340288 ], [ -95.509069625603132, 29.8327148835034 ], [ -95.509491391159045, 29.832708965700441 ], [ -95.510145533816427, 29.83270909617659 ], [ -95.510937187581419, 29.832704020807672 ], [ -95.511949796974605, 29.832690605749256 ], [ -95.51232138722257, 29.832687815674529 ], [ -95.512980644748694, 29.832675589433446 ], [ -95.513072351471678, 29.832673855497596 ] ] } },
{ "type": "Feature", "properties": { "OBJECTID": 94, "Full_Name": "CLEARWOOD DR", "Ped_Death_Count": 2, "Bike_Death_Count": 0, "Veh_Death_Count": 2, "Ped_Crash_Count": 5, "Bike_Crash_Count": 0, "Veh_Crash_Count": 3, "Total_Crash_Count": 8, "RoadLength": 2640.0, "Miles": 0.5, "CrashRate": 16.0, "Total_Death_Count": 4, "Shape__Length": 2640.0000436182004 }, "geometry": { "type": "LineString", "coordinates": [ [ -95.243612392511068, 29.640693138592823 ], [ -95.244303637365022, 29.640138938955808 ], [ -95.244468035864728, 29.640005999611432 ], [ -95.24483256975293, 29.639711166155049 ], [ -95.245090356668797, 29.639518935744725 ], [ -95.245761951136572, 29.638665607457227 ], [ -95.246060561445489, 29.637997404835282 ], [ -95.246113516741772, 29.637732586255858 ], [ -95.246161534090476, 29.637532778834682 ], [ -95.246201783153708, 29.63730801791257 ], [ -95.24625312081497, 29.636645161123621 ], [ -95.246256062501189, 29.63596361892456 ], [ -95.246223650517308, 29.63564109745078 ], [ -95.246245223365548, 29.635308122781691 ], [ -95.246249302998763, 29.634597698867275 ], [ -95.246219359306053, 29.634250793462812 ] ] } },
{ "type": "Feature", "properties": { "OBJECTID": 95, "Full_Name": "CLEARWOOD DR", "Ped_Death_Count": 0, "Bike_Death_Count": 0, "Veh_Death_Count": 3, "Ped_Crash_Count": 1, "Bike_Crash_Count": 0, "Veh_Crash_Count": 4, "Total_Crash_Count": 5, "RoadLength": 2640.0, "Miles": 0.5, "CrashRate": 10.0, "Total_Death_Count": 3, "Shape__Length": 2640.0000136514336 }, "geometry": { "type": "LineString", "coordinates": [ [ -95.246219359306053, 29.634250793462812 ], [ -95.246211983874872, 29.634165342145646 ], [ -95.24627233298223, 29.633523920141162 ], [ -95.246428736221972, 29.632834849966038 ], [ -95.246753856113372, 29.632112339866403 ], [ -95.247161075206918, 29.631416283858485 ], [ -95.247413926407418, 29.630915926754859 ], [ -95.247817029497853, 29.630307696113793 ], [ -95.248078315431343, 29.629913442467956 ], [ -95.24838257129926, 29.629112417426075 ], [ -95.248457454976531, 29.628853311027264 ], [ -95.248550481049037, 29.628002603800823 ], [ -95.248535538992485, 29.627403442182569 ] ] } },
{ "type": "Feature", "properties": { "OBJECTID": 96, "Full_Name": "CLUB CREEK DR", "Ped_Death_Count": 0, "Bike_Death_Count": 0, "Veh_Death_Count": 0, "Ped_Crash_Count": 3, "Bike_Crash_Count": 0, "Veh_Crash_Count": 2, "Total_Crash_Count": 5, "RoadLength": 1671.9884, "Miles": 0.3167, "CrashRate": 15.79, "Total_Death_Count": 0, "Shape__Length": 1671.9883969373334 }, "geometry": { "type": "LineString", "coordinates": [ [ -95.551397679606737, 29.686067984025247 ], [ -95.551501957257486, 29.686444033036647 ], [ -95.551610691343612, 29.686671954023204 ], [ -95.551942287913761, 29.687196092168662 ], [ -95.552311908057362, 29.68757959928385 ], [ -95.552530752696029, 29.687748629128389 ], [ -95.552693025500318, 29.687868998537219 ], [ -95.552872161572679, 29.68798254011087 ], [ -95.553018305106491, 29.688087971279053 ], [ -95.553336367799218, 29.688397529701593 ], [ -95.553408336217515, 29.688482894492356 ], [ -95.553688225709763, 29.688917122433573 ], [ -95.553836825965931, 29.689401663547237 ], [ -95.553887973362336, 29.68954753053649 ], [ -95.553940140321771, 29.689934930611845 ] ] } },
{ "type": "Feature", "properties": { "OBJECTID": 97, "Full_Name": "COLLINGSWORTH ST", "Ped_Death_Count": 0, "Bike_Death_Count": 0, "Veh_Death_Count": 0, "Ped_Crash_Count": 1, "Bike_Crash_Count": 0, "Veh_Crash_Count": 4, "Total_Crash_Count": 5, "RoadLength": 2640.0003, "Miles": 0.5, "CrashRate": 10.0, "Total_Death_Count": 0, "Shape__Length": 2640.0003141164334 }, "geometry": { "type": "LineString", "coordinates": [ [ -95.346316442569616, 29.793666710662333 ], [ -95.345943111037954, 29.793608705277318 ], [ -95.345196965266865, 29.793610801847194 ], [ -95.344030225845856, 29.793623862446729 ], [ -95.343145666408574, 29.793659571446025 ], [ -95.342082396593838, 29.793744330169964 ], [ -95.341759556478905, 29.793746556428019 ], [ -95.341506261731098, 29.793750681907838 ], [ -95.341283985510813, 29.793772213870977 ], [ -95.341150423323796, 29.793790647304323 ], [ -95.340280167726689, 29.793893732718455 ], [ -95.33999561003867, 29.793902590172909 ], [ -95.339896058220859, 29.793905689518645 ], [ -95.339790786652983, 29.793903450403199 ], [ -95.339522270239826, 29.793897737182888 ], [ -95.339219237237188, 29.793891290160932 ], [ -95.338391962655592, 29.793902907545402 ], [ -95.338015972594988, 29.793907687035901 ] ] } },
{ "type": "Feature", "properties": { "OBJECTID": 98, "Full_Name": "COLLINGSWORTH ST", "Ped_Death_Count": 1, "Bike_Death_Count": 0, "Veh_Death_Count": 1, "Ped_Crash_Count": 1, "Bike_Crash_Count": 0, "Veh_Crash_Count": 4, "Total_Crash_Count": 5, "RoadLength": 2639.9999, "Miles": 0.5, "CrashRate": 10.0, "Total_Death_Count": 2, "Shape__Length": 2639.9998791122225 }, "geometry": { "type": "LineString", "coordinates": [ [ -95.338015972594988, 29.793907687035901 ], [ -95.337214668159632, 29.793917869156402 ], [ -95.336016183014294, 29.793929469108182 ], [ -95.332043424744555, 29.79400563490227 ], [ -95.331438446289354, 29.794013719519185 ], [ -95.331246669957039, 29.794003541162059 ], [ -95.330987744558385, 29.793971799427851 ], [ -95.330626733331584, 29.793839853089018 ], [ -95.330404329013064, 29.793744990820912 ], [ -95.330169315313981, 29.793647009045159 ], [ -95.32984186024089, 29.793554816506564 ], [ -95.329794261252559, 29.793553746068952 ] ] } },
{ "type": "Feature", "properties": { "OBJECTID": 99, "Full_Name": "CONGRESS ST", "Ped_Death_Count": 0, "Bike_Death_Count": 0, "Veh_Death_Count": 0, "Ped_Crash_Count": 1, "Bike_Crash_Count": 0, "Veh_Crash_Count": 3, "Total_Crash_Count": 4, "RoadLength": 2640.0, "Miles": 0.5, "CrashRate": 8.0, "Total_Death_Count": 0, "Shape__Length": 2640.000042978545 }, "geometry": { "type": "LineString", "coordinates": [ [ -95.36425114114077, 29.764891059412768 ], [ -95.364291209328968, 29.764601074501613 ], [ -95.364282320283749, 29.764479793859923 ], [ -95.364232909625116, 29.764383350089119 ], [ -95.364104608801185, 29.764276119113408 ], [ -95.364045432441273, 29.764230452475623 ], [ -95.363327189217117, 29.763818557155314 ], [ -95.362473879464488, 29.763295101849366 ], [ -95.361603615388532, 29.762780432788457 ], [ -95.360726677554553, 29.762268344993558 ], [ -95.359849893146105, 29.761723409923093 ], [ -95.358993288660741, 29.761217579125692 ], [ -95.358132329657295, 29.76069456646351 ], [ -95.357885984676471, 29.760545130855402 ] ] } },
{ "type": "Feature", "properties": { "OBJECTID": 100, "Full_Name": "COOK RD", "Ped_Death_Count": 0, "Bike_Death_Count": 0, "Veh_Death_Count": 0, "Ped_Crash_Count": 4, "Bike_Crash_Count": 0, "Veh_Crash_Count": 3, "Total_Crash_Count": 7, "RoadLength": 2639.9998, "Miles": 0.5, "CrashRate": 14.0, "Total_Death_Count": 0, "Shape__Length": 2639.9998279774436 }, "geometry": { "type": "LineString", "coordinates": [ [ -95.595966819495644, 29.692891478440387 ], [ -95.595969383669072, 29.692399705780463 ], [ -95.595950373822234, 29.692105655538292 ], [ -95.595927374054526, 29.690887075586637 ], [ -95.595915491825693, 29.690537212606859 ], [ -95.595917430717307, 29.690126015149382 ], [ -95.595908289970822, 29.689693972246761 ], [ -95.595904974470741, 29.68908729910844 ], [ -95.595877270480059, 29.687976225638305 ], [ -95.595861161966425, 29.687234587757551 ], [ -95.595862928887385, 29.686536268349144 ], [ -95.595859754118877, 29.686268139391512 ], [ -95.595839966684153, 29.685823936802567 ], [ -95.595836975180205, 29.685632964018843 ] ] } },
{ "type": "Feature", "properties": { "OBJECTID": 101, "Full_Name": "CORPORATE DR", "Ped_Death_Count": 1, "Bike_Death_Count": 1, "Veh_Death_Count": 0, "Ped_Crash_Count": 4, "Bike_Crash_Count": 1, "Veh_Crash_Count": 1, "Total_Crash_Count": 6, "RoadLength": 1755.2634, "Miles": 0.3324, "CrashRate": 18.05, "Total_Death_Count": 2, "Shape__Length": 1755.2633987619554 }, "geometry": { "type": "LineString", "coordinates": [ [ -95.552161275308066, 29.694973104572163 ], [ -95.552156979953622, 29.694784914555747 ], [ -95.552141175161765, 29.694238535117695 ], [ -95.552133765359812, 29.694077543553632 ], [ -95.552117842789656, 29.693407755638269 ], [ -95.552099363597577, 29.693194127700409 ], [ -95.552078051071433, 29.692986979959976 ], [ -95.552031060272128, 29.69269104986823 ], [ -95.552004921023013, 29.692556413264306 ], [ -95.551676012121249, 29.69152216330961 ], [ -95.551590684002676, 29.691303125482531 ], [ -95.551505391222534, 29.691080848911941 ], [ -95.551402769930306, 29.690794990776784 ], [ -95.551196300327078, 29.690259553100404 ] ] } },
{ "type": "Feature", "properties": { "OBJECTID": 102, "Full_Name": "COTILLION DR", "Ped_Death_Count": 0, "Bike_Death_Count": 0, "Veh_Death_Count": 1, "Ped_Crash_Count": 1, "Bike_Crash_Count": 0, "Veh_Crash_Count": 2, "Total_Crash_Count": 3, "RoadLength": 2640.0, "Miles": 0.5, "CrashRate": 6.0, "Total_Death_Count": 1, "Shape__Length": 2639.9999569507727 }, "geometry": { "type": "LineString", "coordinates": [ [ -95.39528015682157, 29.926697734660099 ], [ -95.395303545946248, 29.927160012058241 ], [ -95.395305421727002, 29.927811877933639 ], [ -95.395306557575836, 29.928206621483369 ], [ -95.395307711788718, 29.928321209515858 ], [ -95.395314088100747, 29.92895433859978 ], [ -95.395339477796881, 29.929737330884794 ], [ -95.395347030231491, 29.930502326017702 ], [ -95.395358279957108, 29.931278746228543 ], [ -95.395360090540265, 29.931752829946618 ], [ -95.395360356423978, 29.931822547672603 ], [ -95.395361407854452, 29.931915831144234 ], [ -95.395363856831167, 29.932156587598758 ], [ -95.395370086364451, 29.932736205952455 ], [ -95.395373321405089, 29.933050020132288 ], [ -95.39539655257559, 29.933549659486793 ], [ -95.395378555551702, 29.933690725643562 ], [ -95.395394546873149, 29.933954791818923 ] ] } },
{ "type": "Feature", "properties": { "OBJECTID": 103, "Full_Name": "CRAWFORD ST", "Ped_Death_Count": 0, "Bike_Death_Count": 0, "Veh_Death_Count": 0, "Ped_Crash_Count": 2, "Bike_Crash_Count": 0, "Veh_Crash_Count": 0, "Total_Crash_Count": 2, "RoadLength": 1379.3462, "Miles": 0.2612, "CrashRate": 7.66, "Total_Death_Count": 0, "Shape__Length": 1379.3461634838604 }, "geometry": { "type": "LineString", "coordinates": [ [ -95.359061635324139, 29.754725426086413 ], [ -95.359160622289934, 29.754600527054993 ], [ -95.359469641622937, 29.754208500941036 ], [ -95.360632365958367, 29.752753287232963 ], [ -95.360936602051879, 29.752342029213615 ], [ -95.361525352881955, 29.751600527374709 ] ] } },
{ "type": "Feature", "properties": { "OBJECTID": 104, "Full_Name": "CRESCENT PARK DR", "Ped_Death_Count": 0, "Bike_Death_Count": 0, "Veh_Death_Count": 0, "Ped_Crash_Count": 2, "Bike_Crash_Count": 0, "Veh_Crash_Count": 1, "Total_Crash_Count": 3, "RoadLength": 1712.7598, "Miles": 0.3244, "CrashRate": 9.25, "Total_Death_Count": 0, "Shape__Length": 1712.7598367695985 }, "geometry": { "type": "LineString", "coordinates": [ [ -95.58524138797533, 29.741250650006133 ], [ -95.585149856323994, 29.74088363642997 ], [ -95.585087591645802, 29.740427036211841 ], [ -95.585060653737898, 29.739693912072543 ], [ -95.58506084673067, 29.739482114158765 ], [ -95.585041128895597, 29.73852524063194 ], [ -95.585039874153665, 29.738356607932094 ], [ -95.5850098576162, 29.73732667781664 ], [ -95.585000775857225, 29.736553243051091 ] ] } },
{ "type": "Feature", "properties": { "OBJECTID": 105, "Full_Name": "CRESTVIEW DR", "Ped_Death_Count": 0, "Bike_Death_Count": 0, "Veh_Death_Count": 0, "Ped_Crash_Count": 2, "Bike_Crash_Count": 0, "Veh_Crash_Count": 1, "Total_Crash_Count": 3, "RoadLength": 2639.9999, "Miles": 0.5, "CrashRate": 6.0, "Total_Death_Count": 0, "Shape__Length": 2639.9998789877036 }, "geometry": { "type": "LineString", "coordinates": [ [ -95.286955862361367, 29.837001400878563 ], [ -95.284443798307692, 29.83701813324852 ], [ -95.283421895864834, 29.83701665984675 ], [ -95.280280798443442, 29.837067511373814 ], [ -95.278629558061013, 29.837083450771562 ] ] } },
{ "type": "Feature", "properties": { "OBJECTID": 106, "Full_Name": "CROSSTIMBERS ST", "Ped_Death_Count": 1, "Bike_Death_Count": 0, "Veh_Death_Count": 0, "Ped_Crash_Count": 1, "Bike_Crash_Count": 0, "Veh_Crash_Count": 3, "Total_Crash_Count": 4, "RoadLength": 2640.0, "Miles": 0.5, "CrashRate": 8.0, "Total_Death_Count": 1, "Shape__Length": 2640.0000125058682 }, "geometry": { "type": "LineString", "coordinates": [ [ -95.399806473226477, 29.828167195300917 ], [ -95.399184336533182, 29.828211481278252 ], [ -95.397686407065478, 29.828398718450238 ], [ -95.395402328759602, 29.828523406385127 ], [ -95.39454737073936, 29.828525506679284 ], [ -95.393716518662572, 29.828533704522691 ], [ -95.392844764560678, 29.828545075436764 ], [ -95.392063187102565, 29.828544235275757 ], [ -95.391502191446264, 29.828549112974354 ] ] } },
{ "type": "Feature", "properties": { "OBJECTID": 107, "Full_Name": "CROSSTIMBERS ST", "Ped_Death_Count": 0, "Bike_Death_Count": 0, "Veh_Death_Count": 0, "Ped_Crash_Count": 1, "Bike_Crash_Count": 0, "Veh_Crash_Count": 5, "Total_Crash_Count": 6, "RoadLength": 2640.0001, "Miles": 0.5, "CrashRate": 12.0, "Total_Death_Count": 0, "Shape__Length": 2640.0000694760738 }, "geometry": { "type": "LineString", "coordinates": [ [ -95.391502191446264, 29.828549112974354 ], [ -95.390920883280202, 29.828554164621149 ], [ -95.390694884307507, 29.828555569837441 ], [ -95.39000698847623, 29.828564955126982 ], [ -95.38908702419306, 29.828572953784043 ], [ -95.388237431405912, 29.828584331023347 ], [ -95.38745268834441, 29.828608604030158 ], [ -95.387070449819291, 29.828613386756512 ], [ -95.386662560743488, 29.8286146735663 ], [ -95.385882022801624, 29.828637636273246 ], [ -95.384259325124503, 29.828624562176781 ], [ -95.383729221146183, 29.828626230840715 ], [ -95.383177178993165, 29.828627965496608 ] ] } },
{ "type": "Feature", "properties": { "OBJECTID": 108, "Full_Name": "CULLEN BLVD", "Ped_Death_Count": 1, "Bike_Death_Count": 0, "Veh_Death_Count": 0, "Ped_Crash_Count": 1, "Bike_Crash_Count": 0, "Veh_Crash_Count": 2, "Total_Crash_Count": 3, "RoadLength": 1927.628, "Miles": 0.3651, "CrashRate": 8.22, "Total_Death_Count": 1, "Shape__Length": 1927.6279838160608 }, "geometry": { "type": "LineString", "coordinates": [ [ -95.355315311255495, 29.617553677051216 ], [ -95.355315578542147, 29.617497827770141 ], [ -95.355319819675174, 29.616610212297562 ], [ -95.355373836907475, 29.61538603627676 ], [ -95.355350678317095, 29.615116789741698 ], [ -95.355357988255918, 29.614844222505329 ], [ -95.355410015849998, 29.614341827211771 ], [ -95.355428478202825, 29.612256354472958 ] ] } },
{ "type": "Feature", "properties": { "OBJECTID": 109, "Full_Name": "CULLEN BLVD", "Ped_Death_Count": 0, "Bike_Death_Count": 0, "Veh_Death_Count": 0, "Ped_Crash_Count": 1, "Bike_Crash_Count": 0, "Veh_Crash_Count": 3, "Total_Crash_Count": 4, "RoadLength": 2640.0001, "Miles": 0.5, "CrashRate": 8.0, "Total_Death_Count": 0, "Shape__Length": 2640.0001050090414 }, "geometry": { "type": "LineString", "coordinates": [ [ -95.356139166646301, 29.64657962606692 ], [ -95.356105706902724, 29.646118051854369 ], [ -95.356051021681509, 29.645343680311054 ], [ -95.356049183762423, 29.644600030918028 ], [ -95.356030152999395, 29.644166495286932 ], [ -95.356005452576397, 29.643296291502015 ], [ -95.35598039194339, 29.642408246723392 ], [ -95.355948943328613, 29.641381221770011 ], [ -95.35593401387105, 29.640845424261475 ], [ -95.355887347439406, 29.639323709398951 ] ] } },
{ "type": "Feature", "properties": { "OBJECTID": 110, "Full_Name": "CULLEN BLVD", "Ped_Death_Count": 2, "Bike_Death_Count": 0, "Veh_Death_Count": 0, "Ped_Crash_Count": 2, "Bike_Crash_Count": 0, "Veh_Crash_Count": 3, "Total_Crash_Count": 5, "RoadLength": 2640.0001, "Miles": 0.5, "CrashRate": 10.0, "Total_Death_Count": 2, "Shape__Length": 2640.0001383534536 }, "geometry": { "type": "LineString", "coordinates": [ [ -95.35550688359109, 29.661020669479864 ], [ -95.355496130189479, 29.660582200214648 ], [ -95.35548364061124, 29.659862607355631 ], [ -95.355476261225547, 29.659152679624505 ], [ -95.355447765819164, 29.65842312367397 ], [ -95.355427608753089, 29.657612819314821 ], [ -95.355428588877515, 29.657126993321167 ], [ -95.355419286839648, 29.65667142185433 ], [ -95.355418067236414, 29.655907590745514 ], [ -95.355388004546811, 29.654633665533012 ], [ -95.355378807157308, 29.654243858859999 ], [ -95.355379719115263, 29.65393672994114 ], [ -95.355377157840223, 29.653761723291588 ] ] } },
{ "type": "Feature", "properties": { "OBJECTID": 111, "Full_Name": "CULLEN BLVD", "Ped_Death_Count": 4, "Bike_Death_Count": 0, "Veh_Death_Count": 0, "Ped_Crash_Count": 3, "Bike_Crash_Count": 0, "Veh_Crash_Count": 3, "Total_Crash_Count": 6, "RoadLength": 2639.9999, "Miles": 0.5, "CrashRate": 12.0, "Total_Death_Count": 4, "Shape__Length": 2639.9999088624713 }, "geometry": { "type": "LineString", "coordinates": [ [ -95.355645410455338, 29.668278850303963 ], [ -95.35563867328294, 29.667946895130086 ], [ -95.355647041306867, 29.667480052949166 ], [ -95.355626842419156, 29.666743659142067 ], [ -95.355605739051896, 29.666032614344125 ], [ -95.355595970421604, 29.665335410249437 ], [ -95.355578675213664, 29.664360701137205 ], [ -95.355536097602112, 29.663284622501457 ], [ -95.355548206012088, 29.662447120253383 ], [ -95.35553332659606, 29.662212826438374 ], [ -95.355513897858913, 29.661306699249092 ], [ -95.35550688359109, 29.661020669479864 ] ] } },
{ "type": "Feature", "properties": { "OBJECTID": 112, "Full_Name": "CULLEN BLVD", "Ped_Death_Count": 0, "Bike_Death_Count": 0, "Veh_Death_Count": 2, "Ped_Crash_Count": 2, "Bike_Crash_Count": 0, "Veh_Crash_Count": 6, "Total_Crash_Count": 8, "RoadLength": 2639.9999, "Miles": 0.5, "CrashRate": 16.0, "Total_Death_Count": 2, "Shape__Length": 2639.9999059053116 }, "geometry": { "type": "LineString", "coordinates": [ [ -95.35582057815806, 29.675536631593612 ], [ -95.355820574719331, 29.675530443558852 ], [ -95.355806086007235, 29.674857421286926 ], [ -95.355795506916962, 29.674554449515202 ], [ -95.355793461258315, 29.674284947061725 ], [ -95.35578875099695, 29.674091284718813 ], [ -95.355763289123942, 29.673339522379749 ], [ -95.355740670850111, 29.672573001563961 ], [ -95.355744875992343, 29.671782165590692 ], [ -95.355727280857394, 29.671026268659975 ], [ -95.355691171887202, 29.670240151895129 ], [ -95.355680229146557, 29.669480424176797 ], [ -95.35567076323521, 29.669094482471099 ], [ -95.355660013173633, 29.668998375424582 ], [ -95.355645410455338, 29.668278850303963 ] ] } },
{ "type": "Feature", "properties": { "OBJECTID": 113, "Full_Name": "CULLEN BLVD", "Ped_Death_Count": 1, "Bike_Death_Count": 0, "Veh_Death_Count": 1, "Ped_Crash_Count": 2, "Bike_Crash_Count": 0, "Veh_Crash_Count": 4, "Total_Crash_Count": 6, "RoadLength": 2640.0, "Miles": 0.5, "CrashRate": 12.0, "Total_Death_Count": 2, "Shape__Length": 2640.0000408621972 }, "geometry": { "type": "LineString", "coordinates": [ [ -95.355908446566218, 29.682795803942973 ], [ -95.355910060113473, 29.682765921028107 ], [ -95.355884364262764, 29.681623780951554 ], [ -95.355881088425818, 29.68120590304963 ], [ -95.355883958884618, 29.680926150336642 ], [ -95.355886325868127, 29.680695428796898 ], [ -95.355888673877445, 29.680466599666069 ], [ -95.355885629353509, 29.680388872908463 ], [ -95.355876133703376, 29.678863447035585 ], [ -95.355869249821509, 29.67847746736059 ], [ -95.355823071533365, 29.677110040241512 ], [ -95.355821047375144, 29.676356295966571 ], [ -95.35582057815806, 29.675536631593612 ] ] } },
{ "type": "Feature", "properties": { "OBJECTID": 114, "Full_Name": "CULLEN BLVD", "Ped_Death_Count": 0, "Bike_Death_Count": 0, "Veh_Death_Count": 2, "Ped_Crash_Count": 2, "Bike_Crash_Count": 1, "Veh_Crash_Count": 3, "Total_Crash_Count": 6, "RoadLength": 2640.0002, "Miles": 0.5, "CrashRate": 12.0, "Total_Death_Count": 2, "Shape__Length": 2640.0002053876897 }, "geometry": { "type": "LineString", "coordinates": [ [ -95.353433460553092, 29.689692925692082 ], [ -95.353519121451001, 29.689488078204949 ], [ -95.354065280370506, 29.688104415062895 ], [ -95.354393263061183, 29.687311345298038 ], [ -95.354750722046276, 29.686422379458033 ], [ -95.354883761205841, 29.686091291878515 ], [ -95.35503558928599, 29.685741892797886 ], [ -95.355418339863178, 29.6847664130525 ], [ -95.35574229643565, 29.684038672475754 ], [ -95.355864941189409, 29.683601403906572 ], [ -95.355898232295047, 29.682984935251127 ], [ -95.355908446566218, 29.682795803942973 ] ] } },
{ "type": "Feature", "properties": { "OBJECTID": 115, "Full_Name": "CULLEN BLVD", "Ped_Death_Count": 1, "Bike_Death_Count": 0, "Veh_Death_Count": 1, "Ped_Crash_Count": 2, "Bike_Crash_Count": 0, "Veh_Crash_Count": 1, "Total_Crash_Count": 3, "RoadLength": 2639.9998, "Miles": 0.5, "CrashRate": 6.0, "Total_Death_Count": 2, "Shape__Length": 2639.9997863274675 }, "geometry": { "type": "LineString", "coordinates": [ [ -95.350664342215225, 29.696538208146457 ], [ -95.350835768127311, 29.696124897126605 ], [ -95.350946588501458, 29.69586486517608 ], [ -95.351256346258893, 29.695078427100214 ], [ -95.351401901651286, 29.694695826603848 ], [ -95.351725504564712, 29.693903711224053 ], [ -95.351886167011756, 29.69353325128673 ], [ -95.35219195598016, 29.69276711800315 ], [ -95.352347984260987, 29.692386964575348 ], [ -95.352840273043299, 29.691126299824443 ], [ -95.352915906671257, 29.690930574783511 ], [ -95.353433460553092, 29.689692925692082 ] ] } },
{ "type": "Feature", "properties": { "OBJECTID": 116, "Full_Name": "DACOMA RD", "Ped_Death_Count": 0, "Bike_Death_Count": 0, "Veh_Death_Count": 1, "Ped_Crash_Count": 1, "Bike_Crash_Count": 0, "Veh_Crash_Count": 3, "Total_Crash_Count": 4, "RoadLength": 2640.0, "Miles": 0.5, "CrashRate": 8.0, "Total_Death_Count": 1, "Shape__Length": 2640.0000490932252 }, "geometry": { "type": "LineString", "coordinates": [ [ -95.451894674554111, 29.809131617586484 ], [ -95.452154844992577, 29.809083304191414 ], [ -95.45280130902681, 29.808982509480717 ], [ -95.453382995000624, 29.808852012744506 ], [ -95.453817720362395, 29.808698171782556 ], [ -95.453975570450652, 29.808648854297434 ], [ -95.454196225023381, 29.808557432649259 ], [ -95.454542487178628, 29.808381796945451 ], [ -95.454844513649221, 29.80819526562761 ], [ -95.455142155091337, 29.807974575771265 ], [ -95.455343372553486, 29.80779708670233 ], [ -95.455662784047192, 29.807554426252381 ], [ -95.455777009443153, 29.807458256600444 ], [ -95.455915402393089, 29.807341738622043 ], [ -95.456105335395875, 29.807181826785065 ], [ -95.456226824871905, 29.807118318327522 ], [ -95.456411976645327, 29.807003156824212 ], [ -95.456652940803508, 29.806890873854964 ], [ -95.456828217579471, 29.806837758684491 ], [ -95.457059569431593, 29.80677123992017 ], [ -95.457694550522035, 29.806730952481608 ], [ -95.45882285670605, 29.80670369676454 ], [ -95.459419919691669, 29.806706674634075 ] ] } },
{ "type": "Feature", "properties": { "OBJECTID": 117, "Full_Name": "DALLAS ST", "Ped_Death_Count": 1, "Bike_Death_Count": 0, "Veh_Death_Count": 0, "Ped_Crash_Count": 3, "Bike_Crash_Count": 0, "Veh_Crash_Count": 0, "Total_Crash_Count": 3, "RoadLength": 2640.0, "Miles": 0.5, "CrashRate": 6.0, "Total_Death_Count": 1, "Shape__Length": 2639.9999777619382 }, "geometry": { "type": "LineString", "coordinates": [ [ -95.373790214502691, 29.760039707622916 ], [ -95.373732391294013, 29.760020826049651 ], [ -95.373460238717357, 29.75993195621156 ], [ -95.373350807388746, 29.759896221355948 ], [ -95.373296404185183, 29.759878455776612 ], [ -95.372692057061144, 29.759537959803264 ], [ -95.37126937965833, 29.758573988113088 ], [ -95.370415884257952, 29.75802835292583 ], [ -95.369565068005585, 29.757547713407419 ], [ -95.368947553364123, 29.757176668484796 ], [ -95.368698587003408, 29.757031635524942 ], [ -95.367832063273482, 29.756519206375202 ], [ -95.366974409830604, 29.755998638676694 ], [ -95.366925101021835, 29.755968281818568 ] ] } },
{ "type": "Feature", "properties": { "OBJECTID": 118, "Full_Name": "DAMICO ST", "Ped_Death_Count": 0, "Bike_Death_Count": 0, "Veh_Death_Count": 0, "Ped_Crash_Count": 1, "Bike_Crash_Count": 0, "Veh_Crash_Count": 1, "Total_Crash_Count": 2, "RoadLength": 1656.934, "Miles": 0.3138, "CrashRate": 6.37, "Total_Death_Count": 0, "Shape__Length": 1656.9340482265261 }, "geometry": { "type": "LineString", "coordinates": [ [ -95.396956291064328, 29.759578041364588 ], [ -95.398149249079665, 29.759562842564868 ], [ -95.399059319543568, 29.759479445617359 ], [ -95.400333275050144, 29.7593525868866 ], [ -95.401750132313211, 29.759214285165569 ], [ -95.401887599263503, 29.759248269823367 ], [ -95.401967996566825, 29.759296999561187 ], [ -95.402028956600319, 29.75943118648857 ] ] } },
{ "type": "Feature", "properties": { "OBJECTID": 119, "Full_Name": "DASHWOOD DR", "Ped_Death_Count": 2, "Bike_Death_Count": 0, "Veh_Death_Count": 1, "Ped_Crash_Count": 3, "Bike_Crash_Count": 1, "Veh_Crash_Count": 2, "Total_Crash_Count": 6, "RoadLength": 2227.7131, "Miles": 0.4219, "CrashRate": 14.22, "Total_Death_Count": 3, "Shape__Length": 2227.7131369009162 }, "geometry": { "type": "LineString", "coordinates": [ [ -95.486065732556256, 29.707347339395458 ], [ -95.486139724263452, 29.707347315678089 ], [ -95.4867460930204, 29.707338844000951 ], [ -95.487597728349158, 29.707323263373613 ], [ -95.488822987537105, 29.707310549882653 ], [ -95.489617177906254, 29.707313007214911 ], [ -95.490906396992457, 29.707298586048839 ], [ -95.491801305375219, 29.707278412301857 ], [ -95.493082562696912, 29.707266057997487 ] ] } },
{ "type": "Feature", "properties": { "OBJECTID": 120, "Full_Name": "DODSON ST", "Ped_Death_Count": 0, "Bike_Death_Count": 0, "Veh_Death_Count": 0, "Ped_Crash_Count": 1, "Bike_Crash_Count": 0, "Veh_Crash_Count": 2, "Total_Crash_Count": 3, "RoadLength": 2639.9998, "Miles": 0.5, "CrashRate": 6.0, "Total_Death_Count": 0, "Shape__Length": 2639.999784117821 }, "geometry": { "type": "LineString", "coordinates": [ [ -95.33193889477684, 29.841809028410761 ], [ -95.331944655706067, 29.841942177590159 ], [ -95.332003326485534, 29.843056408625007 ], [ -95.33201671086357, 29.843452909598131 ], [ -95.332101355075807, 29.844943318883136 ], [ -95.332124459968711, 29.845508873413628 ], [ -95.33213343672989, 29.845698577623754 ], [ -95.332126251789617, 29.84589817066545 ], [ -95.332079928476062, 29.846306817263169 ], [ -95.331946278558206, 29.847218524654082 ], [ -95.331827731488275, 29.848141997461049 ], [ -95.331761702054493, 29.848734424482757 ], [ -95.331765989880168, 29.849047000158098 ] ] } },
{ "type": "Feature", "properties": { "OBJECTID": 121, "Full_Name": "DODSON ST", "Ped_Death_Count": 0, "Bike_Death_Count": 0, "Veh_Death_Count": 0, "Ped_Crash_Count": 1, "Bike_Crash_Count": 0, "Veh_Crash_Count": 2, "Total_Crash_Count": 3, "RoadLength": 2640.0001, "Miles": 0.5, "CrashRate": 6.0, "Total_Death_Count": 0, "Shape__Length": 2640.0001453697441 }, "geometry": { "type": "LineString", "coordinates": [ [ -95.331765989880168, 29.849047000158098 ], [ -95.331767044241573, 29.849123892515049 ], [ -95.331771007762967, 29.849516538939554 ], [ -95.331775472599702, 29.850775648850203 ], [ -95.331771066330333, 29.85109240410949 ], [ -95.331766740679811, 29.851324725737193 ], [ -95.331771880156069, 29.851447214368392 ], [ -95.331797101242017, 29.851567564143803 ], [ -95.331831749609961, 29.851691219097688 ], [ -95.331851018458977, 29.851807637486623 ], [ -95.331869552080349, 29.851944484416947 ], [ -95.331890121435492, 29.852144023775548 ], [ -95.331934305272966, 29.853186967123058 ], [ -95.331970890638345, 29.854234390654529 ], [ -95.331998709571494, 29.8552739421647 ], [ -95.332032867042145, 29.856296159768586 ] ] } },
{ "type": "Feature", "properties": { "OBJECTID": 122, "Full_Name": "DOVER ST", "Ped_Death_Count": 0, "Bike_Death_Count": 0, "Veh_Death_Count": 0, "Ped_Crash_Count": 1, "Bike_Crash_Count": 0, "Veh_Crash_Count": 1, "Total_Crash_Count": 2, "RoadLength": 2316.2558, "Miles": 0.4387, "CrashRate": 4.56, "Total_Death_Count": 0, "Shape__Length": 2316.2558154484786 }, "geometry": { "type": "LineString", "coordinates": [ [ -95.555705543848418, 29.657500517873078 ], [ -95.555679088351923, 29.656308546297637 ], [ -95.555677583232736, 29.656107006797782 ], [ -95.555670196003206, 29.655916735333069 ], [ -95.55556066283232, 29.652709243069026 ], [ -95.555520812701005, 29.651132767840501 ] ] } },
{ "type": "Feature", "properties": { "OBJECTID": 123, "Full_Name": "DUNLAVY ST", "Ped_Death_Count": 1, "Bike_Death_Count": 0, "Veh_Death_Count": 0, "Ped_Crash_Count": 2, "Bike_Crash_Count": 0, "Veh_Crash_Count": 2, "Total_Crash_Count": 4, "RoadLength": 2639.9999, "Miles": 0.5, "CrashRate": 8.0, "Total_Death_Count": 1, "Shape__Length": 2639.9998872122342 }, "geometry": { "type": "LineString", "coordinates": [ [ -95.402085088999669, 29.744664010070981 ], [ -95.402085822613927, 29.743764449699974 ], [ -95.402067878033108, 29.742786825269153 ], [ -95.402046967467967, 29.741968964517241 ], [ -95.402029909731738, 29.741216144649954 ], [ -95.402022290376181, 29.740373987835255 ], [ -95.402008190588987, 29.739512837138314 ], [ -95.40198569823221, 29.738652574714511 ], [ -95.401969450433896, 29.737404847742738 ] ] } },
{ "type": "Feature", "properties": { "OBJECTID": 124, "Full_Name": "DURHAM DR", "Ped_Death_Count": 0, "Bike_Death_Count": 0, "Veh_Death_Count": 2, "Ped_Crash_Count": 2, "Bike_Crash_Count": 1, "Veh_Crash_Count": 8, "Total_Crash_Count": 11, "RoadLength": 2640.0001, "Miles": 0.5, "CrashRate": 22.0, "Total_Death_Count": 2, "Shape__Length": 2640.0000598276151 }, "geometry": { "type": "LineString", "coordinates": [ [ -95.409479704803019, 29.765331742914228 ], [ -95.409621424901829, 29.765390219394302 ], [ -95.409946637731537, 29.765931639100867 ], [ -95.410060021744286, 29.766053393006839 ], [ -95.410478787130629, 29.766793553704929 ], [ -95.410552028684648, 29.767510212424433 ], [ -95.410576807993294, 29.768249672837388 ], [ -95.410579309342069, 29.768978126955286 ], [ -95.410578781867869, 29.769703771973681 ], [ -95.410568664676191, 29.770411470673725 ], [ -95.410583349951651, 29.770462288977459 ], [ -95.410589453722366, 29.77117719821964 ], [ -95.410612410750659, 29.771922431134005 ], [ -95.410620905608681, 29.772318048915732 ] ] } },
{ "type": "Feature", "properties": { "OBJECTID": 125, "Full_Name": "E 23RD ST", "Ped_Death_Count": 0, "Bike_Death_Count": 0, "Veh_Death_Count": 0, "Ped_Crash_Count": 1, "Bike_Crash_Count": 0, "Veh_Crash_Count": 2, "Total_Crash_Count": 3, "RoadLength": 2640.0001, "Miles": 0.5, "CrashRate": 6.0, "Total_Death_Count": 0, "Shape__Length": 2640.0000656134116 }, "geometry": { "type": "LineString", "coordinates": [ [ -95.399284199468525, 29.80699708663159 ], [ -95.399162275721721, 29.806987610621924 ], [ -95.398339620134678, 29.806998846283722 ], [ -95.397440309085411, 29.807011123883491 ], [ -95.396717841097356, 29.807019326335485 ], [ -95.39604351022156, 29.807027714151911 ], [ -95.395996117980431, 29.807035056759602 ], [ -95.395954217337263, 29.807059125019062 ], [ -95.395944855617699, 29.807087380765573 ], [ -95.395940132021835, 29.807134985798854 ], [ -95.395936713842929, 29.807231688450457 ], [ -95.395591065843419, 29.807235832397151 ], [ -95.394506612346134, 29.80725820377469 ], [ -95.393412561674367, 29.807275854535916 ], [ -95.392315235303357, 29.807289444698721 ], [ -95.391213833320379, 29.807309734787587 ], [ -95.391152282346823, 29.807309594314656 ] ] } },
{ "type": "Feature", "properties": { "OBJECTID": 126, "Full_Name": "E CROSSTIMBERS ST", "Ped_Death_Count": 0, "Bike_Death_Count": 0, "Veh_Death_Count": 1, "Ped_Crash_Count": 1, "Bike_Crash_Count": 0, "Veh_Crash_Count": 2, "Total_Crash_Count": 3, "RoadLength": 2639.9999, "Miles": 0.5, "CrashRate": 6.0, "Total_Death_Count": 1, "Shape__Length": 2639.9998720553344 }, "geometry": { "type": "LineString", "coordinates": [ [ -95.364102862099884, 29.828897778651132 ], [ -95.3612961728752, 29.828914030019895 ], [ -95.359034682835485, 29.828948243131901 ], [ -95.356888577219493, 29.82899065132418 ], [ -95.356455390571995, 29.829007524973132 ], [ -95.3560666479178, 29.829006508533414 ], [ -95.355777934469273, 29.829002018294666 ] ] } },
{ "type": "Feature", "properties": { "OBJECTID": 127, "Full_Name": "E CROSSTIMBERS ST", "Ped_Death_Count": 1, "Bike_Death_Count": 0, "Veh_Death_Count": 1, "Ped_Crash_Count": 1, "Bike_Crash_Count": 1, "Veh_Crash_Count": 3, "Total_Crash_Count": 5, "RoadLength": 2639.9999, "Miles": 0.5, "CrashRate": 10.0, "Total_Death_Count": 2, "Shape__Length": 2639.9999375652205 }, "geometry": { "type": "LineString", "coordinates": [ [ -95.372365319223789, 29.828405911132442 ], [ -95.371392031246174, 29.828427296340738 ], [ -95.370522784267337, 29.828435402815899 ], [ -95.36957869769671, 29.828440266045529 ], [ -95.368781949833476, 29.828438764821364 ], [ -95.367703964082423, 29.828451243803062 ], [ -95.367147024587567, 29.828496319981308 ], [ -95.36690716918875, 29.828553848037387 ], [ -95.36665230556099, 29.828632229994216 ], [ -95.36631429075193, 29.828726954541555 ], [ -95.366094021370415, 29.828780818224015 ], [ -95.36572747478067, 29.828853627126882 ], [ -95.365330342063814, 29.828885355920551 ], [ -95.36500718986926, 29.828892529544973 ], [ -95.364102862099884, 29.828897778651132 ] ] } },
{ "type": "Feature", "properties": { "OBJECTID": 128, "Full_Name": "E EDGEBROOK DR", "Ped_Death_Count": 1, "Bike_Death_Count": 0, "Veh_Death_Count": 0, "Ped_Crash_Count": 2, "Bike_Crash_Count": 0, "Veh_Crash_Count": 3, "Total_Crash_Count": 5, "RoadLength": 2640.0, "Miles": 0.5, "CrashRate": 10.0, "Total_Death_Count": 1, "Shape__Length": 2639.9999993601637 }, "geometry": { "type": "LineString", "coordinates": [ [ -95.221281121836853, 29.64788752901438 ], [ -95.220559197003595, 29.648302658661347 ], [ -95.219963941004991, 29.648635005150556 ], [ -95.219321517971238, 29.649018737050849 ], [ -95.218721094700754, 29.649249426591251 ], [ -95.217401482725833, 29.649694549459674 ], [ -95.216977584831653, 29.649833914182686 ], [ -95.216228432781364, 29.65008074370115 ], [ -95.215653292108144, 29.650249052651056 ], [ -95.215403423206084, 29.650322171630574 ], [ -95.214759555998839, 29.650510586263419 ], [ -95.213729875742843, 29.650821447369502 ] ] } },
{ "type": "Feature", "properties": { "OBJECTID": 129, "Full_Name": "E LITTLE YORK RD", "Ped_Death_Count": 1, "Bike_Death_Count": 1, "Veh_Death_Count": 0, "Ped_Crash_Count": 3, "Bike_Crash_Count": 1, "Veh_Crash_Count": 1, "Total_Crash_Count": 5, "RoadLength": 2640.0001, "Miles": 0.5, "CrashRate": 10.0, "Total_Death_Count": 2, "Shape__Length": 2640.0000636075142 }, "geometry": { "type": "LineString", "coordinates": [ [ -95.398797229985419, 29.869897310996461 ], [ -95.398746108748171, 29.869898634757014 ], [ -95.398523208546194, 29.869899394123568 ], [ -95.398364338450023, 29.869902098835183 ], [ -95.398073983103686, 29.869905426804483 ], [ -95.397827622129668, 29.869909056369139 ], [ -95.395594455249011, 29.869926544375922 ], [ -95.39455385414692, 29.869936635639956 ], [ -95.391212948578158, 29.869972182982945 ], [ -95.390726785336724, 29.869977642369598 ], [ -95.390468096453915, 29.8699802939954 ] ] } },
{ "type": "Feature", "properties": { "OBJECTID": 130, "Full_Name": "E NAVIGATION BLVD", "Ped_Death_Count": 1, "Bike_Death_Count": 0, "Veh_Death_Count": 0, "Ped_Crash_Count": 1, "Bike_Crash_Count": 0, "Veh_Crash_Count": 1, "Total_Crash_Count": 2, "RoadLength": 1698.6824, "Miles": 0.3217, "CrashRate": 6.22, "Total_Death_Count": 1, "Shape__Length": 1698.6823619472159 }, "geometry": { "type": "LineString", "coordinates": [ [ -95.281954944383372, 29.735605241510353 ], [ -95.28198363054338, 29.735652895621332 ], [ -95.283221145931606, 29.737702844200221 ], [ -95.28367280442157, 29.738418315047813 ], [ -95.284027117436949, 29.738830176763322 ], [ -95.28441076360663, 29.739147968098461 ], [ -95.284886243629927, 29.73943935295835 ] ] } },
{ "type": "Feature", "properties": { "OBJECTID": 131, "Full_Name": "E OREM DR", "Ped_Death_Count": 1, "Bike_Death_Count": 0, "Veh_Death_Count": 0, "Ped_Crash_Count": 1, "Bike_Crash_Count": 0, "Veh_Crash_Count": 3, "Total_Crash_Count": 4, "RoadLength": 2639.9999, "Miles": 0.5, "CrashRate": 8.0, "Total_Death_Count": 1, "Shape__Length": 2639.9998647014663 }, "geometry": { "type": "LineString", "coordinates": [ [ -95.344505382741175, 29.625904196130357 ], [ -95.344055635225914, 29.625908735680902 ], [ -95.343216020536403, 29.625902301577192 ], [ -95.342385334751128, 29.625911994764905 ], [ -95.341616897691537, 29.62600036189049 ], [ -95.340851008095044, 29.626013276725082 ], [ -95.340299428713919, 29.625993954415407 ], [ -95.339620057560779, 29.625890714043237 ], [ -95.339456718488165, 29.625852382738625 ], [ -95.338682180178779, 29.625698866811199 ], [ -95.337851095199923, 29.625653389063242 ], [ -95.336240226681198, 29.625657508188134 ] ] } },
{ "type": "Feature", "properties": { "OBJECTID": 132, "Full_Name": "E RITTENHOUSE ST", "Ped_Death_Count": 0, "Bike_Death_Count": 0, "Veh_Death_Count": 0, "Ped_Crash_Count": 1, "Bike_Crash_Count": 0, "Veh_Crash_Count": 1, "Total_Crash_Count": 2, "RoadLength": 1478.7006, "Miles": 0.2801, "CrashRate": 7.14, "Total_Death_Count": 0, "Shape__Length": 1478.7006028685571 }, "geometry": { "type": "LineString", "coordinates": [ [ -95.389404453761188, 29.864405006857886 ], [ -95.388793326561611, 29.864410643044764 ], [ -95.387872886008552, 29.86442229748241 ], [ -95.387514924512487, 29.864428891448942 ], [ -95.385799755601056, 29.864443653495229 ], [ -95.384979203841539, 29.864450000189283 ], [ -95.384739581539989, 29.8644570003773 ] ] } },
{ "type": "Feature", "properties": { "OBJECTID": 133, "Full_Name": "E TIDWELL RD", "Ped_Death_Count": 0, "Bike_Death_Count": 0, "Veh_Death_Count": 0, "Ped_Crash_Count": 2, "Bike_Crash_Count": 0, "Veh_Crash_Count": 3, "Total_Crash_Count": 5, "RoadLength": 2302.1025, "Miles": 0.436, "CrashRate": 11.47, "Total_Death_Count": 0, "Shape__Length": 2302.1024768127049 }, "geometry": { "type": "LineString", "coordinates": [ [ -95.391696165379429, 29.845532917003144 ], [ -95.39127615627595, 29.845543727809805 ], [ -95.390836881859371, 29.845544635010778 ], [ -95.390563849379049, 29.845529888030804 ], [ -95.390039587471605, 29.845500095603185 ], [ -95.389780556004865, 29.845501396417067 ], [ -95.389564971193835, 29.845502645104254 ], [ -95.389166973725381, 29.845503339296343 ], [ -95.388596096435023, 29.845505674749269 ], [ -95.387345899570732, 29.845510670332562 ], [ -95.387246386984557, 29.845511521677299 ], [ -95.386483635580078, 29.845513430697782 ], [ -95.386471189065531, 29.845513513258087 ], [ -95.386319741683096, 29.845513971002518 ], [ -95.384436208053401, 29.84552187224568 ] ] } },
{ "type": "Feature", "properties": { "OBJECTID": 134, "Full_Name": "EAST FWY", "Ped_Death_Count": 1, "Bike_Death_Count": 0, "Veh_Death_Count": 2, "Ped_Crash_Count": 1, "Bike_Crash_Count": 0, "Veh_Crash_Count": 2, "Total_Crash_Count": 3, "RoadLength": 2384.1234, "Miles": 0.4515, "CrashRate": 6.64, "Total_Death_Count": 3, "Shape__Length": 2384.123412891131 }, "geometry": { "type": "LineString", "coordinates": [ [ -95.322671888469202, 29.77446039461908 ], [ -95.322270062112295, 29.774524878396278 ], [ -95.321065919760557, 29.774647616679207 ], [ -95.319751154414533, 29.774663440100007 ], [ -95.31878978123332, 29.774657003716374 ], [ -95.317475738920521, 29.774652852101561 ], [ -95.315602158395805, 29.7746540661682 ], [ -95.315171645282717, 29.77465237827257 ] ] } },
{ "type": "Feature", "properties": { "OBJECTID": 135, "Full_Name": "EAST FWY", "Ped_Death_Count": 0, "Bike_Death_Count": 0, "Veh_Death_Count": 1, "Ped_Crash_Count": 1, "Bike_Crash_Count": 0, "Veh_Crash_Count": 2, "Total_Crash_Count": 3, "RoadLength": 2639.9999, "Miles": 0.5, "CrashRate": 6.0, "Total_Death_Count": 1, "Shape__Length": 2639.9998727381062 }, "geometry": { "type": "LineString", "coordinates": [ [ -95.225738062693921, 29.771897755045554 ], [ -95.223838664189316, 29.771485271304094 ], [ -95.221369108527085, 29.770921393180746 ], [ -95.220514699528195, 29.770771078245112 ], [ -95.219627795277702, 29.770718966615625 ], [ -95.218348760729384, 29.770693712494289 ], [ -95.217578347920494, 29.770732014129059 ] ] } },
{ "type": "Feature", "properties": { "OBJECTID": 136, "Full_Name": "EASTEX FWY", "Ped_Death_Count": 0, "Bike_Death_Count": 0, "Veh_Death_Count": 0, "Ped_Crash_Count": 1, "Bike_Crash_Count": 0, "Veh_Crash_Count": 3, "Total_Crash_Count": 4, "RoadLength": 2639.9998, "Miles": 0.5, "CrashRate": 8.0, "Total_Death_Count": 0, "Shape__Length": 2639.9997848110838 }, "geometry": { "type": "LineString", "coordinates": [ [ -95.339178945043443, 29.790631864375243 ], [ -95.339188802225138, 29.791084027068464 ], [ -95.339196201463579, 29.791309377462042 ], [ -95.339186581913609, 29.791721135570352 ], [ -95.339191718275373, 29.79200946447364 ], [ -95.339188792920368, 29.792378626210677 ], [ -95.339216636088779, 29.792897225910558 ], [ -95.339213861573427, 29.793405981618797 ], [ -95.339219237237188, 29.793891290160932 ], [ -95.339233467235189, 29.794221629025071 ], [ -95.339248080129849, 29.794904684652721 ], [ -95.339258692077564, 29.795131881816019 ], [ -95.339262216093758, 29.795528902267296 ], [ -95.339273391454398, 29.796579574900246 ], [ -95.339270391006949, 29.797465217754894 ], [ -95.339268203676355, 29.797890306454587 ] ] } },
{ "type": "Feature", "properties": { "OBJECTID": 137, "Full_Name": "EASTEX FWY", "Ped_Death_Count": 1, "Bike_Death_Count": 0, "Veh_Death_Count": 0, "Ped_Crash_Count": 2, "Bike_Crash_Count": 0, "Veh_Crash_Count": 2, "Total_Crash_Count": 4, "RoadLength": 2640.0001, "Miles": 0.5, "CrashRate": 8.0, "Total_Death_Count": 1, "Shape__Length": 2640.0001240097095 }, "geometry": { "type": "LineString", "coordinates": [ [ -95.333108941856381, 29.85446394934872 ], [ -95.333118962365234, 29.855249608226973 ], [ -95.33309755227809, 29.855778647237031 ], [ -95.333056630021503, 29.856307724984632 ], [ -95.333036770278468, 29.856769028069902 ], [ -95.333010070981501, 29.857353377395157 ], [ -95.332949134044497, 29.858401800169144 ], [ -95.332933590597136, 29.858882933017604 ], [ -95.33290814495011, 29.859347891300803 ], [ -95.332926025096484, 29.859828828457406 ], [ -95.332919623793956, 29.860206579772118 ], [ -95.332892539836308, 29.861505362279825 ], [ -95.3328753116527, 29.861718290828119 ] ] } },
{ "type": "Feature", "properties": { "OBJECTID": 138, "Full_Name": "EASTEX FWY", "Ped_Death_Count": 0, "Bike_Death_Count": 0, "Veh_Death_Count": 0, "Ped_Crash_Count": 1, "Bike_Crash_Count": 0, "Veh_Crash_Count": 2, "Total_Crash_Count": 3, "RoadLength": 2640.0, "Miles": 0.5, "CrashRate": 6.0, "Total_Death_Count": 0, "Shape__Length": 2639.999952969029 }, "geometry": { "type": "LineString", "coordinates": [ [ -95.334015469630188, 29.859037328241516 ], [ -95.334008061442006, 29.859334571026228 ], [ -95.333979765138011, 29.859774985118339 ], [ -95.333963803883336, 29.860170247332423 ], [ -95.333940124228889, 29.861653880331172 ], [ -95.333890699580806, 29.862565807702868 ], [ -95.333758325451271, 29.863607794824006 ], [ -95.333459012831, 29.86458023870178 ], [ -95.333356761225645, 29.864973236377725 ], [ -95.33318741925946, 29.865529804603909 ], [ -95.33303257304982, 29.86600571296356 ], [ -95.332954056288358, 29.866194182951777 ] ] } },
{ "type": "Feature", "properties": { "OBJECTID": 139, "Full_Name": "EASTEX FWY", "Ped_Death_Count": 0, "Bike_Death_Count": 0, "Veh_Death_Count": 0, "Ped_Crash_Count": 2, "Bike_Crash_Count": 0, "Veh_Crash_Count": 1, "Total_Crash_Count": 3, "RoadLength": 2491.1106, "Miles": 0.4718, "CrashRate": 6.36, "Total_Death_Count": 0, "Shape__Length": 2491.1106225140325 }, "geometry": { "type": "LineString", "coordinates": [ [ -95.279295884922945, 29.97798048594494 ], [ -95.279169749105378, 29.978198272691056 ], [ -95.278543475100278, 29.979761395051465 ], [ -95.278480207132262, 29.979853293748661 ], [ -95.278397607737261, 29.980309955805318 ], [ -95.27843962660117, 29.980698714185149 ], [ -95.278475715241512, 29.980989557385108 ], [ -95.27843330097663, 29.981469477024547 ], [ -95.278372360905024, 29.981739266442137 ], [ -95.278244423748276, 29.981985149775014 ], [ -95.27798789075942, 29.98259552716814 ], [ -95.277774976966128, 29.982828154767756 ], [ -95.27732274899769, 29.983628059349755 ], [ -95.277082218317759, 29.984273728866274 ], [ -95.277024635834181, 29.984419698256492 ] ] } },
{ "type": "Feature", "properties": { "OBJECTID": 140, "Full_Name": "EASTEX FWY", "Ped_Death_Count": 1, "Bike_Death_Count": 0, "Veh_Death_Count": 0, "Ped_Crash_Count": 2, "Bike_Crash_Count": 0, "Veh_Crash_Count": 2, "Total_Crash_Count": 4, "RoadLength": 2640.0001, "Miles": 0.5, "CrashRate": 8.0, "Total_Death_Count": 1, "Shape__Length": 2640.0000792509686 }, "geometry": { "type": "LineString", "coordinates": [ [ -95.285476392138634, 29.964508330552651 ], [ -95.285090163037225, 29.965375841143338 ], [ -95.28489908933507, 29.965805007080249 ], [ -95.284711671857366, 29.966219304694988 ], [ -95.283870520055885, 29.96807867766411 ], [ -95.282569111824174, 29.971065290629909 ], [ -95.282465234410225, 29.971277659087917 ] ] } },
{ "type": "Feature", "properties": { "OBJECTID": 141, "Full_Name": "EASTHAVEN BLVD", "Ped_Death_Count": 0, "Bike_Death_Count": 0, "Veh_Death_Count": 0, "Ped_Crash_Count": 1, "Bike_Crash_Count": 0, "Veh_Crash_Count": 1, "Total_Crash_Count": 2, "RoadLength": 1831.4379, "Miles": 0.3469, "CrashRate": 5.77, "Total_Death_Count": 0, "Shape__Length": 1831.4378650983408 }, "geometry": { "type": "LineString", "coordinates": [ [ -95.248937503438995, 29.639601338172852 ], [ -95.248934564954908, 29.639350695640754 ], [ -95.248920996968366, 29.638687851007294 ], [ -95.248916180005139, 29.637991428256374 ], [ -95.24890749155368, 29.637306952760653 ], [ -95.24889872029793, 29.636606784563195 ], [ -95.248891663631042, 29.635932158163435 ], [ -95.248895161736783, 29.63583691219058 ], [ -95.248890587953895, 29.635239158223886 ], [ -95.248868914567183, 29.63456528098224 ] ] } },
{ "type": "Feature", "properties": { "OBJECTID": 142, "Full_Name": "EDGEBROOK DR", "Ped_Death_Count": 2, "Bike_Death_Count": 0, "Veh_Death_Count": 0, "Ped_Crash_Count": 2, "Bike_Crash_Count": 0, "Veh_Crash_Count": 1, "Total_Crash_Count": 3, "RoadLength": 2131.117, "Miles": 0.4036, "CrashRate": 7.43, "Total_Death_Count": 2, "Shape__Length": 2131.1169877349212 }, "geometry": { "type": "LineString", "coordinates": [ [ -95.237976600526906, 29.643820851135299 ], [ -95.238848467196675, 29.643413538749876 ], [ -95.239373373605673, 29.643167119705694 ], [ -95.240591126137218, 29.642595429650051 ], [ -95.24095921788583, 29.642422621204442 ], [ -95.241495844257315, 29.642170687127937 ], [ -95.242098663796355, 29.641826353338502 ], [ -95.243014172330135, 29.641178964051903 ], [ -95.24320135189177, 29.641026952905925 ], [ -95.243323736974659, 29.640927562489896 ], [ -95.243454648780485, 29.640821245470526 ], [ -95.243612392511068, 29.640693138592823 ] ] } },
{ "type": "Feature", "properties": { "OBJECTID": 143, "Full_Name": "EDGEBROOK DR", "Ped_Death_Count": 0, "Bike_Death_Count": 0, "Veh_Death_Count": 0, "Ped_Crash_Count": 1, "Bike_Crash_Count": 0, "Veh_Crash_Count": 2, "Total_Crash_Count": 3, "RoadLength": 2639.9999, "Miles": 0.5, "CrashRate": 6.0, "Total_Death_Count": 0, "Shape__Length": 2639.9999070060881 }, "geometry": { "type": "LineString", "coordinates": [ [ -95.222194718595262, 29.646983103058609 ], [ -95.222486806663852, 29.646714891920205 ], [ -95.222792415756658, 29.646500634233764 ], [ -95.223602497310097, 29.646074466596275 ], [ -95.224250647231898, 29.645783370944287 ], [ -95.225067054047031, 29.645555664785622 ], [ -95.22571649757127, 29.645434686348388 ], [ -95.226558245832095, 29.645384135935206 ], [ -95.228503081915505, 29.645352397856762 ], [ -95.22960041597689, 29.645338004429185 ], [ -95.230014310314445, 29.645338747146365 ] ] } },
{ "type": "Feature", "properties": { "OBJECTID": 144, "Full_Name": "EL DORADO BLVD", "Ped_Death_Count": 0, "Bike_Death_Count": 0, "Veh_Death_Count": 1, "Ped_Crash_Count": 2, "Bike_Crash_Count": 0, "Veh_Crash_Count": 5, "Total_Crash_Count": 7, "RoadLength": 2639.9999, "Miles": 0.5, "CrashRate": 14.0, "Total_Death_Count": 1, "Shape__Length": 2639.999850214957 }, "geometry": { "type": "LineString", "coordinates": [ [ -95.1466230116513, 29.55803850132839 ], [ -95.146449785608439, 29.558151756467034 ], [ -95.145964175445769, 29.558469243606083 ], [ -95.145548533335216, 29.558753335755885 ], [ -95.145349891728486, 29.558866764197486 ], [ -95.144691371532275, 29.55927903802537 ], [ -95.144372874289061, 29.559478435743557 ], [ -95.144241914860345, 29.559564327012616 ], [ -95.143169168612459, 29.56020424341536 ], [ -95.142660962147687, 29.560526881989286 ], [ -95.14182060384455, 29.561060450311825 ], [ -95.141609225359417, 29.56118485278899 ], [ -95.140666808148737, 29.561885710530976 ], [ -95.140369644402611, 29.562078967473379 ], [ -95.139970147602995, 29.562375164569488 ] ] } },
{ "type": "Feature", "properties": { "OBJECTID": 145, "Full_Name": "ELGIN ST", "Ped_Death_Count": 0, "Bike_Death_Count": 0, "Veh_Death_Count": 2, "Ped_Crash_Count": 1, "Bike_Crash_Count": 0, "Veh_Crash_Count": 6, "Total_Crash_Count": 7, "RoadLength": 2640.0, "Miles": 0.5, "CrashRate": 14.0, "Total_Death_Count": 2, "Shape__Length": 2639.9999670842381 }, "geometry": { "type": "LineString", "coordinates": [ [ -95.381695281726408, 29.744445618120189 ], [ -95.381319596580383, 29.744229526776358 ], [ -95.380487580631595, 29.743701229482348 ], [ -95.379639198789988, 29.743207654216999 ], [ -95.378783891258408, 29.742682030015782 ], [ -95.377928898587029, 29.742168174844014 ], [ -95.377183196489938, 29.741734899840598 ], [ -95.377040362551384, 29.741651907469382 ], [ -95.376607772300005, 29.741373103841468 ], [ -95.376180411263675, 29.741097669931701 ], [ -95.375321647491461, 29.740593445822064 ], [ -95.374854005516028, 29.740316779477663 ] ] } },
{ "type": "Feature", "properties": { "OBJECTID": 146, "Full_Name": "EMANCIPATION AVE", "Ped_Death_Count": 0, "Bike_Death_Count": 0, "Veh_Death_Count": 0, "Ped_Crash_Count": 1, "Bike_Crash_Count": 0, "Veh_Crash_Count": 3, "Total_Crash_Count": 4, "RoadLength": 2639.9999, "Miles": 0.5, "CrashRate": 8.0, "Total_Death_Count": 0, "Shape__Length": 2639.9999321252849 }, "geometry": { "type": "LineString", "coordinates": [ [ -95.348807928000284, 29.754973404844154 ], [ -95.349200582499606, 29.754439340313425 ], [ -95.349330606439963, 29.754274422668548 ], [ -95.349910688009047, 29.753520179068708 ], [ -95.350457098996486, 29.752842591608079 ], [ -95.350582292085065, 29.752673997307198 ], [ -95.351150421767827, 29.751957227806685 ], [ -95.351733635805218, 29.751214956386463 ], [ -95.352336178539517, 29.750459892501375 ], [ -95.352927669639556, 29.749722678814457 ], [ -95.35349821342372, 29.748977636795278 ] ] } },
{ "type": "Feature", "properties": { "OBJECTID": 147, "Full_Name": "EMANCIPATION AVE", "Ped_Death_Count": 0, "Bike_Death_Count": 0, "Veh_Death_Count": 0, "Ped_Crash_Count": 1, "Bike_Crash_Count": 0, "Veh_Crash_Count": 3, "Total_Crash_Count": 4, "RoadLength": 2639.9999, "Miles": 0.5, "CrashRate": 8.0, "Total_Death_Count": 0, "Shape__Length": 2639.9998812687845 }, "geometry": { "type": "LineString", "coordinates": [ [ -95.367707429663838, 29.731075869990711 ], [ -95.367991729782801, 29.730703898586679 ], [ -95.368497689942117, 29.73006945449556 ], [ -95.368977781786526, 29.729453430509789 ], [ -95.369472454343224, 29.728818054041554 ], [ -95.369979779725227, 29.72817363268198 ], [ -95.37045668702055, 29.72756885304933 ], [ -95.370966949244462, 29.726941623256767 ], [ -95.371469201626979, 29.726303160174734 ], [ -95.371952614376099, 29.725696737238433 ], [ -95.372425306797766, 29.725096721936552 ] ] } },
{ "type": "Feature", "properties": { "OBJECTID": 148, "Full_Name": "EMANCIPATION AVE", "Ped_Death_Count": 1, "Bike_Death_Count": 0, "Veh_Death_Count": 1, "Ped_Crash_Count": 1, "Bike_Crash_Count": 0, "Veh_Crash_Count": 6, "Total_Crash_Count": 7, "RoadLength": 2640.0001, "Miles": 0.5, "CrashRate": 14.0, "Total_Death_Count": 2, "Shape__Length": 2640.0001491523417 }, "geometry": { "type": "LineString", "coordinates": [ [ -95.358231883702672, 29.743009003330737 ], [ -95.358251754625954, 29.742982474111514 ], [ -95.358347250501822, 29.742862560002337 ], [ -95.358427863721261, 29.742761332835666 ], [ -95.358541842341523, 29.742618207751768 ], [ -95.358591477474278, 29.742555880478694 ], [ -95.35884285790145, 29.742249369671395 ], [ -95.359433111825552, 29.741504345999676 ], [ -95.360006300366251, 29.740755382648764 ], [ -95.360596003448194, 29.740029578633838 ], [ -95.361323436892192, 29.739096379516386 ], [ -95.362081204217475, 29.738176899521264 ], [ -95.362500518839724, 29.737623760737186 ], [ -95.362788576751299, 29.73726105336749 ], [ -95.362912760869648, 29.737098781645354 ], [ -95.362961575454733, 29.737037211339974 ] ] } },
{ "type": "Feature", "properties": { "OBJECTID": 149, "Full_Name": "EMANCIPATION AVE", "Ped_Death_Count": 0, "Bike_Death_Count": 0, "Veh_Death_Count": 0, "Ped_Crash_Count": 1, "Bike_Crash_Count": 0, "Veh_Crash_Count": 6, "Total_Crash_Count": 7, "RoadLength": 2640.0, "Miles": 0.5, "CrashRate": 14.0, "Total_Death_Count": 0, "Shape__Length": 2640.0000180394418 }, "geometry": { "type": "LineString", "coordinates": [ [ -95.35349821342372, 29.748977636795278 ], [ -95.353513197395273, 29.748958070260358 ], [ -95.354116334715144, 29.748228690438172 ], [ -95.354700632862262, 29.747472147594408 ], [ -95.355299097311942, 29.746739597079703 ], [ -95.355885395465847, 29.745981971686017 ], [ -95.35643216316231, 29.745288450783761 ], [ -95.356483998774991, 29.745231257135064 ], [ -95.357060804111427, 29.744480934802155 ], [ -95.357156380593366, 29.744363274973992 ], [ -95.357664990577064, 29.743765841116925 ], [ -95.358231883702672, 29.743009003330737 ] ] } },
{ "type": "Feature", "properties": { "OBJECTID": 150, "Full_Name": "FAIRBANKS N HOUSTON RD", "Ped_Death_Count": 0, "Bike_Death_Count": 0, "Veh_Death_Count": 0, "Ped_Crash_Count": 1, "Bike_Crash_Count": 0, "Veh_Crash_Count": 4, "Total_Crash_Count": 5, "RoadLength": 2639.9999, "Miles": 0.5, "CrashRate": 10.0, "Total_Death_Count": 0, "Shape__Length": 2639.9998864318604 }, "geometry": { "type": "LineString", "coordinates": [ [ -95.524166951043455, 29.847482062389336 ], [ -95.524161363598054, 29.848500138446802 ], [ -95.524207922759246, 29.848978995481485 ], [ -95.524244801837341, 29.850331338902375 ], [ -95.524250918509722, 29.850550932706451 ], [ -95.524254007180105, 29.850859407973484 ], [ -95.524262201202646, 29.851417104058633 ], [ -95.524288637782774, 29.851838867400481 ], [ -95.524260968452268, 29.85292352007221 ], [ -95.52426628270932, 29.854089191103437 ], [ -95.524288835154778, 29.854738449783945 ] ] } },
{ "type": "Feature", "properties": { "OBJECTID": 151, "Full_Name": "FANNIN ST", "Ped_Death_Count": 1, "Bike_Death_Count": 0, "Veh_Death_Count": 5, "Ped_Crash_Count": 6, "Bike_Crash_Count": 0, "Veh_Crash_Count": 13, "Total_Crash_Count": 19, "RoadLength": 2640.0, "Miles": 0.5, "CrashRate": 38.0, "Total_Death_Count": 6, "Shape__Length": 2639.9999857650741 }, "geometry": { "type": "LineString", "coordinates": [ [ -95.367146508874512, 29.752513693224369 ], [ -95.367598647641813, 29.751948714820465 ], [ -95.368191344419003, 29.751203624427493 ], [ -95.368783367304971, 29.750461846786575 ], [ -95.36920588152438, 29.749920653450033 ], [ -95.369371494144929, 29.749709485560629 ], [ -95.369978329107227, 29.748949833256123 ], [ -95.370080726006179, 29.748819467445994 ], [ -95.370172984154209, 29.748702010361072 ], [ -95.370571573898019, 29.748194542832483 ], [ -95.371140967314957, 29.747469995064769 ], [ -95.371728480169224, 29.746730772611897 ], [ -95.371878583461509, 29.746542386624988 ] ] } },
{ "type": "Feature", "properties": { "OBJECTID": 152, "Full_Name": "FEDERAL RD", "Ped_Death_Count": 0, "Bike_Death_Count": 0, "Veh_Death_Count": 1, "Ped_Crash_Count": 3, "Bike_Crash_Count": 0, "Veh_Crash_Count": 12, "Total_Crash_Count": 15, "RoadLength": 2639.9999, "Miles": 0.5, "CrashRate": 30.0, "Total_Death_Count": 1, "Shape__Length": 2639.9999274526822 }, "geometry": { "type": "LineString", "coordinates": [ [ -95.218273533548057, 29.775837677903031 ], [ -95.217901272044884, 29.775186793757243 ], [ -95.21747421436109, 29.774691233784477 ], [ -95.217322576801493, 29.774476808709348 ], [ -95.21715400933239, 29.774341954273506 ], [ -95.213895126040498, 29.771381302504956 ], [ -95.213696956016932, 29.770991990185156 ], [ -95.21366117991036, 29.770734591243997 ], [ -95.213625285577308, 29.770476340389106 ], [ -95.213593997953623, 29.770251227869242 ], [ -95.213550833160269, 29.770070850735387 ] ] } },
{ "type": "Feature", "properties": { "OBJECTID": 153, "Full_Name": "FINDLAY ST", "Ped_Death_Count": 0, "Bike_Death_Count": 0, "Veh_Death_Count": 0, "Ped_Crash_Count": 1, "Bike_Crash_Count": 0, "Veh_Crash_Count": 3, "Total_Crash_Count": 4, "RoadLength": 2639.9999, "Miles": 0.5, "CrashRate": 8.0, "Total_Death_Count": 0, "Shape__Length": 2639.9999448481094 }, "geometry": { "type": "LineString", "coordinates": [ [ -95.282713268934316, 29.693444502813662 ], [ -95.280511404764837, 29.693478306030137 ], [ -95.277679968023449, 29.693566954920186 ], [ -95.276921893230707, 29.693564467858657 ], [ -95.274828607448768, 29.693617800148342 ], [ -95.274401090364933, 29.693625197710436 ] ] } },
{ "type": "Feature", "properties": { "OBJECTID": 154, "Full_Name": "FLEMING DR", "Ped_Death_Count": 0, "Bike_Death_Count": 0, "Veh_Death_Count": 0, "Ped_Crash_Count": 2, "Bike_Crash_Count": 0, "Veh_Crash_Count": 2, "Total_Crash_Count": 4, "RoadLength": 1363.1379, "Miles": 0.2582, "CrashRate": 15.49, "Total_Death_Count": 0, "Shape__Length": 1363.1378898570445 }, "geometry": { "type": "LineString", "coordinates": [ [ -95.222568661084551, 29.775735817596953 ], [ -95.221964612245216, 29.775742631004167 ], [ -95.221172622486378, 29.775756510225829 ], [ -95.220708808410976, 29.775763950251608 ], [ -95.220459556005807, 29.77576899083796 ], [ -95.219927876492136, 29.775778134873537 ], [ -95.218718893264466, 29.775821651841657 ], [ -95.218273533548057, 29.775837677903031 ] ] } },
{ "type": "Feature", "properties": { "OBJECTID": 155, "Full_Name": "FLOYD ST", "Ped_Death_Count": 0, "Bike_Death_Count": 0, "Veh_Death_Count": 0, "Ped_Crash_Count": 1, "Bike_Crash_Count": 0, "Veh_Crash_Count": 2, "Total_Crash_Count": 3, "RoadLength": 1659.0176, "Miles": 0.3142, "CrashRate": 9.55, "Total_Death_Count": 0, "Shape__Length": 1659.01758163558 }, "geometry": { "type": "LineString", "coordinates": [ [ -95.408155775547002, 29.768275379713234 ], [ -95.408246016396873, 29.768274850372954 ], [ -95.408313786358136, 29.768269117870535 ], [ -95.409421964110336, 29.768264892235802 ], [ -95.409864618954231, 29.768261306649325 ], [ -95.410576807993294, 29.768249672837388 ], [ -95.411481065049287, 29.768232976893021 ], [ -95.412457073843925, 29.768220921778436 ], [ -95.413383677386364, 29.768191170350537 ] ] } },
{ "type": "Feature", "properties": { "OBJECTID": 156, "Full_Name": "FM 1960", "Ped_Death_Count": 1, "Bike_Death_Count": 0, "Veh_Death_Count": 0, "Ped_Crash_Count": 1, "Bike_Crash_Count": 0, "Veh_Crash_Count": 2, "Total_Crash_Count": 3, "RoadLength": 2397.3024, "Miles": 0.454, "CrashRate": 6.61, "Total_Death_Count": 1, "Shape__Length": 2397.3024422499384 }, "geometry": { "type": "LineString", "coordinates": [ [ -95.333236173473239, 30.011982953074408 ], [ -95.330107637675226, 30.011385291032347 ], [ -95.328988509111056, 30.010994090342596 ], [ -95.326095010189135, 30.009877039981635 ] ] } },
{ "type": "Feature", "properties": { "OBJECTID": 157, "Full_Name": "FM 1960 E", "Ped_Death_Count": 1, "Bike_Death_Count": 0, "Veh_Death_Count": 0, "Ped_Crash_Count": 1, "Bike_Crash_Count": 0, "Veh_Crash_Count": 2, "Total_Crash_Count": 3, "RoadLength": 2639.9999, "Miles": 0.5, "CrashRate": 6.0, "Total_Death_Count": 1, "Shape__Length": 2639.9999207038391 }, "geometry": { "type": "LineString", "coordinates": [ [ -95.122999995166893, 30.015773158515685 ], [ -95.117577375362686, 30.017563737407166 ], [ -95.115520959977246, 30.018091251236669 ], [ -95.115129853449758, 30.018155458693887 ] ] } },
{ "type": "Feature", "properties": { "OBJECTID": 158, "Full_Name": "FM 1960 E", "Ped_Death_Count": 2, "Bike_Death_Count": 0, "Veh_Death_Count": 1, "Ped_Crash_Count": 2, "Bike_Crash_Count": 0, "Veh_Crash_Count": 5, "Total_Crash_Count": 7, "RoadLength": 2410.3378, "Miles": 0.4565, "CrashRate": 15.33, "Total_Death_Count": 3, "Shape__Length": 2410.3378163277466 }, "geometry": { "type": "LineString", "coordinates": [ [ -95.106917989992056, 30.019429953687805 ], [ -95.105521573366303, 30.019651552488227 ], [ -95.100310548398525, 30.020452498859672 ], [ -95.099417348588915, 30.020580171644834 ] ] } },
{ "type": "Feature", "properties": { "OBJECTID": 159, "Full_Name": "FM 1960 W", "Ped_Death_Count": 0, "Bike_Death_Count": 0, "Veh_Death_Count": 0, "Ped_Crash_Count": 2, "Bike_Crash_Count": 0, "Veh_Crash_Count": 4, "Total_Crash_Count": 6, "RoadLength": 2639.9999, "Miles": 0.5, "CrashRate": 12.0, "Total_Death_Count": 0, "Shape__Length": 2639.9999011348127 }, "geometry": { "type": "LineString", "coordinates": [ [ -95.552400478106051, 29.956602333147334 ], [ -95.552558289973149, 29.956473038860569 ], [ -95.55362470467081, 29.955522883875346 ], [ -95.553922233011903, 29.955254457404848 ], [ -95.557404934982401, 29.952134626665654 ], [ -95.558218700707428, 29.951403422019062 ] ] } },
{ "type": "Feature", "properties": { "OBJECTID": 160, "Full_Name": "FM 1960 W", "Ped_Death_Count": 2, "Bike_Death_Count": 0, "Veh_Death_Count": 0, "Ped_Crash_Count": 2, "Bike_Crash_Count": 0, "Veh_Crash_Count": 2, "Total_Crash_Count": 4, "RoadLength": 2640.0001, "Miles": 0.5, "CrashRate": 8.0, "Total_Death_Count": 2, "Shape__Length": 2640.0000772425437 }, "geometry": { "type": "LineString", "coordinates": [ [ -95.546431304679913, 29.96166924985511 ], [ -95.547073486932319, 29.961109680575824 ], [ -95.54779124617275, 29.960484246002508 ], [ -95.549373683455258, 29.959105314056739 ], [ -95.550008918307753, 29.958561648945974 ], [ -95.552400478106051, 29.956602333147334 ] ] } },
{ "type": "Feature", "properties": { "OBJECTID": 161, "Full_Name": "FM 1960 W", "Ped_Death_Count": 1, "Bike_Death_Count": 0, "Veh_Death_Count": 0, "Ped_Crash_Count": 2, "Bike_Crash_Count": 0, "Veh_Crash_Count": 2, "Total_Crash_Count": 4, "RoadLength": 2639.9999, "Miles": 0.5, "CrashRate": 8.0, "Total_Death_Count": 1, "Shape__Length": 2639.9998523191935 }, "geometry": { "type": "LineString", "coordinates": [ [ -95.5394932852886, 29.965609210209333 ], [ -95.542694376402309, 29.964218173844934 ], [ -95.542841629714033, 29.964128793960569 ], [ -95.542843994147432, 29.964127359280763 ], [ -95.544700278653295, 29.963000605802602 ], [ -95.545570350157774, 29.962419433455278 ], [ -95.546431304679913, 29.96166924985511 ] ] } },
{ "type": "Feature", "properties": { "OBJECTID": 162, "Full_Name": "FOLGER ST", "Ped_Death_Count": 1, "Bike_Death_Count": 0, "Veh_Death_Count": 0, "Ped_Crash_Count": 1, "Bike_Crash_Count": 0, "Veh_Crash_Count": 1, "Total_Crash_Count": 2, "RoadLength": 1696.5905, "Miles": 0.3213, "CrashRate": 6.22, "Total_Death_Count": 1, "Shape__Length": 1696.5905458490906 }, "geometry": { "type": "LineString", "coordinates": [ [ -95.333056630021503, 29.856307724984632 ], [ -95.332597859936001, 29.856323790071674 ], [ -95.332033816462314, 29.856324561433013 ], [ -95.33154778727345, 29.856325301473866 ], [ -95.331444031400011, 29.856316964652336 ], [ -95.331312418742058, 29.856294124748576 ], [ -95.331172245498649, 29.856246313423835 ], [ -95.330132021511943, 29.855762325430071 ], [ -95.329454293950448, 29.855443440897226 ], [ -95.329358420597231, 29.855391343715663 ], [ -95.329265699553659, 29.855339330930395 ], [ -95.329179872192981, 29.855271015320952 ], [ -95.329109398615657, 29.855214115070037 ], [ -95.329045023521658, 29.855127369455886 ], [ -95.329007721432347, 29.855064250618714 ], [ -95.328982778657107, 29.854987670323794 ], [ -95.328966361252711, 29.85489407551275 ], [ -95.328951765666474, 29.854310653697826 ] ] } },
{ "type": "Feature", "properties": { "OBJECTID": 163, "Full_Name": "FONDREN RD", "Ped_Death_Count": 0, "Bike_Death_Count": 0, "Veh_Death_Count": 0, "Ped_Crash_Count": 1, "Bike_Crash_Count": 0, "Veh_Crash_Count": 3, "Total_Crash_Count": 4, "RoadLength": 2640.0001, "Miles": 0.5, "CrashRate": 8.0, "Total_Death_Count": 0, "Shape__Length": 2640.0000769221729 }, "geometry": { "type": "LineString", "coordinates": [ [ -95.508260398272043, 29.638438288136413 ], [ -95.508196516857822, 29.636543969548708 ], [ -95.508182875908901, 29.635488942046216 ], [ -95.508194764405133, 29.634487989161936 ], [ -95.508197472472759, 29.634302506509805 ], [ -95.508114005356731, 29.632654070507737 ], [ -95.507948286792967, 29.631955764762072 ], [ -95.507810141123613, 29.631537861445523 ], [ -95.50770474249876, 29.631225833866999 ] ] } },
{ "type": "Feature", "properties": { "OBJECTID": 164, "Full_Name": "FONDREN RD", "Ped_Death_Count": 1, "Bike_Death_Count": 1, "Veh_Death_Count": 1, "Ped_Crash_Count": 1, "Bike_Crash_Count": 1, "Veh_Crash_Count": 6, "Total_Crash_Count": 8, "RoadLength": 2640.0001, "Miles": 0.5, "CrashRate": 16.0, "Total_Death_Count": 3, "Shape__Length": 2640.0001054318614 }, "geometry": { "type": "LineString", "coordinates": [ [ -95.50770474249876, 29.631225833866999 ], [ -95.507656347158104, 29.63108256017264 ], [ -95.507570198273754, 29.630763334149073 ], [ -95.507557410314831, 29.630648866626352 ], [ -95.50754228068152, 29.630513441303993 ], [ -95.507521240734221, 29.630325117236989 ], [ -95.507484046130529, 29.629983035017542 ], [ -95.507379970283367, 29.628839988745412 ], [ -95.507370170734944, 29.628371803222652 ], [ -95.507361165916024, 29.627941596355214 ], [ -95.507346225930277, 29.627483822399228 ], [ -95.50734702809045, 29.627266069037489 ], [ -95.507332383630398, 29.626803373259413 ], [ -95.507317544140761, 29.62633441957141 ], [ -95.507328976858886, 29.625872174123195 ], [ -95.507352466657139, 29.624875597144325 ], [ -95.507480664464239, 29.623995772158892 ] ] } },
{ "type": "Feature", "properties": { "OBJECTID": 165, "Full_Name": "FONDREN RD", "Ped_Death_Count": 0, "Bike_Death_Count": 0, "Veh_Death_Count": 0, "Ped_Crash_Count": 4, "Bike_Crash_Count": 0, "Veh_Crash_Count": 3, "Total_Crash_Count": 7, "RoadLength": 2639.9999, "Miles": 0.5, "CrashRate": 14.0, "Total_Death_Count": 0, "Shape__Length": 2639.9999381649409 }, "geometry": { "type": "LineString", "coordinates": [ [ -95.50834005277396, 29.648548076696699 ], [ -95.508339828302482, 29.648495370822911 ], [ -95.508352068135011, 29.648390325285423 ], [ -95.508325071892301, 29.647390519415715 ], [ -95.508327956716457, 29.647304660480888 ], [ -95.508323312719085, 29.64689840793309 ], [ -95.508321138497607, 29.646708203025216 ], [ -95.508310925879442, 29.645814541577181 ], [ -95.508305923517668, 29.645376883171576 ], [ -95.508301985350656, 29.645032352948849 ], [ -95.508298320505119, 29.64471177652522 ], [ -95.508292837396809, 29.644232206627105 ], [ -95.508304839560566, 29.643781013052262 ], [ -95.508300594617907, 29.643175731889819 ], [ -95.508302923982441, 29.642858424978577 ], [ -95.508303972176662, 29.64271532900765 ], [ -95.508272528752926, 29.641289256271879 ] ] } },
{ "type": "Feature", "properties": { "OBJECTID": 166, "Full_Name": "FONDREN RD", "Ped_Death_Count": 0, "Bike_Death_Count": 0, "Veh_Death_Count": 0, "Ped_Crash_Count": 2, "Bike_Crash_Count": 0, "Veh_Crash_Count": 1, "Total_Crash_Count": 3, "RoadLength": 2640.0, "Miles": 0.5, "CrashRate": 6.0, "Total_Death_Count": 0, "Shape__Length": 2639.9999935755523 }, "geometry": { "type": "LineString", "coordinates": [ [ -95.508422267821828, 29.65580712174356 ], [ -95.508413276348676, 29.655274768972184 ], [ -95.508410657288536, 29.6549290265468 ], [ -95.508409760988215, 29.654691915290254 ], [ -95.508407639859684, 29.654600618292026 ], [ -95.508404190195122, 29.654452090553065 ], [ -95.50839168669674, 29.653913740788909 ], [ -95.508390286641387, 29.653521467269332 ], [ -95.50838853265013, 29.653029857653998 ], [ -95.50838530637715, 29.652126386533851 ], [ -95.508375732194651, 29.651526883652124 ], [ -95.5083632545158, 29.651137770894326 ], [ -95.508352387123438, 29.650514318150417 ], [ -95.508364384342215, 29.650364508840145 ], [ -95.508350194248138, 29.650075902202023 ], [ -95.508343761569975, 29.649416927952974 ], [ -95.508341388254991, 29.64886113787632 ], [ -95.50834005277396, 29.648548076696699 ] ] } },
{ "type": "Feature", "properties": { "OBJECTID": 167, "Full_Name": "FONDREN RD", "Ped_Death_Count": 0, "Bike_Death_Count": 0, "Veh_Death_Count": 0, "Ped_Crash_Count": 4, "Bike_Crash_Count": 0, "Veh_Crash_Count": 1, "Total_Crash_Count": 5, "RoadLength": 2640.0002, "Miles": 0.5, "CrashRate": 10.0, "Total_Death_Count": 0, "Shape__Length": 2640.0002289550089 }, "geometry": { "type": "LineString", "coordinates": [ [ -95.508515519258779, 29.663065638731702 ], [ -95.50851648199712, 29.662789474249593 ], [ -95.508482162521787, 29.662203997592048 ], [ -95.508488945997073, 29.661685724277785 ], [ -95.50846472109609, 29.661024357127751 ], [ -95.508468332869597, 29.660611508972039 ], [ -95.508466563635565, 29.66039560037931 ], [ -95.508443453584349, 29.659188496180292 ], [ -95.508439464781134, 29.658723941212408 ], [ -95.508435542348934, 29.658381885849018 ], [ -95.508432925197468, 29.658153661715151 ], [ -95.50842813505831, 29.657735789261451 ], [ -95.508420693427325, 29.657549888560801 ], [ -95.508412795836961, 29.656728530612945 ], [ -95.508411470999135, 29.656590699819802 ], [ -95.508425821299724, 29.656017540220496 ], [ -95.508422267821828, 29.65580712174356 ] ] } },
{ "type": "Feature", "properties": { "OBJECTID": 168, "Full_Name": "FONDREN RD", "Ped_Death_Count": 0, "Bike_Death_Count": 0, "Veh_Death_Count": 0, "Ped_Crash_Count": 1, "Bike_Crash_Count": 0, "Veh_Crash_Count": 2, "Total_Crash_Count": 3, "RoadLength": 2639.9998, "Miles": 0.5, "CrashRate": 6.0, "Total_Death_Count": 0, "Shape__Length": 2639.9997696875048 }, "geometry": { "type": "LineString", "coordinates": [ [ -95.508561816959102, 29.670324808651607 ], [ -95.508551020403033, 29.670029600677278 ], [ -95.508552177865255, 29.669753847049993 ], [ -95.508556730297926, 29.668669598350668 ], [ -95.508551819445657, 29.668417152711509 ], [ -95.508543490682698, 29.667604784388907 ], [ -95.508533350640107, 29.667194417116061 ], [ -95.508534089530755, 29.666559782449085 ], [ -95.508542378722652, 29.665634755128476 ], [ -95.508503419175725, 29.664654685223947 ], [ -95.508503903599205, 29.664026106656614 ], [ -95.508513705697325, 29.663585888326317 ], [ -95.508515519258779, 29.663065638731702 ] ] } },
{ "type": "Feature", "properties": { "OBJECTID": 169, "Full_Name": "FONDREN RD", "Ped_Death_Count": 0, "Bike_Death_Count": 0, "Veh_Death_Count": 0, "Ped_Crash_Count": 1, "Bike_Crash_Count": 0, "Veh_Crash_Count": 5, "Total_Crash_Count": 6, "RoadLength": 2640.0002, "Miles": 0.5, "CrashRate": 12.0, "Total_Death_Count": 0, "Shape__Length": 2640.0002114657491 }, "geometry": { "type": "LineString", "coordinates": [ [ -95.508666893917194, 29.677584059914253 ], [ -95.508666651612188, 29.67748619510326 ], [ -95.508648055836858, 29.676771342753064 ], [ -95.508640987563723, 29.676171993895093 ], [ -95.508634808974108, 29.675626158525983 ], [ -95.508622962555506, 29.674893620102438 ], [ -95.508616250159051, 29.674532763333815 ], [ -95.508604927452978, 29.673924173728505 ], [ -95.508599623336849, 29.673639146792311 ], [ -95.508587789268148, 29.673002987462564 ], [ -95.50857628352297, 29.672384465437702 ], [ -95.508570979013257, 29.672099333666555 ], [ -95.508569354547504, 29.672011966654974 ], [ -95.508566554225155, 29.671861413815694 ], [ -95.508576407705434, 29.670866071059834 ], [ -95.508574256510371, 29.670664948497649 ], [ -95.508561816959102, 29.670324808651607 ] ] } },
{ "type": "Feature", "properties": { "OBJECTID": 170, "Full_Name": "FONDREN RD", "Ped_Death_Count": 0, "Bike_Death_Count": 0, "Veh_Death_Count": 0, "Ped_Crash_Count": 1, "Bike_Crash_Count": 0, "Veh_Crash_Count": 2, "Total_Crash_Count": 3, "RoadLength": 2640.0, "Miles": 0.5, "CrashRate": 6.0, "Total_Death_Count": 0, "Shape__Length": 2640.0000176386511 }, "geometry": { "type": "LineString", "coordinates": [ [ -95.514820022627262, 29.697737910893785 ], [ -95.51398979636943, 29.696999119613793 ], [ -95.512703779017755, 29.695958664094718 ], [ -95.511996089315517, 29.695258885527853 ], [ -95.511567220894335, 29.694753921713538 ], [ -95.511159026359238, 29.694227661702481 ], [ -95.510580700389866, 29.693335499246494 ], [ -95.50996234916245, 29.692011717577579 ], [ -95.509948374182713, 29.691971674653303 ] ] } },
{ "type": "Feature", "properties": { "OBJECTID": 171, "Full_Name": "FONDREN RD", "Ped_Death_Count": 1, "Bike_Death_Count": 0, "Veh_Death_Count": 1, "Ped_Crash_Count": 2, "Bike_Crash_Count": 2, "Veh_Crash_Count": 4, "Total_Crash_Count": 8, "RoadLength": 2640.0001, "Miles": 0.5, "CrashRate": 16.0, "Total_Death_Count": 2, "Shape__Length": 2640.0000580135729 }, "geometry": { "type": "LineString", "coordinates": [ [ -95.521318993093047, 29.710080675006576 ], [ -95.521321942706606, 29.709389935289849 ], [ -95.521333756253696, 29.708978585311957 ], [ -95.521345069867053, 29.708412890122364 ], [ -95.521303382265941, 29.707428914128588 ], [ -95.52128827005852, 29.706415795754502 ], [ -95.521302894286151, 29.705139241008968 ], [ -95.521242043196821, 29.704497373177794 ], [ -95.521122574677975, 29.704003786322712 ], [ -95.52101816480365, 29.703697205037717 ], [ -95.520947454041149, 29.7035252024356 ], [ -95.520888996421775, 29.703402135456237 ], [ -95.520695413816256, 29.703056773970516 ], [ -95.52060993115856, 29.702928056421356 ] ] } },
{ "type": "Feature", "properties": { "OBJECTID": 172, "Full_Name": "FONDREN RD", "Ped_Death_Count": 0, "Bike_Death_Count": 0, "Veh_Death_Count": 1, "Ped_Crash_Count": 2, "Bike_Crash_Count": 0, "Veh_Crash_Count": 2, "Total_Crash_Count": 4, "RoadLength": 2639.9997, "Miles": 0.5, "CrashRate": 8.0, "Total_Death_Count": 1, "Shape__Length": 2639.9997202341947 }, "geometry": { "type": "LineString", "coordinates": [ [ -95.508747346622059, 29.68484344141719 ], [ -95.508744055913269, 29.684476538591216 ], [ -95.508742388605029, 29.684224944932321 ], [ -95.508741771054602, 29.684131914137424 ], [ -95.508724548666251, 29.683426093800012 ], [ -95.508729643023827, 29.682744626587386 ], [ -95.508726294144736, 29.682579296991946 ], [ -95.508714032384063, 29.681613592083931 ], [ -95.508713666015495, 29.681480087409287 ], [ -95.508703404294565, 29.680656557086024 ], [ -95.508703039251969, 29.680450618119611 ], [ -95.508688410317021, 29.679648459548435 ], [ -95.508661260656041, 29.678704650379046 ], [ -95.508668811529787, 29.67835997046976 ], [ -95.508666893917194, 29.677584059914253 ] ] } },
{ "type": "Feature", "properties": { "OBJECTID": 173, "Full_Name": "FONDREN RD", "Ped_Death_Count": 0, "Bike_Death_Count": 0, "Veh_Death_Count": 0, "Ped_Crash_Count": 2, "Bike_Crash_Count": 0, "Veh_Crash_Count": 2, "Total_Crash_Count": 4, "RoadLength": 2640.0002, "Miles": 0.5, "CrashRate": 8.0, "Total_Death_Count": 0, "Shape__Length": 2640.0002357825206 }, "geometry": { "type": "LineString", "coordinates": [ [ -95.509948374182713, 29.691971674653303 ], [ -95.509389900461514, 29.690371449949218 ], [ -95.509330791512184, 29.690207828246244 ], [ -95.509123864255088, 29.689558843850577 ], [ -95.508962247658985, 29.688919168655374 ], [ -95.508798181621501, 29.687904606935337 ], [ -95.508739720353489, 29.686784798666679 ], [ -95.508750426758965, 29.685739936285245 ], [ -95.508749041473308, 29.685032352895096 ], [ -95.508747346622059, 29.68484344141719 ] ] } },
{ "type": "Feature", "properties": { "OBJECTID": 174, "Full_Name": "FONDREN RD", "Ped_Death_Count": 0, "Bike_Death_Count": 0, "Veh_Death_Count": 2, "Ped_Crash_Count": 1, "Bike_Crash_Count": 0, "Veh_Crash_Count": 6, "Total_Crash_Count": 7, "RoadLength": 2639.9998, "Miles": 0.5, "CrashRate": 14.0, "Total_Death_Count": 2, "Shape__Length": 2639.9998250487752 }, "geometry": { "type": "LineString", "coordinates": [ [ -95.51999594722686, 29.717148817852674 ], [ -95.519996503952456, 29.717079724259047 ], [ -95.519967993065833, 29.716244815131724 ], [ -95.519974816441433, 29.715902482197656 ], [ -95.519976731455799, 29.715731599526777 ], [ -95.519987008337822, 29.715430272144019 ], [ -95.520030143898339, 29.715198130295896 ], [ -95.520128647176591, 29.714668008781327 ], [ -95.52028905190069, 29.714154129919219 ], [ -95.520410974751456, 29.713895822710018 ], [ -95.520808136859571, 29.713174441968476 ], [ -95.521081080420558, 29.712537101952122 ], [ -95.521254707936038, 29.71187440180093 ], [ -95.521313631131378, 29.711336141928665 ], [ -95.521318993093047, 29.710080675006576 ] ] } },
{ "type": "Feature", "properties": { "OBJECTID": 175, "Full_Name": "FONDREN RD", "Ped_Death_Count": 0, "Bike_Death_Count": 0, "Veh_Death_Count": 3, "Ped_Crash_Count": 1, "Bike_Crash_Count": 0, "Veh_Crash_Count": 10, "Total_Crash_Count": 11, "RoadLength": 2640.0001, "Miles": 0.5, "CrashRate": 22.0, "Total_Death_Count": 3, "Shape__Length": 2640.0001120061352 }, "geometry": { "type": "LineString", "coordinates": [ [ -95.520538053721395, 29.724370401327846 ], [ -95.520529491515347, 29.724106602648291 ], [ -95.520522953641091, 29.723786466805702 ], [ -95.520484092768882, 29.722469021622619 ], [ -95.520308467227096, 29.721462921925809 ], [ -95.520259396621952, 29.721287129700038 ], [ -95.520228463877018, 29.721176319477344 ], [ -95.520138502820615, 29.720854042235135 ], [ -95.520087539268545, 29.720527468721656 ], [ -95.52002635340402, 29.720254829551127 ], [ -95.520006746528267, 29.719629396462423 ], [ -95.51999107524108, 29.717753040562819 ], [ -95.51999594722686, 29.717148817852674 ] ] } },
{ "type": "Feature", "properties": { "OBJECTID": 176, "Full_Name": "FOUNTAIN VIEW DR", "Ped_Death_Count": 0, "Bike_Death_Count": 0, "Veh_Death_Count": 1, "Ped_Crash_Count": 3, "Bike_Crash_Count": 0, "Veh_Crash_Count": 5, "Total_Crash_Count": 8, "RoadLength": 1997.9493, "Miles": 0.3784, "CrashRate": 21.14, "Total_Death_Count": 1, "Shape__Length": 1997.949300716806 }, "geometry": { "type": "LineString", "coordinates": [ [ -95.484182892862137, 29.729776074304169 ], [ -95.484158367739539, 29.728794225264114 ], [ -95.484182896404221, 29.728331141247331 ], [ -95.48418245893059, 29.727496253126866 ], [ -95.484171949183647, 29.726202059832051 ], [ -95.484173059651141, 29.726019894926296 ], [ -95.48417330852557, 29.725978992554023 ], [ -95.484174335192023, 29.725810606163868 ], [ -95.484175189605068, 29.725670512355503 ], [ -95.484176274551146, 29.725492509766518 ], [ -95.484177119254696, 29.725353958316841 ], [ -95.48418431552679, 29.724922119967793 ], [ -95.484277768928081, 29.724287689533615 ] ] } },
{ "type": "Feature", "properties": { "OBJECTID": 177, "Full_Name": "FOUNTAIN VIEW DR", "Ped_Death_Count": 1, "Bike_Death_Count": 0, "Veh_Death_Count": 1, "Ped_Crash_Count": 1, "Bike_Crash_Count": 0, "Veh_Crash_Count": 4, "Total_Crash_Count": 5, "RoadLength": 2640.0, "Miles": 0.5, "CrashRate": 10.0, "Total_Death_Count": 2, "Shape__Length": 2639.999998707036 }, "geometry": { "type": "LineString", "coordinates": [ [ -95.48426956453649, 29.737034478653737 ], [ -95.484265855287276, 29.736874224075986 ], [ -95.484258344882093, 29.736549689396348 ], [ -95.484248446137684, 29.736121962066324 ], [ -95.484232052650157, 29.735413502150202 ], [ -95.484256618725638, 29.734256357532914 ], [ -95.484237181849664, 29.733054978941084 ], [ -95.484232613735315, 29.732838820622955 ], [ -95.484202827436832, 29.732234731783826 ], [ -95.484204511612432, 29.731508698026907 ], [ -95.484206972967741, 29.731269465609802 ], [ -95.48421080700318, 29.730896679304166 ], [ -95.48421290018679, 29.730693015908219 ], [ -95.484192579072428, 29.730163869142249 ], [ -95.484182892862137, 29.729776074304169 ] ] } },
{ "type": "Feature", "properties": { "OBJECTID": 178, "Full_Name": "FOUNTAIN VIEW DR", "Ped_Death_Count": 1, "Bike_Death_Count": 0, "Veh_Death_Count": 0, "Ped_Crash_Count": 2, "Bike_Crash_Count": 0, "Veh_Crash_Count": 2, "Total_Crash_Count": 4, "RoadLength": 2639.9998, "Miles": 0.5, "CrashRate": 8.0, "Total_Death_Count": 1, "Shape__Length": 2639.9998212465734 }, "geometry": { "type": "LineString", "coordinates": [ [ -95.485439871954924, 29.74413048232061 ], [ -95.485415647372463, 29.742897772167481 ], [ -95.485432961548241, 29.742190048378401 ], [ -95.48531469087655, 29.741530319336672 ], [ -95.485069105733999, 29.741033261399721 ], [ -95.484979157337818, 29.740851207598539 ], [ -95.484654333781293, 29.740189016953028 ], [ -95.484582363309684, 29.740042295565164 ], [ -95.484559319662338, 29.7399160951528 ], [ -95.484517851838007, 29.739270105460289 ], [ -95.484470271882046, 29.738953274311044 ], [ -95.48430784769225, 29.738419948441326 ], [ -95.484287921529102, 29.737827711119476 ], [ -95.484279335246086, 29.737456741508264 ], [ -95.484271438877542, 29.737115489695537 ], [ -95.48426956453649, 29.737034478653737 ] ] } },
{ "type": "Feature", "properties": { "OBJECTID": 179, "Full_Name": "FOUNTAIN VIEW DR", "Ped_Death_Count": 1, "Bike_Death_Count": 0, "Veh_Death_Count": 0, "Ped_Crash_Count": 1, "Bike_Crash_Count": 0, "Veh_Crash_Count": 2, "Total_Crash_Count": 3, "RoadLength": 2640.0002, "Miles": 0.5, "CrashRate": 6.0, "Total_Death_Count": 1, "Shape__Length": 2640.0001798641574 }, "geometry": { "type": "LineString", "coordinates": [ [ -95.485899747041216, 29.751304252262035 ], [ -95.485931832525424, 29.750974488780674 ], [ -95.485984115410261, 29.750616240479964 ], [ -95.486038256704617, 29.749880605844247 ], [ -95.486014802599598, 29.749120751751427 ], [ -95.486003368247907, 29.748750304640488 ], [ -95.485994566636521, 29.748465175651482 ], [ -95.485975488991357, 29.747847122846405 ], [ -95.485971466674528, 29.747716801300278 ], [ -95.485926289474961, 29.747328585099826 ], [ -95.485790233703554, 29.747091117544247 ], [ -95.485557008942607, 29.74661608089222 ], [ -95.485473421669823, 29.746279706538591 ], [ -95.485476822599793, 29.746010661123805 ], [ -95.485439871954924, 29.74413048232061 ] ] } },
{ "type": "Feature", "properties": { "OBJECTID": 180, "Full_Name": "FRANKLIN ST", "Ped_Death_Count": 0, "Bike_Death_Count": 0, "Veh_Death_Count": 0, "Ped_Crash_Count": 1, "Bike_Crash_Count": 0, "Veh_Crash_Count": 3, "Total_Crash_Count": 4, "RoadLength": 2640.0001, "Miles": 0.5, "CrashRate": 8.0, "Total_Death_Count": 0, "Shape__Length": 2640.000089551751 }, "geometry": { "type": "LineString", "coordinates": [ [ -95.368820953396295, 29.766023355660767 ], [ -95.368634384523361, 29.765971585210018 ], [ -95.368335178366223, 29.765855376162779 ], [ -95.367982262513465, 29.765719168132389 ], [ -95.367600338067334, 29.76560208200079 ], [ -95.367356559194562, 29.76555570583956 ], [ -95.367203854374836, 29.765526656148165 ], [ -95.367039834047972, 29.765492438649499 ], [ -95.366306552168936, 29.765339462032994 ], [ -95.36425114114077, 29.764891059412768 ], [ -95.363299812307986, 29.764706733429058 ], [ -95.363129242912464, 29.764673282934211 ], [ -95.362971859840542, 29.764635124353173 ], [ -95.362731730140951, 29.764576905436989 ], [ -95.361875615259621, 29.764040745676969 ], [ -95.361094672679357, 29.763577562179208 ] ] } },
{ "type": "Feature", "properties": { "OBJECTID": 181, "Full_Name": "FRANKLIN ST", "Ped_Death_Count": 1, "Bike_Death_Count": 0, "Veh_Death_Count": 0, "Ped_Crash_Count": 2, "Bike_Crash_Count": 0, "Veh_Crash_Count": 5, "Total_Crash_Count": 7, "RoadLength": 1707.8427, "Miles": 0.3235, "CrashRate": 21.64, "Total_Death_Count": 1, "Shape__Length": 1707.8427013597993 }, "geometry": { "type": "LineString", "coordinates": [ [ -95.354244516229087, 29.759456861308291 ], [ -95.354118878331178, 29.759380017836357 ], [ -95.3532503290497, 29.758867420139477 ], [ -95.352410159282812, 29.758344961015879 ], [ -95.351866121703111, 29.758026640266682 ], [ -95.351819499378848, 29.757999361325645 ], [ -95.351700346394651, 29.75792674050135 ], [ -95.351527402450728, 29.757821334908282 ], [ -95.350715633687756, 29.757328412335728 ], [ -95.350093866868676, 29.756946779385807 ], [ -95.349853349489365, 29.756798774246025 ], [ -95.349823349041614, 29.756778458355047 ] ] } },
{ "type": "Feature", "properties": { "OBJECTID": 182, "Full_Name": "FRANKLIN ST", "Ped_Death_Count": 1, "Bike_Death_Count": 0, "Veh_Death_Count": 0, "Ped_Crash_Count": 1, "Bike_Crash_Count": 0, "Veh_Crash_Count": 4, "Total_Crash_Count": 5, "RoadLength": 2639.9997, "Miles": 0.5, "CrashRate": 10.0, "Total_Death_Count": 1, "Shape__Length": 2639.9997129207791 }, "geometry": { "type": "LineString", "coordinates": [ [ -95.361094672679357, 29.763577562179208 ], [ -95.361011063434447, 29.76352797201065 ], [ -95.360149297256811, 29.762997328502465 ], [ -95.35934800971026, 29.762534403952557 ], [ -95.359259893423598, 29.762484176558793 ], [ -95.358391824437589, 29.761964403940226 ], [ -95.357549922977498, 29.761447243139173 ], [ -95.356691036045817, 29.760935994077901 ], [ -95.355821318909747, 29.760421257337839 ], [ -95.354970094826484, 29.759900639440339 ], [ -95.354244516229087, 29.759456861308291 ] ] } },
{ "type": "Feature", "properties": { "OBJECTID": 183, "Full_Name": "FULTON ST", "Ped_Death_Count": 0, "Bike_Death_Count": 0, "Veh_Death_Count": 0, "Ped_Crash_Count": 3, "Bike_Crash_Count": 0, "Veh_Crash_Count": 0, "Total_Crash_Count": 3, "RoadLength": 2640.0002, "Miles": 0.5, "CrashRate": 6.0, "Total_Death_Count": 0, "Shape__Length": 2640.0001852657233 }, "geometry": { "type": "LineString", "coordinates": [ [ -95.3582239433008, 29.778500359727971 ], [ -95.358306466806809, 29.778674209487306 ], [ -95.358869604492199, 29.779847493863997 ], [ -95.359358081553026, 29.780860466798778 ], [ -95.359432868243587, 29.781017577708795 ], [ -95.35998488449313, 29.782180555013756 ], [ -95.360538412255224, 29.783331393441479 ], [ -95.360639011525137, 29.783571343084859 ], [ -95.360861865842779, 29.784120457675833 ], [ -95.360902298054953, 29.784257057747773 ], [ -95.360904537783867, 29.784375684156881 ], [ -95.360938932576389, 29.784762454685563 ], [ -95.360858062830616, 29.78499395455465 ], [ -95.36081356736851, 29.785287740898255 ] ] } },
{ "type": "Feature", "properties": { "OBJECTID": 184, "Full_Name": "FULTON ST", "Ped_Death_Count": 0, "Bike_Death_Count": 0, "Veh_Death_Count": 0, "Ped_Crash_Count": 1, "Bike_Crash_Count": 0, "Veh_Crash_Count": 2, "Total_Crash_Count": 3, "RoadLength": 2640.0001, "Miles": 0.5, "CrashRate": 6.0, "Total_Death_Count": 0, "Shape__Length": 2640.0000707548379 }, "geometry": { "type": "LineString", "coordinates": [ [ -95.367837392903525, 29.797068677509063 ], [ -95.367865780816928, 29.797130597239619 ], [ -95.367898121017376, 29.797222738505102 ], [ -95.367929515826447, 29.798182182149048 ], [ -95.367927301218501, 29.798621675448505 ], [ -95.367929793959476, 29.798891267295406 ], [ -95.367933802941039, 29.799324762183872 ], [ -95.367940535945266, 29.799891420311241 ], [ -95.36794235581371, 29.800044533085622 ], [ -95.36792109527731, 29.80078834346239 ], [ -95.3678947899203, 29.801550256965307 ], [ -95.367914280973835, 29.802071211408531 ], [ -95.367935185931827, 29.80228385683041 ], [ -95.367959634183379, 29.802375005978703 ], [ -95.367991515098851, 29.802469252219534 ], [ -95.368035533107914, 29.802561557107353 ], [ -95.368078316514143, 29.802633201037054 ], [ -95.36831931472301, 29.803237407431514 ], [ -95.36860745201426, 29.804124393148001 ], [ -95.368624874600258, 29.804222665092862 ] ] } },
{ "type": "Feature", "properties": { "OBJECTID": 185, "Full_Name": "FULTON ST", "Ped_Death_Count": 1, "Bike_Death_Count": 0, "Veh_Death_Count": 2, "Ped_Crash_Count": 1, "Bike_Crash_Count": 0, "Veh_Crash_Count": 2, "Total_Crash_Count": 3, "RoadLength": 2640.0001, "Miles": 0.5, "CrashRate": 6.0, "Total_Death_Count": 3, "Shape__Length": 2640.0000507617933 }, "geometry": { "type": "LineString", "coordinates": [ [ -95.380681736424236, 29.851843278342788 ], [ -95.380950538490239, 29.852428832100632 ], [ -95.38104259443908, 29.852642568823327 ], [ -95.381305278375251, 29.853185470221078 ], [ -95.381857299029662, 29.854383422488183 ], [ -95.38240451301435, 29.85559798056244 ], [ -95.382679152388889, 29.856152519908164 ], [ -95.382944841133053, 29.856752468932484 ], [ -95.383579796828442, 29.858103599838692 ], [ -95.383806790267997, 29.858572079406329 ] ] } },
{ "type": "Feature", "properties": { "OBJECTID": 186, "Full_Name": "FUQUA ST", "Ped_Death_Count": 1, "Bike_Death_Count": 0, "Veh_Death_Count": 1, "Ped_Crash_Count": 1, "Bike_Crash_Count": 0, "Veh_Crash_Count": 2, "Total_Crash_Count": 3, "RoadLength": 2640.0, "Miles": 0.5, "CrashRate": 6.0, "Total_Death_Count": 2, "Shape__Length": 2640.0000157747722 }, "geometry": { "type": "LineString", "coordinates": [ [ -95.234768277761958, 29.611270011109486 ], [ -95.234493281195213, 29.611274343991393 ], [ -95.233720767817928, 29.611280865205412 ], [ -95.233103308197656, 29.611290390777111 ], [ -95.232669004450202, 29.611297089895654 ], [ -95.23165869779433, 29.611315058066094 ], [ -95.229980274984598, 29.61136112890382 ], [ -95.229757835434739, 29.611366757895453 ], [ -95.229534059869422, 29.611367885743643 ], [ -95.229180322111986, 29.611382453612499 ], [ -95.228725602152366, 29.61138896534937 ], [ -95.228211190802185, 29.611397566199429 ], [ -95.227897837435577, 29.611402803764111 ], [ -95.22763051781628, 29.611406906595519 ], [ -95.227342724344368, 29.611411320767818 ], [ -95.226600051631863, 29.611422710997978 ], [ -95.226473689992631, 29.611432159124998 ], [ -95.226462332927113, 29.611433007847054 ] ] } },
{ "type": "Feature", "properties": { "OBJECTID": 187, "Full_Name": "GALVESTON RD", "Ped_Death_Count": 0, "Bike_Death_Count": 0, "Veh_Death_Count": 0, "Ped_Crash_Count": 1, "Bike_Crash_Count": 0, "Veh_Crash_Count": 3, "Total_Crash_Count": 4, "RoadLength": 2640.0022, "Miles": 0.5, "CrashRate": 8.0, "Total_Death_Count": 0, "Shape__Length": 2640.0022366561943 }, "geometry": { "type": "LineString", "coordinates": [ [ -95.225721994320807, 29.652599998470276 ], [ -95.225236728643395, 29.652119868268713 ], [ -95.224918056483659, 29.651818174816587 ], [ -95.224234861850775, 29.651098369799428 ], [ -95.22333358616244, 29.650109969915924 ], [ -95.222241594222353, 29.648949696339876 ], [ -95.221415328464147, 29.648040392920457 ], [ -95.221281121836853, 29.64788752901438 ], [ -95.220442615287226, 29.646994337257865 ] ] } },
{ "type": "Feature", "properties": { "OBJECTID": 188, "Full_Name": "GALVESTON RD", "Ped_Death_Count": 0, "Bike_Death_Count": 0, "Veh_Death_Count": 2, "Ped_Crash_Count": 1, "Bike_Crash_Count": 0, "Veh_Crash_Count": 4, "Total_Crash_Count": 5, "RoadLength": 2640.0, "Miles": 0.5, "CrashRate": 10.0, "Total_Death_Count": 2, "Shape__Length": 2640.0000156305196 }, "geometry": { "type": "LineString", "coordinates": [ [ -95.265023761949578, 29.695496972843436 ], [ -95.264973761507775, 29.695444101286078 ], [ -95.264678080861685, 29.695132574413268 ], [ -95.264147476574465, 29.694558707764603 ], [ -95.263245036584763, 29.693579243388204 ], [ -95.261163870440058, 29.691349393997701 ], [ -95.260034473777168, 29.690189383865668 ], [ -95.259753960955564, 29.689881467717235 ] ] } },
{ "type": "Feature", "properties": { "OBJECTID": 189, "Full_Name": "GARDEN CITY DR", "Ped_Death_Count": 1, "Bike_Death_Count": 0, "Veh_Death_Count": 0, "Ped_Crash_Count": 1, "Bike_Crash_Count": 0, "Veh_Crash_Count": 2, "Total_Crash_Count": 3, "RoadLength": 1505.1262, "Miles": 0.2851, "CrashRate": 10.52, "Total_Death_Count": 1, "Shape__Length": 1505.126154242254 }, "geometry": { "type": "LineString", "coordinates": [ [ -95.449498758709552, 29.883522353086153 ], [ -95.450372918628588, 29.882856564625083 ], [ -95.450542541071499, 29.882794073826918 ], [ -95.450746926631084, 29.882773069559509 ], [ -95.452651008004167, 29.882769929202745 ], [ -95.452795829557687, 29.882781925132846 ], [ -95.45287795442006, 29.882845339676589 ], [ -95.452963198829238, 29.88295374707803 ], [ -95.453218482255167, 29.883695408336994 ] ] } },
{ "type": "Feature", "properties": { "OBJECTID": 190, "Full_Name": "GARLAND DR", "Ped_Death_Count": 0, "Bike_Death_Count": 0, "Veh_Death_Count": 0, "Ped_Crash_Count": 1, "Bike_Crash_Count": 0, "Veh_Crash_Count": 1, "Total_Crash_Count": 2, "RoadLength": 1372.536, "Miles": 0.26, "CrashRate": 7.69, "Total_Death_Count": 0, "Shape__Length": 1372.5359995922477 }, "geometry": { "type": "LineString", "coordinates": [ [ -95.294536448788605, 29.707110389547488 ], [ -95.294532602403166, 29.706978714939908 ], [ -95.294513456549225, 29.706209918086369 ], [ -95.294503711033556, 29.705441382974996 ], [ -95.294489844649107, 29.704678642741779 ], [ -95.294488872201129, 29.704221025440127 ], [ -95.294432639581757, 29.703446081682067 ], [ -95.294377046576457, 29.703349253613407 ] ] } },
{ "type": "Feature", "properties": { "OBJECTID": 191, "Full_Name": "GARLAND ST", "Ped_Death_Count": 0, "Bike_Death_Count": 0, "Veh_Death_Count": 0, "Ped_Crash_Count": 3, "Bike_Crash_Count": 0, "Veh_Crash_Count": 0, "Total_Crash_Count": 3, "RoadLength": 2640.0002, "Miles": 0.5, "CrashRate": 6.0, "Total_Death_Count": 0, "Shape__Length": 2640.0002096911253 }, "geometry": { "type": "LineString", "coordinates": [ [ -95.263087337107478, 29.670958421908622 ], [ -95.262262071064924, 29.671575760933024 ], [ -95.262091312061671, 29.67170080078369 ], [ -95.261992689390468, 29.671773525697397 ], [ -95.259225097770653, 29.673876795573339 ], [ -95.256775976105061, 29.675683888800169 ] ] } },
{ "type": "Feature", "properties": { "OBJECTID": 192, "Full_Name": "GEARS RD", "Ped_Death_Count": 0, "Bike_Death_Count": 0, "Veh_Death_Count": 1, "Ped_Crash_Count": 2, "Bike_Crash_Count": 0, "Veh_Crash_Count": 2, "Total_Crash_Count": 4, "RoadLength": 2639.9998, "Miles": 0.5, "CrashRate": 8.0, "Total_Death_Count": 1, "Shape__Length": 2639.9997707307211 }, "geometry": { "type": "LineString", "coordinates": [ [ -95.421201613364303, 29.945957716456657 ], [ -95.421896567062632, 29.946121037974525 ], [ -95.422252998303591, 29.946161702428203 ], [ -95.422927554522687, 29.946216854098228 ], [ -95.424280693672088, 29.946199239397242 ], [ -95.426529010332459, 29.946186749243598 ], [ -95.429506140072277, 29.946147026499901 ] ] } },
{ "type": "Feature", "properties": { "OBJECTID": 193, "Full_Name": "GESSNER RD", "Ped_Death_Count": 0, "Bike_Death_Count": 0, "Veh_Death_Count": 2, "Ped_Crash_Count": 3, "Bike_Crash_Count": 0, "Veh_Crash_Count": 7, "Total_Crash_Count": 10, "RoadLength": 2640.0, "Miles": 0.5, "CrashRate": 20.0, "Total_Death_Count": 2, "Shape__Length": 2639.9999566258612 }, "geometry": { "type": "LineString", "coordinates": [ [ -95.544476266001155, 29.778094838798445 ], [ -95.544477809224944, 29.778210814827947 ], [ -95.544488504615515, 29.779090375009993 ], [ -95.544500057543715, 29.779648206270359 ], [ -95.544489233847173, 29.779967676904509 ], [ -95.544449314377204, 29.780520370981769 ], [ -95.544361378943037, 29.780944145937802 ], [ -95.544318662469394, 29.781097673338373 ], [ -95.544196796022035, 29.781602324490891 ], [ -95.544025041692819, 29.782193954528484 ], [ -95.544003832070146, 29.78252165800588 ], [ -95.54397713222869, 29.78284822519819 ], [ -95.543980764387101, 29.783509649372366 ], [ -95.543981569120206, 29.783716475620363 ], [ -95.543980311207463, 29.783907343611531 ], [ -95.543972116754759, 29.784106596786099 ], [ -95.543968224301281, 29.784201248897741 ], [ -95.543968120188907, 29.784208413011822 ], [ -95.543966645664469, 29.784310218445874 ], [ -95.543963739443143, 29.784510824686723 ], [ -95.543980926284576, 29.785075835466142 ], [ -95.543990721588642, 29.785310401662326 ] ] } },
{ "type": "Feature", "properties": { "OBJECTID": 194, "Full_Name": "GESSNER RD", "Ped_Death_Count": 0, "Bike_Death_Count": 0, "Veh_Death_Count": 0, "Ped_Crash_Count": 1, "Bike_Crash_Count": 0, "Veh_Crash_Count": 1, "Total_Crash_Count": 2, "RoadLength": 2057.9664, "Miles": 0.3898, "CrashRate": 5.13, "Total_Death_Count": 0, "Shape__Length": 2057.9664444097552 }, "geometry": { "type": "LineString", "coordinates": [ [ -95.545160027732805, 29.807020607227422 ], [ -95.545161858576222, 29.807452342678072 ], [ -95.545164910710625, 29.807804934141839 ], [ -95.545166963610328, 29.807985078187155 ], [ -95.545169249273386, 29.80818550812732 ], [ -95.54518674766355, 29.808899038498001 ], [ -95.545193504540279, 29.80908129486637 ], [ -95.545187874333422, 29.809247398384684 ], [ -95.545191390388098, 29.809433083284834 ], [ -95.545188886335779, 29.810365420089294 ], [ -95.545189825874942, 29.811194813112486 ], [ -95.545209450586398, 29.81267945914178 ] ] } },
{ "type": "Feature", "properties": { "OBJECTID": 195, "Full_Name": "GESSNER RD", "Ped_Death_Count": 2, "Bike_Death_Count": 0, "Veh_Death_Count": 0, "Ped_Crash_Count": 2, "Bike_Crash_Count": 0, "Veh_Crash_Count": 1, "Total_Crash_Count": 3, "RoadLength": 2640.0002, "Miles": 0.5, "CrashRate": 6.0, "Total_Death_Count": 2, "Shape__Length": 2640.0001771532206 }, "geometry": { "type": "LineString", "coordinates": [ [ -95.545202635343216, 29.814287789484492 ], [ -95.545200884325581, 29.814715456600783 ], [ -95.545203685478626, 29.815026896207332 ], [ -95.545198097812118, 29.815395874086839 ], [ -95.545209205396944, 29.816099495435644 ], [ -95.54521208811336, 29.81656089403851 ], [ -95.545227705771254, 29.817270227532756 ], [ -95.545219157572063, 29.817692665409741 ], [ -95.545221772994338, 29.81850278936043 ], [ -95.545225789468034, 29.819049558614662 ], [ -95.54523647857269, 29.819570965780517 ], [ -95.545235643149226, 29.820045353228927 ], [ -95.545246043953213, 29.820881042335497 ], [ -95.545253925007287, 29.821272536502473 ], [ -95.545255052813246, 29.821547163683544 ] ] } },
{ "type": "Feature", "properties": { "OBJECTID": 196, "Full_Name": "GESSNER RD", "Ped_Death_Count": 1, "Bike_Death_Count": 0, "Veh_Death_Count": 0, "Ped_Crash_Count": 1, "Bike_Crash_Count": 0, "Veh_Crash_Count": 2, "Total_Crash_Count": 3, "RoadLength": 2639.9999, "Miles": 0.5, "CrashRate": 6.0, "Total_Death_Count": 1, "Shape__Length": 2639.9999159764393 }, "geometry": { "type": "LineString", "coordinates": [ [ -95.545305827999073, 29.828806755781596 ], [ -95.545310673080081, 29.829872374946632 ], [ -95.545313498744832, 29.830493774364353 ], [ -95.545321429144394, 29.832237866959282 ], [ -95.545296176367302, 29.83257648623561 ], [ -95.545250235168979, 29.832834615114141 ], [ -95.545194511606852, 29.833101025175516 ], [ -95.545124981989119, 29.833310643155926 ], [ -95.545068317395689, 29.833563107101586 ], [ -95.545032147725919, 29.833939663100217 ], [ -95.545028038148828, 29.834060852113236 ], [ -95.545031761827531, 29.834181109267469 ], [ -95.545038416209451, 29.835281327841074 ], [ -95.545042772175691, 29.836043578471433 ] ] } },
{ "type": "Feature", "properties": { "OBJECTID": 197, "Full_Name": "GIBBS ST", "Ped_Death_Count": 0, "Bike_Death_Count": 0, "Veh_Death_Count": 0, "Ped_Crash_Count": 1, "Bike_Crash_Count": 0, "Veh_Crash_Count": 1, "Total_Crash_Count": 2, "RoadLength": 1916.8492, "Miles": 0.363, "CrashRate": 5.51, "Total_Death_Count": 0, "Shape__Length": 1916.8491551748641 }, "geometry": { "type": "LineString", "coordinates": [ [ -95.387521328595312, 29.807341697395835 ], [ -95.387086703814148, 29.807504345299535 ], [ -95.38672482388175, 29.807633161540082 ], [ -95.385336954444014, 29.808181083682356 ], [ -95.3852028776315, 29.808233533920795 ], [ -95.384899906314729, 29.80835915239674 ], [ -95.383102376758444, 29.809077828802149 ], [ -95.382189903507339, 29.809449587816847 ], [ -95.382008319055458, 29.809498732745855 ] ] } },
{ "type": "Feature", "properties": { "OBJECTID": 198, "Full_Name": "GLEN HOLLOW DR", "Ped_Death_Count": 0, "Bike_Death_Count": 0, "Veh_Death_Count": 0, "Ped_Crash_Count": 1, "Bike_Crash_Count": 0, "Veh_Crash_Count": 1, "Total_Crash_Count": 2, "RoadLength": 2209.7703, "Miles": 0.4185, "CrashRate": 4.78, "Total_Death_Count": 0, "Shape__Length": 2209.7702525548711 }, "geometry": { "type": "LineString", "coordinates": [ [ -95.34470298485769, 29.642346771154575 ], [ -95.344696301997544, 29.641828196702061 ], [ -95.344718439189052, 29.640090774062216 ], [ -95.344720189930186, 29.639776142174565 ], [ -95.344714170319264, 29.639329120049204 ], [ -95.344760743710339, 29.63895397479007 ], [ -95.344829931572974, 29.638740767943343 ], [ -95.344957076572982, 29.638495792738947 ], [ -95.345017085701869, 29.638406691215408 ], [ -95.345307072367859, 29.637899937370022 ], [ -95.345495034796116, 29.637595684742497 ], [ -95.345680712567088, 29.637184688248052 ], [ -95.345735234071739, 29.636855454347174 ], [ -95.345712936860238, 29.636454780021488 ] ] } },
{ "type": "Feature", "properties": { "OBJECTID": 199, "Full_Name": "GLENMONT DR", "Ped_Death_Count": 0, "Bike_Death_Count": 0, "Veh_Death_Count": 0, "Ped_Crash_Count": 2, "Bike_Crash_Count": 0, "Veh_Crash_Count": 1, "Total_Crash_Count": 3, "RoadLength": 2640.0003, "Miles": 0.5, "CrashRate": 6.0, "Total_Death_Count": 0, "Shape__Length": 2640.0003107522598 }, "geometry": { "type": "LineString", "coordinates": [ [ -95.479278432702017, 29.720120830076343 ], [ -95.479416285588982, 29.720120347323569 ], [ -95.480649213820527, 29.720116029091756 ], [ -95.48164801096253, 29.720100545418799 ], [ -95.48234729225436, 29.720089699431931 ], [ -95.482615616758579, 29.720085536842735 ], [ -95.482834534784885, 29.720082141646444 ], [ -95.483335873602371, 29.720074361853946 ], [ -95.484105696053263, 29.720062412476118 ], [ -95.484849859665005, 29.720050855846793 ], [ -95.486641851309457, 29.720035065646524 ], [ -95.48759510039946, 29.720026655437376 ] ] } },
{ "type": "Feature", "properties": { "OBJECTID": 200, "Full_Name": "GLENMONT DR", "Ped_Death_Count": 0, "Bike_Death_Count": 0, "Veh_Death_Count": 0, "Ped_Crash_Count": 1, "Bike_Crash_Count": 0, "Veh_Crash_Count": 5, "Total_Crash_Count": 6, "RoadLength": 2639.9997, "Miles": 0.5, "CrashRate": 12.0, "Total_Death_Count": 0, "Shape__Length": 2639.9997454139138 }, "geometry": { "type": "LineString", "coordinates": [ [ -95.47096183425819, 29.720199662837551 ], [ -95.471096300190837, 29.720198870130623 ], [ -95.471307118968213, 29.720196529639107 ], [ -95.472280173421538, 29.720181369997931 ], [ -95.473051988372106, 29.720182777553152 ], [ -95.473312388933863, 29.720180013595691 ], [ -95.473494242567483, 29.720176455694315 ], [ -95.473699983351494, 29.720173523711399 ], [ -95.474318659654131, 29.720161581391196 ], [ -95.474457320537013, 29.720159120217552 ], [ -95.475375619330762, 29.72014281190269 ], [ -95.475453547345936, 29.720141941516665 ], [ -95.476443872668682, 29.720141392189458 ], [ -95.476880132466462, 29.720129195817584 ], [ -95.477530201237073, 29.720126932941504 ], [ -95.477919097373956, 29.720125577710935 ], [ -95.478462435571458, 29.720123682900368 ], [ -95.479278432702017, 29.720120830076343 ] ] } },
{ "type": "Feature", "properties": { "OBJECTID": 201, "Full_Name": "GOODSON DR", "Ped_Death_Count": 1, "Bike_Death_Count": 0, "Veh_Death_Count": 0, "Ped_Crash_Count": 2, "Bike_Crash_Count": 0, "Veh_Crash_Count": 1, "Total_Crash_Count": 3, "RoadLength": 2639.9999, "Miles": 0.5, "CrashRate": 6.0, "Total_Death_Count": 1, "Shape__Length": 2639.9999443115621 }, "geometry": { "type": "LineString", "coordinates": [ [ -95.411749379957556, 29.92464616536428 ], [ -95.411043864836572, 29.924607562888315 ], [ -95.410826637668549, 29.924599780152139 ], [ -95.409896598489254, 29.924590475762781 ], [ -95.409655684920395, 29.924653315126584 ], [ -95.409185415707896, 29.924782023164322 ], [ -95.408556302672849, 29.924948499517889 ], [ -95.408071169963705, 29.925087614772039 ], [ -95.407788276020341, 29.925129150386915 ], [ -95.405654384647363, 29.925155926812494 ], [ -95.405023669614664, 29.925163615006575 ], [ -95.404599286609695, 29.925168789734556 ], [ -95.40433162209851, 29.925171820755512 ], [ -95.403514883386862, 29.92518175181258 ], [ -95.403508461648627, 29.925181818931211 ] ] } },
{ "type": "Feature", "properties": { "OBJECTID": 202, "Full_Name": "GRAY ST", "Ped_Death_Count": 0, "Bike_Death_Count": 0, "Veh_Death_Count": 0, "Ped_Crash_Count": 1, "Bike_Crash_Count": 0, "Veh_Crash_Count": 2, "Total_Crash_Count": 3, "RoadLength": 2639.9998, "Miles": 0.5, "CrashRate": 6.0, "Total_Death_Count": 0, "Shape__Length": 2639.9998261546284 }, "geometry": { "type": "LineString", "coordinates": [ [ -95.378651296252926, 29.753093347618943 ], [ -95.378254412091849, 29.752849886592664 ], [ -95.377427393084773, 29.752357403149048 ], [ -95.376584731060817, 29.751845678796258 ], [ -95.375724497389129, 29.751344212560543 ], [ -95.374873366426087, 29.750827854476302 ], [ -95.374016896764502, 29.750307335644329 ], [ -95.373186122389029, 29.749779035049698 ], [ -95.372305873949358, 29.749259434325488 ], [ -95.371809604307302, 29.74896304123363 ] ] } },
{ "type": "Feature", "properties": { "OBJECTID": 203, "Full_Name": "GREENRIDGE DR", "Ped_Death_Count": 0, "Bike_Death_Count": 0, "Veh_Death_Count": 2, "Ped_Crash_Count": 3, "Bike_Crash_Count": 0, "Veh_Crash_Count": 3, "Total_Crash_Count": 6, "RoadLength": 2587.5312, "Miles": 0.4901, "CrashRate": 12.24, "Total_Death_Count": 2, "Shape__Length": 2587.5311762884871 }, "geometry": { "type": "LineString", "coordinates": [ [ -95.489851818266743, 29.737734852196343 ], [ -95.489844352486301, 29.737020541698499 ], [ -95.489817391332934, 29.735344344636566 ], [ -95.489817111497928, 29.734790054101762 ], [ -95.489816841103021, 29.734255933322913 ], [ -95.489811202396652, 29.732991010649965 ], [ -95.489782162722292, 29.731791946946078 ], [ -95.489762030239646, 29.730619675671832 ] ] } },
{ "type": "Feature", "properties": { "OBJECTID": 204, "Full_Name": "GREENS PKWY", "Ped_Death_Count": 0, "Bike_Death_Count": 0, "Veh_Death_Count": 1, "Ped_Crash_Count": 2, "Bike_Crash_Count": 0, "Veh_Crash_Count": 2, "Total_Crash_Count": 4, "RoadLength": 2640.0001, "Miles": 0.5, "CrashRate": 8.0, "Total_Death_Count": 1, "Shape__Length": 2640.0001230862827 }, "geometry": { "type": "LineString", "coordinates": [ [ -95.422174202594434, 29.948993420345392 ], [ -95.422172181107683, 29.948211554915702 ], [ -95.422173219994761, 29.948176032743927 ], [ -95.422154830051497, 29.947600541269793 ], [ -95.422132011188879, 29.947228485481293 ], [ -95.422149517093501, 29.94673030787224 ], [ -95.422234881444908, 29.946337822712483 ], [ -95.422252998303591, 29.946161702428203 ], [ -95.422384207451685, 29.945822382734772 ], [ -95.42258910873916, 29.945422694752867 ], [ -95.422779538005884, 29.945095339868558 ], [ -95.422831759650904, 29.944998437099585 ], [ -95.423117349220959, 29.944647252347199 ], [ -95.423562775735149, 29.944191640240373 ], [ -95.423954334446748, 29.943911194934518 ], [ -95.42449035627628, 29.943593044950333 ], [ -95.424915108444864, 29.94338620004379 ], [ -95.425361144862308, 29.943252640526811 ], [ -95.425673548843463, 29.943187889525444 ] ] } },
{ "type": "Feature", "properties": { "OBJECTID": 205, "Full_Name": "GREENS RD", "Ped_Death_Count": 1, "Bike_Death_Count": 0, "Veh_Death_Count": 1, "Ped_Crash_Count": 1, "Bike_Crash_Count": 1, "Veh_Crash_Count": 4, "Total_Crash_Count": 6, "RoadLength": 2640.0, "Miles": 0.5, "CrashRate": 12.0, "Total_Death_Count": 2, "Shape__Length": 2639.9999541942011 }, "geometry": { "type": "LineString", "coordinates": [ [ -95.40841190402648, 29.950470512317747 ], [ -95.407696071972182, 29.950489983719361 ], [ -95.406698919518931, 29.950505376369907 ], [ -95.405052609118414, 29.950516533358417 ], [ -95.404762401487858, 29.950524541451458 ], [ -95.404076296489222, 29.950540356057981 ], [ -95.403435320232333, 29.950543909266123 ], [ -95.403313312018014, 29.950546271161038 ], [ -95.403073847262391, 29.950547693887227 ], [ -95.402519176959572, 29.950554975696917 ], [ -95.401911148530033, 29.950560825202096 ], [ -95.401427775043942, 29.95056558509944 ], [ -95.401206259702946, 29.950572933742819 ], [ -95.400496600431566, 29.950576049806621 ], [ -95.400224269043051, 29.950582036194991 ], [ -95.400077021084456, 29.950585050640598 ] ] } },
{ "type": "Feature", "properties": { "OBJECTID": 206, "Full_Name": "GREENS RD", "Ped_Death_Count": 0, "Bike_Death_Count": 0, "Veh_Death_Count": 0, "Ped_Crash_Count": 2, "Bike_Crash_Count": 0, "Veh_Crash_Count": 5, "Total_Crash_Count": 7, "RoadLength": 2640.0, "Miles": 0.5, "CrashRate": 14.0, "Total_Death_Count": 0, "Shape__Length": 2639.9999977061848 }, "geometry": { "type": "LineString", "coordinates": [ [ -95.400077021084456, 29.950585050640598 ], [ -95.399475558644326, 29.950597359963094 ], [ -95.398112589062492, 29.950613288348737 ], [ -95.397066363152234, 29.950621954939731 ], [ -95.395694543806783, 29.950632372646059 ], [ -95.395483565664421, 29.950631957040056 ], [ -95.394159739817397, 29.950648895377 ], [ -95.393185145731337, 29.950654565312472 ], [ -95.391741539848525, 29.95067910213977 ] ] } },
{ "type": "Feature", "properties": { "OBJECTID": 207, "Full_Name": "GREENS RD", "Ped_Death_Count": 0, "Bike_Death_Count": 0, "Veh_Death_Count": 0, "Ped_Crash_Count": 1, "Bike_Crash_Count": 0, "Veh_Crash_Count": 4, "Total_Crash_Count": 5, "RoadLength": 2640.0, "Miles": 0.5, "CrashRate": 10.0, "Total_Death_Count": 0, "Shape__Length": 2639.9999507189777 }, "geometry": { "type": "LineString", "coordinates": [ [ -95.331849706990795, 29.951463887096889 ], [ -95.331392208101988, 29.951470508358831 ], [ -95.329643948459847, 29.951487036958799 ], [ -95.329412268037629, 29.95148409492171 ], [ -95.329265040271807, 29.951486406851934 ], [ -95.328777868130445, 29.951525928975972 ], [ -95.327176609706513, 29.951641175509401 ], [ -95.325770481471096, 29.951745473668073 ], [ -95.324792187400291, 29.951820967287233 ], [ -95.32441534423252, 29.951852437643442 ], [ -95.323534200428085, 29.951909664469198 ] ] } },
{ "type": "Feature", "properties": { "OBJECTID": 208, "Full_Name": "GREENSPOINT DR", "Ped_Death_Count": 2, "Bike_Death_Count": 0, "Veh_Death_Count": 1, "Ped_Crash_Count": 3, "Bike_Crash_Count": 0, "Veh_Crash_Count": 3, "Total_Crash_Count": 6, "RoadLength": 2640.0, "Miles": 0.5, "CrashRate": 12.0, "Total_Death_Count": 3, "Shape__Length": 2640.0000494960336 }, "geometry": { "type": "LineString", "coordinates": [ [ -95.407513329647571, 29.938977372083578 ], [ -95.407516856759116, 29.939342017052837 ], [ -95.407506983680477, 29.940285898238542 ], [ -95.407501969690983, 29.940453744680124 ], [ -95.40750050702573, 29.940502721621549 ], [ -95.407497728482326, 29.940595751195129 ], [ -95.407490437256811, 29.940839832251989 ], [ -95.407486901129346, 29.940958211118353 ], [ -95.407485265828555, 29.94101296192208 ], [ -95.407482281396895, 29.941112883693062 ], [ -95.407521191000185, 29.94321757804811 ], [ -95.40755016009588, 29.943908953579513 ], [ -95.407568722221086, 29.944302311415203 ], [ -95.407590601238567, 29.944497145832582 ], [ -95.407640363685175, 29.944820067821869 ], [ -95.407742002266303, 29.945225510410467 ], [ -95.407826521715819, 29.945488335297782 ], [ -95.407911006748591, 29.945683139726363 ], [ -95.408054837652344, 29.946008423104416 ], [ -95.408139046102889, 29.946158414603239 ] ] } },
{ "type": "Feature", "properties": { "OBJECTID": 209, "Full_Name": "GREENWICH ST", "Ped_Death_Count": 0, "Bike_Death_Count": 0, "Veh_Death_Count": 1, "Ped_Crash_Count": 1, "Bike_Crash_Count": 0, "Veh_Crash_Count": 2, "Total_Crash_Count": 3, "RoadLength": 2640.0, "Miles": 0.5, "CrashRate": 6.0, "Total_Death_Count": 1, "Shape__Length": 2640.0000127124677 }, "geometry": { "type": "LineString", "coordinates": [ [ -95.277947003299872, 29.849820556674121 ], [ -95.277962379837859, 29.850770998302924 ], [ -95.277985862239703, 29.851648723002235 ], [ -95.278002934240348, 29.852558371894492 ], [ -95.278016814253334, 29.853464753659583 ], [ -95.278042856118631, 29.854369907445946 ], [ -95.27805876728064, 29.855276973301304 ], [ -95.2780737203108, 29.856153771286742 ], [ -95.278097164290131, 29.857017153676914 ], [ -95.278098253838067, 29.857079103870831 ] ] } },
{ "type": "Feature", "properties": { "OBJECTID": 210, "Full_Name": "GREGG ST", "Ped_Death_Count": 0, "Bike_Death_Count": 0, "Veh_Death_Count": 0, "Ped_Crash_Count": 2, "Bike_Crash_Count": 1, "Veh_Crash_Count": 2, "Total_Crash_Count": 5, "RoadLength": 2640.0001, "Miles": 0.5, "CrashRate": 10.0, "Total_Death_Count": 0, "Shape__Length": 2640.0000698375347 }, "geometry": { "type": "LineString", "coordinates": [ [ -95.335770507507533, 29.778556054325193 ], [ -95.335773777156206, 29.778869010884009 ], [ -95.335775588943747, 29.779148526970815 ], [ -95.335781543399662, 29.779557892488633 ], [ -95.335791096049022, 29.779845449914397 ], [ -95.335796981685178, 29.78021822646858 ], [ -95.33580799209723, 29.780839024204909 ], [ -95.335821682165559, 29.781841398229282 ], [ -95.335829561770623, 29.782825148110213 ], [ -95.335829104189116, 29.783820071382024 ], [ -95.335847160418851, 29.78470963739111 ], [ -95.335856251419756, 29.785272761814426 ], [ -95.335849768811443, 29.785815427475075 ] ] } },
{ "type": "Feature", "properties": { "OBJECTID": 211, "Full_Name": "GRIGGS RD", "Ped_Death_Count": 0, "Bike_Death_Count": 0, "Veh_Death_Count": 0, "Ped_Crash_Count": 1, "Bike_Crash_Count": 0, "Veh_Crash_Count": 2, "Total_Crash_Count": 3, "RoadLength": 2640.0001, "Miles": 0.5, "CrashRate": 6.0, "Total_Death_Count": 0, "Shape__Length": 2640.0001429509894 }, "geometry": { "type": "LineString", "coordinates": [ [ -95.349526579478933, 29.702066428854778 ], [ -95.349324390383458, 29.70200574321133 ], [ -95.348546175547511, 29.701767565597372 ], [ -95.348344353047239, 29.701704034141159 ], [ -95.34567266793772, 29.700866214917294 ], [ -95.344797948351768, 29.700603047196783 ], [ -95.344234170176108, 29.700421696796088 ], [ -95.343433843600579, 29.700179848450059 ], [ -95.342975098119297, 29.700028377060171 ], [ -95.342227498072631, 29.699795680997788 ], [ -95.34179497653075, 29.699652641535671 ], [ -95.341696570385054, 29.699621928410579 ] ] } },
{ "type": "Feature", "properties": { "OBJECTID": 212, "Full_Name": "GUHN RD", "Ped_Death_Count": 0, "Bike_Death_Count": 0, "Veh_Death_Count": 0, "Ped_Crash_Count": 3, "Bike_Crash_Count": 0, "Veh_Crash_Count": 0, "Total_Crash_Count": 3, "RoadLength": 2640.0001, "Miles": 0.5, "CrashRate": 6.0, "Total_Death_Count": 0, "Shape__Length": 2640.0000712938631 }, "geometry": { "type": "LineString", "coordinates": [ [ -95.515440219953504, 29.85632047358207 ], [ -95.515444151186614, 29.856725307165512 ], [ -95.515447482826218, 29.856945586352655 ], [ -95.515527353551875, 29.861266255155229 ], [ -95.515544601548271, 29.863293883277532 ], [ -95.515545761465845, 29.863579626549036 ] ] } },
{ "type": "Feature", "properties": { "OBJECTID": 213, "Full_Name": "GULF FWY", "Ped_Death_Count": 2, "Bike_Death_Count": 0, "Veh_Death_Count": 0, "Ped_Crash_Count": 2, "Bike_Crash_Count": 0, "Veh_Crash_Count": 1, "Total_Crash_Count": 3, "RoadLength": 2639.9999, "Miles": 0.5, "CrashRate": 6.0, "Total_Death_Count": 2, "Shape__Length": 2639.9999266945856 }, "geometry": { "type": "LineString", "coordinates": [ [ -95.189078415281102, 29.590300826001698 ], [ -95.18875924741188, 29.589994773780646 ], [ -95.187386837115426, 29.588775892857615 ], [ -95.186064375716427, 29.58754390006661 ], [ -95.184709394095037, 29.586365779524808 ], [ -95.183268636260138, 29.585113032232485 ] ] } },
{ "type": "Feature", "properties": { "OBJECTID": 214, "Full_Name": "GULFTON DR", "Ped_Death_Count": 0, "Bike_Death_Count": 0, "Veh_Death_Count": 0, "Ped_Crash_Count": 2, "Bike_Crash_Count": 1, "Veh_Crash_Count": 5, "Total_Crash_Count": 8, "RoadLength": 2411.6147, "Miles": 0.4567, "CrashRate": 17.52, "Total_Death_Count": 0, "Shape__Length": 2411.6147311914833 }, "geometry": { "type": "LineString", "coordinates": [ [ -95.491948329010384, 29.716346912586332 ], [ -95.492790184416592, 29.716337604947483 ], [ -95.493109355252656, 29.716338601908639 ], [ -95.49331822537836, 29.716345563522388 ], [ -95.493990111586442, 29.716316515510151 ], [ -95.494273590269003, 29.716285601047886 ], [ -95.494537455927457, 29.716249737065709 ], [ -95.494922311958433, 29.716172713429668 ], [ -95.495232039902874, 29.716065794025376 ], [ -95.495692703637474, 29.715896035220059 ], [ -95.496215880672679, 29.715638856802666 ], [ -95.496411702410896, 29.715506692026036 ], [ -95.496603149247676, 29.715378120614339 ], [ -95.497128308915876, 29.714939173906142 ], [ -95.497842861249495, 29.71430092196422 ], [ -95.498496475964444, 29.713717087940328 ] ] } },
{ "type": "Feature", "properties": { "OBJECTID": 215, "Full_Name": "HADDON ST", "Ped_Death_Count": 0, "Bike_Death_Count": 0, "Veh_Death_Count": 0, "Ped_Crash_Count": 1, "Bike_Crash_Count": 0, "Veh_Crash_Count": 2, "Total_Crash_Count": 3, "RoadLength": 2639.9999, "Miles": 0.5, "CrashRate": 6.0, "Total_Death_Count": 0, "Shape__Length": 2639.9998874113553 }, "geometry": { "type": "LineString", "coordinates": [ [ -95.397929208997525, 29.752410019391615 ], [ -95.397989370513642, 29.752260035649513 ], [ -95.398783471026533, 29.751876986561932 ], [ -95.400195627021034, 29.751226551761881 ], [ -95.400766925476091, 29.750949860075252 ], [ -95.400865260241247, 29.75089716759285 ], [ -95.400957139005101, 29.750858488747259 ], [ -95.401094587000983, 29.750818671612038 ], [ -95.401233932023473, 29.750799324391476 ], [ -95.401366445380347, 29.750793059948709 ], [ -95.402175677096366, 29.750793700940591 ], [ -95.402566701973981, 29.750790305817087 ], [ -95.403007661337725, 29.750786478209385 ], [ -95.4038597300856, 29.750773181011979 ], [ -95.404704134500989, 29.750770648187679 ], [ -95.404820393148654, 29.750759660132022 ], [ -95.405564184807304, 29.750748704659085 ], [ -95.405709770101609, 29.75074754544179 ] ] } },
{ "type": "Feature", "properties": { "OBJECTID": 216, "Full_Name": "HAMILTON ST", "Ped_Death_Count": 0, "Bike_Death_Count": 0, "Veh_Death_Count": 0, "Ped_Crash_Count": 1, "Bike_Crash_Count": 0, "Veh_Crash_Count": 4, "Total_Crash_Count": 5, "RoadLength": 2640.0, "Miles": 0.5, "CrashRate": 10.0, "Total_Death_Count": 0, "Shape__Length": 2640.0000036697547 }, "geometry": { "type": "LineString", "coordinates": [ [ -95.35896528328999, 29.750047209811875 ], [ -95.359330352284204, 29.749571154560215 ], [ -95.359514818890318, 29.749330604200914 ], [ -95.36010523552514, 29.748569387635246 ], [ -95.360338700441901, 29.748267110305502 ], [ -95.360717382499345, 29.74780467061526 ], [ -95.36130515290246, 29.747045622891836 ], [ -95.361900980671052, 29.74631053985614 ], [ -95.362477885068913, 29.745569844891858 ], [ -95.362576785104409, 29.745454065221111 ], [ -95.362769609123305, 29.745226391075345 ], [ -95.362974742569179, 29.744984182017319 ], [ -95.363111575783236, 29.744822616468859 ], [ -95.363287052987531, 29.744567683914973 ], [ -95.363704955002916, 29.74408285286372 ] ] } },
{ "type": "Feature", "properties": { "OBJECTID": 217, "Full_Name": "HAMILTON ST", "Ped_Death_Count": 0, "Bike_Death_Count": 0, "Veh_Death_Count": 0, "Ped_Crash_Count": 1, "Bike_Crash_Count": 0, "Veh_Crash_Count": 3, "Total_Crash_Count": 4, "RoadLength": 2640.0, "Miles": 0.5, "CrashRate": 8.0, "Total_Death_Count": 0, "Shape__Length": 2640.0000270530177 }, "geometry": { "type": "LineString", "coordinates": [ [ -95.363704955002916, 29.74408285286372 ], [ -95.363706076070955, 29.744081552753425 ], [ -95.36395424514329, 29.743790600677819 ], [ -95.364033178465448, 29.74369805985943 ], [ -95.364498513807959, 29.743115555614111 ], [ -95.364888580896761, 29.742625279882883 ], [ -95.365642019846248, 29.741682894360761 ], [ -95.366369220630304, 29.740757792362775 ], [ -95.366940570270884, 29.74003763181182 ], [ -95.367391286656698, 29.739465645524302 ], [ -95.367851536664702, 29.738867971644208 ], [ -95.368424033423068, 29.738145468358343 ], [ -95.36844645576835, 29.738117855947191 ] ] } },
{ "type": "Feature", "properties": { "OBJECTID": 218, "Full_Name": "HAMMERLY BLVD", "Ped_Death_Count": 0, "Bike_Death_Count": 0, "Veh_Death_Count": 0, "Ped_Crash_Count": 1, "Bike_Crash_Count": 0, "Veh_Crash_Count": 3, "Total_Crash_Count": 4, "RoadLength": 2640.0, "Miles": 0.5, "CrashRate": 8.0, "Total_Death_Count": 0, "Shape__Length": 2639.9999758048416 }, "geometry": { "type": "LineString", "coordinates": [ [ -95.561859176851414, 29.812683587821471 ], [ -95.562116670165452, 29.812685520703411 ], [ -95.562649241715505, 29.81269934119489 ], [ -95.563298118455847, 29.812706388252668 ], [ -95.563579376946677, 29.812697087101778 ], [ -95.563782248914492, 29.812690376936832 ], [ -95.564039959956474, 29.812681854095835 ], [ -95.565266139925569, 29.812672952626663 ], [ -95.565859883985922, 29.812665811078613 ], [ -95.566208990260506, 29.812662719214501 ], [ -95.566996208858015, 29.812706956012097 ], [ -95.56712791614224, 29.812718927565207 ], [ -95.567276185304237, 29.812737560950719 ], [ -95.567824339915205, 29.812824456680357 ], [ -95.568069501169248, 29.812863404153955 ], [ -95.568356207994952, 29.812898255270643 ], [ -95.568699986239068, 29.812936288589928 ], [ -95.569243785796516, 29.81294848826133 ], [ -95.569914883995253, 29.812927833848196 ], [ -95.570160182432502, 29.812922824072785 ] ] } },
{ "type": "Feature", "properties": { "OBJECTID": 219, "Full_Name": "HAMMERLY BLVD", "Ped_Death_Count": 0, "Bike_Death_Count": 0, "Veh_Death_Count": 0, "Ped_Crash_Count": 1, "Bike_Crash_Count": 0, "Veh_Crash_Count": 3, "Total_Crash_Count": 4, "RoadLength": 2620.8982, "Miles": 0.4964, "CrashRate": 8.06, "Total_Death_Count": 0, "Shape__Length": 2620.8981973696973 }, "geometry": { "type": "LineString", "coordinates": [ [ -95.537152026857129, 29.811801242989542 ], [ -95.537465164802683, 29.811965183116058 ], [ -95.537885378127072, 29.812167736660854 ], [ -95.538287561455718, 29.812320333006628 ], [ -95.538740212540233, 29.812463316636958 ], [ -95.539242676730439, 29.81257810339104 ], [ -95.53969273466663, 29.812656513366814 ], [ -95.540145477665021, 29.812706021746081 ], [ -95.540694552328887, 29.812725413622015 ], [ -95.541226105921965, 29.812709445399683 ], [ -95.541886799787264, 29.812710386797814 ], [ -95.542243498404133, 29.81270581650206 ], [ -95.544091105298435, 29.812682127608674 ], [ -95.545209187331722, 29.812687228357571 ] ] } },
{ "type": "Feature", "properties": { "OBJECTID": 220, "Full_Name": "HARDY ST", "Ped_Death_Count": 1, "Bike_Death_Count": 0, "Veh_Death_Count": 0, "Ped_Crash_Count": 1, "Bike_Crash_Count": 0, "Veh_Crash_Count": 2, "Total_Crash_Count": 3, "RoadLength": 2640.0002, "Miles": 0.5, "CrashRate": 6.0, "Total_Death_Count": 1, "Shape__Length": 2640.0001642921652 }, "geometry": { "type": "LineString", "coordinates": [ [ -95.3522816320625, 29.797205064031139 ], [ -95.352292478679459, 29.797459499781645 ], [ -95.35230933055449, 29.798320381876366 ], [ -95.352326332397098, 29.799177108366116 ], [ -95.352344079261584, 29.800013073860175 ], [ -95.352364716238796, 29.800882016129325 ], [ -95.352390205324994, 29.801728426212009 ], [ -95.352410743388361, 29.802593412579437 ], [ -95.352438642574143, 29.803372530442648 ], [ -95.352461680651899, 29.804297645519842 ], [ -95.352462459342348, 29.804334408542807 ], [ -95.352464996838052, 29.804463138998113 ] ] } },
{ "type": "Feature", "properties": { "OBJECTID": 221, "Full_Name": "HARRISBURG BLVD", "Ped_Death_Count": 0, "Bike_Death_Count": 0, "Veh_Death_Count": 0, "Ped_Crash_Count": 3, "Bike_Crash_Count": 0, "Veh_Crash_Count": 0, "Total_Crash_Count": 3, "RoadLength": 2640.0, "Miles": 0.5, "CrashRate": 6.0, "Total_Death_Count": 0, "Shape__Length": 2639.9999757487035 }, "geometry": { "type": "LineString", "coordinates": [ [ -95.30522828573713, 29.73660896551214 ], [ -95.304296379387907, 29.736335214403475 ], [ -95.302872942809614, 29.735897952763708 ], [ -95.302323593928818, 29.735721110707466 ], [ -95.301145428326279, 29.735332057935196 ], [ -95.299952437486084, 29.734959169245901 ], [ -95.297998083951114, 29.73436209080386 ], [ -95.297392032970038, 29.734173641131132 ] ] } },
{ "type": "Feature", "properties": { "OBJECTID": 222, "Full_Name": "HARWIN DR", "Ped_Death_Count": 1, "Bike_Death_Count": 0, "Veh_Death_Count": 0, "Ped_Crash_Count": 2, "Bike_Crash_Count": 0, "Veh_Crash_Count": 3, "Total_Crash_Count": 5, "RoadLength": 2576.7576, "Miles": 0.488, "CrashRate": 10.25, "Total_Death_Count": 1, "Shape__Length": 2576.7575951220556 }, "geometry": { "type": "LineString", "coordinates": [ [ -95.570943643324256, 29.715570778920373 ], [ -95.571400774204761, 29.715530176653125 ], [ -95.571993038689143, 29.715487790798523 ], [ -95.572249314886079, 29.715471513060756 ], [ -95.573049297924896, 29.715401944501007 ], [ -95.573360486378007, 29.715372982264483 ], [ -95.57424982081929, 29.71529865285672 ], [ -95.57558540536661, 29.71520179771575 ], [ -95.575974122288514, 29.7152212329142 ], [ -95.576141344282689, 29.715229306842357 ], [ -95.576513699647847, 29.715282499378972 ], [ -95.576882367906677, 29.715377622151752 ], [ -95.577521412032368, 29.715629205905817 ], [ -95.577949979431224, 29.715804141227633 ], [ -95.578343633821291, 29.715929969331015 ], [ -95.578530688874906, 29.71596929404161 ], [ -95.578880036713343, 29.716009362780223 ] ] } },
{ "type": "Feature", "properties": { "OBJECTID": 223, "Full_Name": "HARWIN DR", "Ped_Death_Count": 0, "Bike_Death_Count": 0, "Veh_Death_Count": 0, "Ped_Crash_Count": 1, "Bike_Crash_Count": 0, "Veh_Crash_Count": 2, "Total_Crash_Count": 3, "RoadLength": 2639.9998, "Miles": 0.5, "CrashRate": 6.0, "Total_Death_Count": 0, "Shape__Length": 2639.9997735000279 }, "geometry": { "type": "LineString", "coordinates": [ [ -95.538198484206205, 29.717702411778458 ], [ -95.538966189672351, 29.717686873394744 ], [ -95.539508662962859, 29.717708508876871 ], [ -95.539920860564479, 29.717776289197182 ], [ -95.540513504904865, 29.717926803455725 ], [ -95.54108377160243, 29.718093878235891 ], [ -95.541293584303233, 29.718146903117947 ], [ -95.54179796421684, 29.718262759295818 ], [ -95.542276714637921, 29.718297973826232 ], [ -95.542503205358216, 29.718309535974107 ], [ -95.542759305882967, 29.718311699227964 ], [ -95.542957284763602, 29.718300311699636 ], [ -95.54320038479446, 29.718272311860048 ], [ -95.543395536059364, 29.718243072390916 ], [ -95.543590815073813, 29.718210026812418 ], [ -95.544129729275127, 29.718079213766817 ], [ -95.546086225473175, 29.717316575221851 ], [ -95.546199153561901, 29.717275983791232 ] ] } },
{ "type": "Feature", "properties": { "OBJECTID": 224, "Full_Name": "HARWIN DR", "Ped_Death_Count": 0, "Bike_Death_Count": 0, "Veh_Death_Count": 1, "Ped_Crash_Count": 1, "Bike_Crash_Count": 0, "Veh_Crash_Count": 4, "Total_Crash_Count": 5, "RoadLength": 2640.0, "Miles": 0.5, "CrashRate": 10.0, "Total_Death_Count": 1, "Shape__Length": 2639.9999805136567 }, "geometry": { "type": "LineString", "coordinates": [ [ -95.521602188594684, 29.717729065906131 ], [ -95.522131006276354, 29.717721192395789 ], [ -95.524454517213272, 29.717686572843323 ], [ -95.524769111946043, 29.717708164237514 ], [ -95.525177132883186, 29.717809384204941 ], [ -95.525560409247049, 29.717903247197569 ], [ -95.526222486354769, 29.717940564913263 ], [ -95.526459936671159, 29.717929673903967 ], [ -95.526968278189983, 29.71792095962039 ], [ -95.527540689303905, 29.717907620259691 ], [ -95.527783916612691, 29.717907157745859 ], [ -95.528337001517258, 29.717879804179365 ], [ -95.52880833933807, 29.717874542234391 ], [ -95.528844469111732, 29.717873841168625 ], [ -95.529296909861898, 29.717871838246797 ], [ -95.529817778779616, 29.71786326356564 ], [ -95.529884095720604, 29.71786252200522 ] ] } },
{ "type": "Feature", "properties": { "OBJECTID": 225, "Full_Name": "HAYES RD", "Ped_Death_Count": 0, "Bike_Death_Count": 0, "Veh_Death_Count": 0, "Ped_Crash_Count": 3, "Bike_Crash_Count": 0, "Veh_Crash_Count": 8, "Total_Crash_Count": 11, "RoadLength": 2640.0, "Miles": 0.5, "CrashRate": 22.0, "Total_Death_Count": 0, "Shape__Length": 2639.9999855587189 }, "geometry": { "type": "LineString", "coordinates": [ [ -95.576286115375822, 29.742938863889599 ], [ -95.576270759297273, 29.742296418800226 ], [ -95.576260150525485, 29.741445060970626 ], [ -95.576256419193726, 29.741296785607762 ], [ -95.576228040832973, 29.740641421244955 ], [ -95.576224613511854, 29.740496818265886 ], [ -95.576212861912978, 29.739983484014857 ], [ -95.576211256872071, 29.739805196542015 ], [ -95.576208602528894, 29.73967867748522 ], [ -95.576196003347221, 29.739255798631987 ], [ -95.576171376701254, 29.738858038352447 ], [ -95.576169965255275, 29.738530534017826 ], [ -95.57617750730779, 29.738385231039928 ], [ -95.576167605079632, 29.737698343887701 ], [ -95.576161285316232, 29.737303637307733 ], [ -95.576167193660638, 29.736691166494317 ], [ -95.576169825977004, 29.73584041740822 ], [ -95.576151638505138, 29.735681439101256 ] ] } },
{ "type": "Feature", "properties": { "OBJECTID": 226, "Full_Name": "HAZARD ST", "Ped_Death_Count": 0, "Bike_Death_Count": 0, "Veh_Death_Count": 0, "Ped_Crash_Count": 1, "Bike_Crash_Count": 1, "Veh_Crash_Count": 1, "Total_Crash_Count": 3, "RoadLength": 2640.0001, "Miles": 0.5, "CrashRate": 6.0, "Total_Death_Count": 0, "Shape__Length": 2640.0001047305523 }, "geometry": { "type": "LineString", "coordinates": [ [ -95.407091249949204, 29.737854670946302 ], [ -95.407088857936458, 29.737699337010376 ], [ -95.407085487570129, 29.736846894256221 ], [ -95.407065535386835, 29.735990046589031 ], [ -95.407055179973426, 29.735151694421447 ], [ -95.407054120275347, 29.734825146337208 ], [ -95.407047152960686, 29.734266079641326 ], [ -95.407032871287257, 29.733448566279037 ], [ -95.407014562494467, 29.732594276681748 ], [ -95.407022414316302, 29.732521793912309 ], [ -95.407006234762434, 29.7317428298884 ], [ -95.406998942769533, 29.731013826460348 ], [ -95.406996653536865, 29.730784971128031 ], [ -95.40699475951341, 29.730595617969396 ] ] } },
{ "type": "Feature", "properties": { "OBJECTID": 227, "Full_Name": "HEIGHTS BLVD", "Ped_Death_Count": 0, "Bike_Death_Count": 0, "Veh_Death_Count": 0, "Ped_Crash_Count": 1, "Bike_Crash_Count": 0, "Veh_Crash_Count": 3, "Total_Crash_Count": 4, "RoadLength": 2640.0, "Miles": 0.5, "CrashRate": 8.0, "Total_Death_Count": 0, "Shape__Length": 2639.9999898457504 }, "geometry": { "type": "LineString", "coordinates": [ [ -95.397217041798385, 29.769526064438949 ], [ -95.397299405561967, 29.770055317802075 ], [ -95.397317758318508, 29.770406504362949 ], [ -95.397320534192289, 29.771475788902414 ], [ -95.397327020040819, 29.772449999442134 ], [ -95.397371382930373, 29.774267055132835 ], [ -95.397402587076982, 29.775203482528998 ], [ -95.397433216302019, 29.776122690483461 ], [ -95.397434259221257, 29.776410533884679 ], [ -95.397434835395856, 29.776569633395642 ], [ -95.397435251974343, 29.776684594169105 ], [ -95.39743559569915, 29.776779617832993 ] ] } },
{ "type": "Feature", "properties": { "OBJECTID": 228, "Full_Name": "HEIGHTS BLVD", "Ped_Death_Count": 0, "Bike_Death_Count": 0, "Veh_Death_Count": 0, "Ped_Crash_Count": 2, "Bike_Crash_Count": 0, "Veh_Crash_Count": 0, "Total_Crash_Count": 2, "RoadLength": 1972.9589, "Miles": 0.3737, "CrashRate": 5.35, "Total_Death_Count": 0, "Shape__Length": 1972.9589078926908 }, "geometry": { "type": "LineString", "coordinates": [ [ -95.397837597968859, 29.798555969144708 ], [ -95.397863151139873, 29.799906812853521 ], [ -95.397885132979638, 29.8009197508472 ], [ -95.397905149111338, 29.80193874483178 ], [ -95.397923577796362, 29.802953114901342 ], [ -95.397950944043856, 29.803980637192353 ] ] } },
{ "type": "Feature", "properties": { "OBJECTID": 229, "Full_Name": "HEMPSTEAD RD", "Ped_Death_Count": 1, "Bike_Death_Count": 0, "Veh_Death_Count": 1, "Ped_Crash_Count": 1, "Bike_Crash_Count": 0, "Veh_Crash_Count": 3, "Total_Crash_Count": 4, "RoadLength": 2640.0001, "Miles": 0.5, "CrashRate": 8.0, "Total_Death_Count": 2, "Shape__Length": 2640.0000617699216 }, "geometry": { "type": "LineString", "coordinates": [ [ -95.550386173666368, 29.866065202859943 ], [ -95.55080592354993, 29.866362425288592 ], [ -95.551127149071206, 29.866579735553575 ], [ -95.551250368908541, 29.866658588855053 ], [ -95.552455882661548, 29.867550535671775 ], [ -95.55379663716549, 29.868473484316315 ], [ -95.554298603399559, 29.868825039404118 ], [ -95.554944018586056, 29.869277055323781 ], [ -95.556867511034753, 29.870624122560436 ] ] } },
{ "type": "Feature", "properties": { "OBJECTID": 230, "Full_Name": "HILLCROFT AVE", "Ped_Death_Count": 0, "Bike_Death_Count": 0, "Veh_Death_Count": 0, "Ped_Crash_Count": 1, "Bike_Crash_Count": 0, "Veh_Crash_Count": 4, "Total_Crash_Count": 5, "RoadLength": 2640.0001, "Miles": 0.5, "CrashRate": 10.0, "Total_Death_Count": 0, "Shape__Length": 2640.0000971927939 }, "geometry": { "type": "LineString", "coordinates": [ [ -95.50090569503196, 29.737594162839059 ], [ -95.500905300732683, 29.737309970403611 ], [ -95.500880329825137, 29.73705762750123 ], [ -95.500905469821618, 29.736172374099652 ], [ -95.500993521673209, 29.735351360089098 ], [ -95.501067548336181, 29.734897240146307 ], [ -95.501225061928011, 29.734042482214981 ], [ -95.501232877893258, 29.732825128659254 ], [ -95.501186039681372, 29.731662287605591 ], [ -95.501159918468403, 29.730462931952598 ], [ -95.5011594437902, 29.730355402152501 ] ] } },
{ "type": "Feature", "properties": { "OBJECTID": 231, "Full_Name": "HILLCROFT AVE", "Ped_Death_Count": 0, "Bike_Death_Count": 0, "Veh_Death_Count": 0, "Ped_Crash_Count": 1, "Bike_Crash_Count": 0, "Veh_Crash_Count": 3, "Total_Crash_Count": 4, "RoadLength": 2600.215, "Miles": 0.4925, "CrashRate": 8.12, "Total_Death_Count": 0, "Shape__Length": 2600.2150205080693 }, "geometry": { "type": "LineString", "coordinates": [ [ -95.492962344800901, 29.696560615581564 ], [ -95.492993366678149, 29.694801965775753 ], [ -95.49302057061648, 29.694548943279003 ], [ -95.493009330214861, 29.693949147117177 ], [ -95.493002471379413, 29.693680428966367 ], [ -95.492998755067035, 29.693362430580862 ], [ -95.492952885814447, 29.692110951771991 ], [ -95.492952862291816, 29.691599106621915 ], [ -95.492891536392079, 29.690687405697446 ], [ -95.492657550308834, 29.689772435887914 ], [ -95.492569532416951, 29.689445001424168 ] ] } },
{ "type": "Feature", "properties": { "OBJECTID": 232, "Full_Name": "HILLCROFT AVE", "Ped_Death_Count": 2, "Bike_Death_Count": 0, "Veh_Death_Count": 2, "Ped_Crash_Count": 6, "Bike_Crash_Count": 0, "Veh_Crash_Count": 5, "Total_Crash_Count": 11, "RoadLength": 2640.0, "Miles": 0.5, "CrashRate": 22.0, "Total_Death_Count": 4, "Shape__Length": 2640.0000405452492 }, "geometry": { "type": "LineString", "coordinates": [ [ -95.493358708054686, 29.711057284230051 ], [ -95.49327967711325, 29.710831445501015 ], [ -95.493143199021645, 29.710183473236533 ], [ -95.493121075730215, 29.709057212985769 ], [ -95.493093229306368, 29.708180138861174 ], [ -95.493082562696912, 29.707266057997487 ], [ -95.493066725620665, 29.706392746026872 ], [ -95.493050106503816, 29.705452646096163 ], [ -95.493043573126826, 29.704465533685688 ], [ -95.493025289146047, 29.703819310042814 ] ] } },
{ "type": "Feature", "properties": { "OBJECTID": 233, "Full_Name": "HILLCROFT AVE", "Ped_Death_Count": 0, "Bike_Death_Count": 0, "Veh_Death_Count": 1, "Ped_Crash_Count": 2, "Bike_Crash_Count": 0, "Veh_Crash_Count": 3, "Total_Crash_Count": 5, "RoadLength": 2639.9998, "Miles": 0.5, "CrashRate": 10.0, "Total_Death_Count": 1, "Shape__Length": 2639.9997597317843 }, "geometry": { "type": "LineString", "coordinates": [ [ -95.498859366696479, 29.716426206161582 ], [ -95.498385214922237, 29.716037969666939 ], [ -95.497992998929561, 29.715692551510557 ], [ -95.497602392628835, 29.715348545318445 ], [ -95.497128308915876, 29.714939173906142 ], [ -95.496386246689099, 29.714306567078701 ], [ -95.496170955501185, 29.714123032258588 ], [ -95.495891241475476, 29.713884572522677 ], [ -95.495719084294208, 29.713737805563571 ], [ -95.495447476746435, 29.713506254569431 ], [ -95.494762252025609, 29.712911049682177 ], [ -95.494400577282235, 29.712589447765044 ], [ -95.494249240898341, 29.712423944945179 ], [ -95.494070565514463, 29.712228541848813 ], [ -95.493784089511877, 29.711859754577198 ], [ -95.493435073660649, 29.711275507861476 ], [ -95.493358708054686, 29.711057284230051 ] ] } },
{ "type": "Feature", "properties": { "OBJECTID": 234, "Full_Name": "HILLCROFT AVE", "Ped_Death_Count": 0, "Bike_Death_Count": 1, "Veh_Death_Count": 0, "Ped_Crash_Count": 4, "Bike_Crash_Count": 1, "Veh_Crash_Count": 8, "Total_Crash_Count": 13, "RoadLength": 2640.0002, "Miles": 0.5, "CrashRate": 26.0, "Total_Death_Count": 1, "Shape__Length": 2640.0002321386446 }, "geometry": { "type": "LineString", "coordinates": [ [ -95.501038230300082, 29.723096563273618 ], [ -95.501038718680263, 29.723004201179126 ], [ -95.501040920334631, 29.722861146175703 ], [ -95.501042156588582, 29.722780782609743 ], [ -95.501043747716778, 29.722677400940981 ], [ -95.50104341318206, 29.721742952548407 ], [ -95.501036797855775, 29.72147946284009 ], [ -95.500996501866595, 29.719648784297085 ], [ -95.500912369707834, 29.719127113943241 ], [ -95.500750341381448, 29.718759577880064 ], [ -95.50051462651868, 29.718224891544669 ], [ -95.50043908542527, 29.718053535437903 ], [ -95.500138336713405, 29.717711906708271 ], [ -95.499853925952152, 29.71738883472019 ], [ -95.499496705421336, 29.717045140117488 ], [ -95.499400265031298, 29.716952349557594 ], [ -95.499287570656705, 29.716841396192663 ], [ -95.49928510295355, 29.716838965858912 ], [ -95.499169738053425, 29.716725382680853 ], [ -95.499067657291931, 29.716624877545836 ], [ -95.498898004291135, 29.716457842036917 ], [ -95.498859366696479, 29.716426206161582 ] ] } },
{ "type": "Feature", "properties": { "OBJECTID": 235, "Full_Name": "HILLCROFT AVE", "Ped_Death_Count": 2, "Bike_Death_Count": 1, "Veh_Death_Count": 0, "Ped_Crash_Count": 2, "Bike_Crash_Count": 1, "Veh_Crash_Count": 0, "Total_Crash_Count": 3, "RoadLength": 2639.9998, "Miles": 0.5, "CrashRate": 6.0, "Total_Death_Count": 3, "Shape__Length": 2639.9997869000058 }, "geometry": { "type": "LineString", "coordinates": [ [ -95.5011594437902, 29.730355402152501 ], [ -95.501156258601981, 29.729633127860257 ], [ -95.501155102316375, 29.72937065598655 ], [ -95.501153910761616, 29.729100375309319 ], [ -95.501151631111355, 29.728583520913094 ], [ -95.501149500767738, 29.728100256803476 ], [ -95.501144542475373, 29.727430302621915 ], [ -95.501133644683492, 29.726813713633071 ], [ -95.501107885025078, 29.725741947303586 ], [ -95.501097861363675, 29.725484530313697 ], [ -95.501073877043837, 29.724582090962912 ], [ -95.50106825647282, 29.724374154519158 ], [ -95.501061460021035, 29.723828530624022 ], [ -95.501037168061558, 29.723297292723259 ], [ -95.501038230300082, 29.723096563273618 ] ] } },
{ "type": "Feature", "properties": { "OBJECTID": 236, "Full_Name": "HIRSCH RD", "Ped_Death_Count": 0, "Bike_Death_Count": 0, "Veh_Death_Count": 0, "Ped_Crash_Count": 1, "Bike_Crash_Count": 0, "Veh_Crash_Count": 3, "Total_Crash_Count": 4, "RoadLength": 1664.0305, "Miles": 0.3152, "CrashRate": 12.69, "Total_Death_Count": 0, "Shape__Length": 1664.0305080367923 }, "geometry": { "type": "LineString", "coordinates": [ [ -95.327746719508895, 29.796886273773598 ], [ -95.327748158885214, 29.797020428761488 ], [ -95.327762003744127, 29.797163817579229 ], [ -95.327791796727183, 29.797326297809803 ], [ -95.327820855366141, 29.797443159690118 ], [ -95.327855730386815, 29.79756148886181 ], [ -95.327903220906151, 29.797687592562095 ], [ -95.327965831035272, 29.797845310197811 ], [ -95.328133323776413, 29.79833222926662 ], [ -95.328185932581547, 29.798760871701237 ], [ -95.328193802391255, 29.799024803962965 ], [ -95.328212435441671, 29.80027400858669 ], [ -95.328231308151487, 29.801413157275025 ] ] } },
{ "type": "Feature", "properties": { "OBJECTID": 237, "Full_Name": "HIRSCH RD", "Ped_Death_Count": 0, "Bike_Death_Count": 0, "Veh_Death_Count": 1, "Ped_Crash_Count": 1, "Bike_Crash_Count": 0, "Veh_Crash_Count": 2, "Total_Crash_Count": 3, "RoadLength": 2640.0, "Miles": 0.5, "CrashRate": 6.0, "Total_Death_Count": 1, "Shape__Length": 2639.999985998154 }, "geometry": { "type": "LineString", "coordinates": [ [ -95.32871464204969, 29.815917309165414 ], [ -95.328715537549982, 29.816027257121924 ], [ -95.328717302910945, 29.816874572504897 ], [ -95.328731936901491, 29.818001907057454 ], [ -95.32873338263785, 29.818952272689167 ], [ -95.328736997415717, 29.819662287312795 ], [ -95.328764302010029, 29.820739130920121 ], [ -95.328776753168157, 29.821464990493531 ], [ -95.32877675650748, 29.822179289003021 ], [ -95.328799078853535, 29.82310736790371 ], [ -95.328800349998531, 29.823176561791051 ] ] } },
{ "type": "Feature", "properties": { "OBJECTID": 238, "Full_Name": "HOLCOMBE BLVD", "Ped_Death_Count": 0, "Bike_Death_Count": 0, "Veh_Death_Count": 0, "Ped_Crash_Count": 1, "Bike_Crash_Count": 0, "Veh_Crash_Count": 2, "Total_Crash_Count": 3, "RoadLength": 2373.6144, "Miles": 0.4496, "CrashRate": 6.67, "Total_Death_Count": 0, "Shape__Length": 2373.6144088832939 }, "geometry": { "type": "LineString", "coordinates": [ [ -95.38128079653336, 29.703724800084263 ], [ -95.381028452659805, 29.703637080432625 ], [ -95.380704996307401, 29.703544440633468 ], [ -95.379626662538584, 29.703216986170759 ], [ -95.379067190337267, 29.703035075021543 ], [ -95.377859541789178, 29.702642399655186 ], [ -95.376558985196525, 29.702214042999298 ], [ -95.375497668854834, 29.701933723128864 ], [ -95.375209239817622, 29.701858340007277 ], [ -95.375154608986961, 29.70184406128212 ], [ -95.374658964551372, 29.701758354111853 ], [ -95.374613045860642, 29.701752695100879 ], [ -95.374212202044717, 29.701703302048582 ], [ -95.37418813269673, 29.701703734486983 ] ] } },
{ "type": "Feature", "properties": { "OBJECTID": 239, "Full_Name": "HOLCOMBE BLVD", "Ped_Death_Count": 1, "Bike_Death_Count": 0, "Veh_Death_Count": 0, "Ped_Crash_Count": 1, "Bike_Crash_Count": 0, "Veh_Crash_Count": 6, "Total_Crash_Count": 7, "RoadLength": 2640.0, "Miles": 0.5, "CrashRate": 14.0, "Total_Death_Count": 1, "Shape__Length": 2640.0000404402963 }, "geometry": { "type": "LineString", "coordinates": [ [ -95.396749924838247, 29.706232071088294 ], [ -95.395769300916186, 29.706228982341862 ], [ -95.394636751236135, 29.706216739705454 ], [ -95.39383517074846, 29.706179913463117 ], [ -95.393269525902326, 29.706107394651561 ], [ -95.392903407162947, 29.706023544564257 ], [ -95.392283426146918, 29.705889889454802 ], [ -95.391621971774356, 29.705769434914707 ], [ -95.391420380468702, 29.705759190965747 ], [ -95.390934358812871, 29.705772907120423 ], [ -95.3902259573766, 29.705904282338071 ], [ -95.389744629590822, 29.706140760968285 ], [ -95.389246685034252, 29.706390951971056 ], [ -95.388860683853324, 29.706524082247526 ], [ -95.388686000448956, 29.706567335565722 ] ] } },
{ "type": "Feature", "properties": { "OBJECTID": 240, "Full_Name": "HOLLY HALL ST", "Ped_Death_Count": 0, "Bike_Death_Count": 0, "Veh_Death_Count": 0, "Ped_Crash_Count": 3, "Bike_Crash_Count": 0, "Veh_Crash_Count": 3, "Total_Crash_Count": 6, "RoadLength": 2640.0, "Miles": 0.5, "CrashRate": 12.0, "Total_Death_Count": 0, "Shape__Length": 2639.999954024172 }, "geometry": { "type": "LineString", "coordinates": [ [ -95.403226762000514, 29.685237181960826 ], [ -95.402219581176141, 29.685246633188438 ], [ -95.399983639852451, 29.685274041700744 ], [ -95.39838292840092, 29.685297127764429 ], [ -95.397062053174523, 29.68529747810263 ], [ -95.396410252413986, 29.685302697526453 ], [ -95.395525899893315, 29.685309775044001 ], [ -95.394913003735311, 29.68532727374971 ] ] } },
{ "type": "Feature", "properties": { "OBJECTID": 241, "Full_Name": "HOMESTEAD RD", "Ped_Death_Count": 0, "Bike_Death_Count": 0, "Veh_Death_Count": 0, "Ped_Crash_Count": 2, "Bike_Crash_Count": 0, "Veh_Crash_Count": 5, "Total_Crash_Count": 7, "RoadLength": 2640.0003, "Miles": 0.5, "CrashRate": 14.0, "Total_Death_Count": 0, "Shape__Length": 2640.000273556916 }, "geometry": { "type": "LineString", "coordinates": [ [ -95.301921029512798, 29.815692209450408 ], [ -95.301928538430715, 29.816771001207581 ], [ -95.301923391754627, 29.817144209032644 ], [ -95.301939248092722, 29.818568935993927 ], [ -95.301939660773257, 29.819465673419998 ], [ -95.301937949932992, 29.82000016860076 ], [ -95.301942580579819, 29.820386327317653 ], [ -95.301937352064684, 29.820891289360219 ], [ -95.301965693422602, 29.822682957178348 ], [ -95.301966421326895, 29.822951775953612 ] ] } },
{ "type": "Feature", "properties": { "OBJECTID": 242, "Full_Name": "HOMESTEAD RD", "Ped_Death_Count": 1, "Bike_Death_Count": 0, "Veh_Death_Count": 0, "Ped_Crash_Count": 3, "Bike_Crash_Count": 0, "Veh_Crash_Count": 8, "Total_Crash_Count": 11, "RoadLength": 2640.0, "Miles": 0.5, "CrashRate": 22.0, "Total_Death_Count": 1, "Shape__Length": 2639.9999527247937 }, "geometry": { "type": "LineString", "coordinates": [ [ -95.302103024240765, 29.84472917042871 ], [ -95.302109116049692, 29.84502567365562 ], [ -95.302151465701655, 29.84848942980986 ], [ -95.302075865207172, 29.848991188908993 ], [ -95.3019035402409, 29.849447400026158 ], [ -95.301809308734676, 29.849603808643117 ], [ -95.301332546842033, 29.850256231417415 ], [ -95.300993143453383, 29.850673695869286 ], [ -95.300760373524412, 29.851012931825242 ], [ -95.300564113773078, 29.851645985265389 ] ] } },
{ "type": "Feature", "properties": { "OBJECTID": 243, "Full_Name": "HOMESTEAD RD", "Ped_Death_Count": 0, "Bike_Death_Count": 0, "Veh_Death_Count": 1, "Ped_Crash_Count": 1, "Bike_Crash_Count": 0, "Veh_Crash_Count": 7, "Total_Crash_Count": 8, "RoadLength": 2640.0001, "Miles": 0.5, "CrashRate": 16.0, "Total_Death_Count": 1, "Shape__Length": 2640.0000529032991 }, "geometry": { "type": "LineString", "coordinates": [ [ -95.30199199510875, 29.830210724844061 ], [ -95.301990135853174, 29.830307749701682 ], [ -95.302012451362614, 29.831368783418654 ], [ -95.302004150713501, 29.832264401493951 ], [ -95.302002651866161, 29.832690604291052 ], [ -95.302005215571469, 29.833133158891002 ], [ -95.302011675676923, 29.834007590049673 ], [ -95.302019992012504, 29.834894640843636 ], [ -95.302024094772761, 29.835773726543163 ], [ -95.30202834192005, 29.836648891210515 ], [ -95.302040386539758, 29.837470229177924 ] ] } },
{ "type": "Feature", "properties": { "OBJECTID": 244, "Full_Name": "HOMESTEAD RD", "Ped_Death_Count": 1, "Bike_Death_Count": 0, "Veh_Death_Count": 2, "Ped_Crash_Count": 1, "Bike_Crash_Count": 0, "Veh_Crash_Count": 5, "Total_Crash_Count": 6, "RoadLength": 2640.0001, "Miles": 0.5, "CrashRate": 12.0, "Total_Death_Count": 3, "Shape__Length": 2640.000096853531 }, "geometry": { "type": "LineString", "coordinates": [ [ -95.300606615249251, 29.873419564021841 ], [ -95.30060362551049, 29.873897429798699 ], [ -95.300585943238673, 29.875918847973107 ], [ -95.300610233551069, 29.877644133167767 ], [ -95.30060186958741, 29.87968069965752 ], [ -95.300614052719951, 29.880679064921214 ] ] } },
{ "type": "Feature", "properties": { "OBJECTID": 245, "Full_Name": "HOMESTEAD RD", "Ped_Death_Count": 0, "Bike_Death_Count": 0, "Veh_Death_Count": 1, "Ped_Crash_Count": 1, "Bike_Crash_Count": 0, "Veh_Crash_Count": 9, "Total_Crash_Count": 10, "RoadLength": 2640.0001, "Miles": 0.5, "CrashRate": 20.0, "Total_Death_Count": 1, "Shape__Length": 2640.0001439203206 }, "geometry": { "type": "LineString", "coordinates": [ [ -95.300561063831168, 29.866159935882227 ], [ -95.300561987518364, 29.866869872137684 ], [ -95.300603714047938, 29.87137632636804 ], [ -95.300608086674117, 29.873184457256368 ], [ -95.300606615249251, 29.873419564021841 ] ] } },
{ "type": "Feature", "properties": { "OBJECTID": 246, "Full_Name": "HOMESTEAD RD", "Ped_Death_Count": 0, "Bike_Death_Count": 0, "Veh_Death_Count": 0, "Ped_Crash_Count": 1, "Bike_Crash_Count": 0, "Veh_Crash_Count": 4, "Total_Crash_Count": 5, "RoadLength": 2639.9999, "Miles": 0.5, "CrashRate": 10.0, "Total_Death_Count": 0, "Shape__Length": 2639.9999440912443 }, "geometry": { "type": "LineString", "coordinates": [ [ -95.300514188795177, 29.858900360150717 ], [ -95.300532683670212, 29.860769260031415 ], [ -95.30055534549146, 29.862065465510319 ], [ -95.300558587114637, 29.864255051612119 ], [ -95.300561063831168, 29.866159935882227 ] ] } },
{ "type": "Feature", "properties": { "OBJECTID": 247, "Full_Name": "HOMESTEAD RD", "Ped_Death_Count": 0, "Bike_Death_Count": 0, "Veh_Death_Count": 0, "Ped_Crash_Count": 1, "Bike_Crash_Count": 0, "Veh_Crash_Count": 7, "Total_Crash_Count": 8, "RoadLength": 2639.9999, "Miles": 0.5, "CrashRate": 16.0, "Total_Death_Count": 0, "Shape__Length": 2639.999886954372 }, "geometry": { "type": "LineString", "coordinates": [ [ -95.300614052719951, 29.880679064921214 ], [ -95.300627650022292, 29.881793246390526 ], [ -95.300679985997334, 29.883513458781103 ], [ -95.300747958450003, 29.884351491658421 ], [ -95.30076281173595, 29.885184485125762 ], [ -95.300779294527359, 29.885732860279795 ], [ -95.300783031201817, 29.886188838071771 ], [ -95.300853510393992, 29.88717851469686 ], [ -95.300862767713255, 29.887933808357882 ] ] } },
{ "type": "Feature", "properties": { "OBJECTID": 248, "Full_Name": "HUMBLE WESTFIELD RD", "Ped_Death_Count": 1, "Bike_Death_Count": 0, "Veh_Death_Count": 0, "Ped_Crash_Count": 2, "Bike_Crash_Count": 0, "Veh_Crash_Count": 2, "Total_Crash_Count": 4, "RoadLength": 2640.0, "Miles": 0.5, "CrashRate": 8.0, "Total_Death_Count": 1, "Shape__Length": 2639.9999835443023 }, "geometry": { "type": "LineString", "coordinates": [ [ -95.287461505278955, 30.00147608315309 ], [ -95.286893862947352, 30.001483073696033 ], [ -95.286232416099097, 30.001489498315237 ], [ -95.285473455846159, 30.001500283347156 ], [ -95.284351028238234, 30.001506617257419 ], [ -95.283895011283207, 30.001513109461314 ], [ -95.282391728065519, 30.001498411282704 ], [ -95.281318125895424, 30.001540638783116 ], [ -95.279122526710481, 30.001549520498948 ] ] } },
{ "type": "Feature", "properties": { "OBJECTID": 249, "Full_Name": "IDAHO ST", "Ped_Death_Count": 0, "Bike_Death_Count": 0, "Veh_Death_Count": 0, "Ped_Crash_Count": 1, "Bike_Crash_Count": 0, "Veh_Crash_Count": 2, "Total_Crash_Count": 3, "RoadLength": 2640.0003, "Miles": 0.5, "CrashRate": 6.0, "Total_Death_Count": 0, "Shape__Length": 2640.0003341564811 }, "geometry": { "type": "LineString", "coordinates": [ [ -95.352737959018981, 29.687703859447964 ], [ -95.352557243616332, 29.687648110910029 ], [ -95.351815941154243, 29.68742883188348 ], [ -95.351074845082934, 29.687203863730915 ], [ -95.350800166504442, 29.68712007006139 ], [ -95.350320578216568, 29.686981758582203 ], [ -95.349585154651308, 29.686741903218053 ], [ -95.348843447902055, 29.686521411082239 ], [ -95.348107857560336, 29.686286428201104 ], [ -95.34776346340108, 29.686218419404391 ], [ -95.347378730285158, 29.686183499553351 ], [ -95.346996441811385, 29.68623656546864 ], [ -95.34663206583366, 29.686331861237505 ], [ -95.345282595592977, 29.686743940630389 ], [ -95.344835656080775, 29.686873638931083 ] ] } },
{ "type": "Feature", "properties": { "OBJECTID": 250, "Full_Name": "IMPERIAL VALLEY DR", "Ped_Death_Count": 1, "Bike_Death_Count": 0, "Veh_Death_Count": 0, "Ped_Crash_Count": 1, "Bike_Crash_Count": 1, "Veh_Crash_Count": 3, "Total_Crash_Count": 5, "RoadLength": 1794.0412, "Miles": 0.3398, "CrashRate": 14.71, "Total_Death_Count": 1, "Shape__Length": 1794.0412381455287 }, "geometry": { "type": "LineString", "coordinates": [ [ -95.402437130324628, 29.926933228005783 ], [ -95.402559613983385, 29.927700330342528 ], [ -95.402687408530312, 29.928463081456091 ], [ -95.402722046886907, 29.929380591343218 ], [ -95.402690071076776, 29.929793453646468 ], [ -95.4026127221846, 29.930049428263079 ], [ -95.402503847094508, 29.930300310184133 ], [ -95.402183119823221, 29.931132952145415 ], [ -95.402124034087777, 29.931767380767653 ], [ -95.402124120627491, 29.931775959698022 ] ] } },
{ "type": "Feature", "properties": { "OBJECTID": 251, "Full_Name": "IMPERIAL VALLEY DR", "Ped_Death_Count": 0, "Bike_Death_Count": 0, "Veh_Death_Count": 1, "Ped_Crash_Count": 1, "Bike_Crash_Count": 0, "Veh_Crash_Count": 2, "Total_Crash_Count": 3, "RoadLength": 2639.9999, "Miles": 0.5, "CrashRate": 6.0, "Total_Death_Count": 1, "Shape__Length": 2639.9998773929919 }, "geometry": { "type": "LineString", "coordinates": [ [ -95.397762036638355, 29.937226789329674 ], [ -95.397684093103351, 29.937465019533704 ], [ -95.397661411478239, 29.937541600297049 ], [ -95.397212035215844, 29.938918184535481 ], [ -95.397140612780163, 29.939125021490764 ], [ -95.397041301052738, 29.939412621863291 ], [ -95.396976744887098, 29.939599571667181 ], [ -95.396816158374719, 29.940207387964353 ], [ -95.396596889472306, 29.940830101436624 ], [ -95.396483320092898, 29.941201398494201 ], [ -95.396315598922868, 29.941744816271488 ], [ -95.396055933953917, 29.942575376688886 ], [ -95.395881649825753, 29.943441604544912 ], [ -95.395822903721623, 29.943677523649722 ], [ -95.39581377248679, 29.943935428274564 ], [ -95.395832390673576, 29.944163101251903 ], [ -95.395846745062485, 29.944262561491865 ] ] } },
{ "type": "Feature", "properties": { "OBJECTID": 252, "Full_Name": "JEANETTA ST", "Ped_Death_Count": 0, "Bike_Death_Count": 0, "Veh_Death_Count": 1, "Ped_Crash_Count": 1, "Bike_Crash_Count": 0, "Veh_Crash_Count": 3, "Total_Crash_Count": 4, "RoadLength": 2639.9999, "Miles": 0.5, "CrashRate": 8.0, "Total_Death_Count": 1, "Shape__Length": 2639.9999394382385 }, "geometry": { "type": "LineString", "coordinates": [ [ -95.52497548529027, 29.737336804658078 ], [ -95.525173539992721, 29.736599196356316 ], [ -95.525224932757723, 29.736508238467078 ], [ -95.525220060063532, 29.736052526476595 ], [ -95.52519406637299, 29.73538222540045 ], [ -95.525192146696611, 29.734906133415077 ], [ -95.525192342561439, 29.73467633542818 ], [ -95.52517484515198, 29.734316197242588 ], [ -95.525185234523804, 29.733850297433339 ], [ -95.525170848262206, 29.733581879135951 ], [ -95.525176561564408, 29.733398009519938 ], [ -95.525168433103019, 29.733146763694737 ], [ -95.525161986521439, 29.732901434934458 ], [ -95.525133803697273, 29.731924477767691 ], [ -95.52513258803836, 29.730911272195346 ], [ -95.525101104215977, 29.730109296279966 ] ] } },
{ "type": "Feature", "properties": { "OBJECTID": 253, "Full_Name": "JEFFERSON ST", "Ped_Death_Count": 0, "Bike_Death_Count": 0, "Veh_Death_Count": 0, "Ped_Crash_Count": 1, "Bike_Crash_Count": 0, "Veh_Crash_Count": 8, "Total_Crash_Count": 9, "RoadLength": 2640.0, "Miles": 0.5, "CrashRate": 18.0, "Total_Death_Count": 0, "Shape__Length": 2640.0000400357371 }, "geometry": { "type": "LineString", "coordinates": [ [ -95.374503919972526, 29.754145394282151 ], [ -95.374361559644925, 29.753967144208048 ], [ -95.37419246025145, 29.753803219641156 ], [ -95.373933990946838, 29.753611714413374 ], [ -95.37387137749586, 29.75353453977867 ], [ -95.373103073077388, 29.753068635762755 ], [ -95.372243670383639, 29.752549439467391 ], [ -95.371399587060012, 29.752032317656909 ], [ -95.370537933217719, 29.75151502838872 ], [ -95.369652393659749, 29.750987661309672 ], [ -95.369178490878127, 29.750690108989605 ], [ -95.368783367304971, 29.750461846786575 ], [ -95.367916100701592, 29.749928399518424 ], [ -95.367815076105543, 29.749868935264026 ] ] } },
{ "type": "Feature", "properties": { "OBJECTID": 254, "Full_Name": "JENSEN DR", "Ped_Death_Count": 0, "Bike_Death_Count": 0, "Veh_Death_Count": 0, "Ped_Crash_Count": 2, "Bike_Crash_Count": 0, "Veh_Crash_Count": 2, "Total_Crash_Count": 4, "RoadLength": 2640.0, "Miles": 0.5, "CrashRate": 8.0, "Total_Death_Count": 0, "Shape__Length": 2640.0000280900235 }, "geometry": { "type": "LineString", "coordinates": [ [ -95.342484050699284, 29.819564065145986 ], [ -95.342488291624036, 29.819848709271625 ], [ -95.34249364967441, 29.820369082992272 ], [ -95.34252380150906, 29.821159723231034 ], [ -95.3425227882271, 29.821900194665222 ], [ -95.342583536968718, 29.824907909558373 ], [ -95.342599494018373, 29.826239215957152 ], [ -95.342605225907974, 29.82655742749473 ], [ -95.3426076692853, 29.826822882065944 ] ] } },
{ "type": "Feature", "properties": { "OBJECTID": 255, "Full_Name": "JENSEN DR", "Ped_Death_Count": 0, "Bike_Death_Count": 0, "Veh_Death_Count": 0, "Ped_Crash_Count": 1, "Bike_Crash_Count": 1, "Veh_Crash_Count": 1, "Total_Crash_Count": 3, "RoadLength": 2640.0002, "Miles": 0.5, "CrashRate": 6.0, "Total_Death_Count": 0, "Shape__Length": 2640.0001975408127 }, "geometry": { "type": "LineString", "coordinates": [ [ -95.342772339433736, 29.848581734161076 ], [ -95.342771602495276, 29.848584236067452 ], [ -95.342690863736038, 29.848799064647977 ], [ -95.34255987118344, 29.849051619164772 ], [ -95.342361909235805, 29.849415317322887 ], [ -95.342122795654063, 29.849784084093706 ], [ -95.341437791050183, 29.850936181599813 ], [ -95.341215964393044, 29.851350455103713 ], [ -95.340531580300777, 29.85248532252194 ], [ -95.339714495686863, 29.85381054512284 ], [ -95.339307130737126, 29.854488226636256 ], [ -95.339036270785357, 29.854919979348519 ], [ -95.338967365244301, 29.855034384916525 ] ] } },
{ "type": "Feature", "properties": { "OBJECTID": 256, "Full_Name": "JENSEN DR", "Ped_Death_Count": 0, "Bike_Death_Count": 0, "Veh_Death_Count": 2, "Ped_Crash_Count": 1, "Bike_Crash_Count": 0, "Veh_Crash_Count": 2, "Total_Crash_Count": 3, "RoadLength": 2639.9999, "Miles": 0.5, "CrashRate": 6.0, "Total_Death_Count": 2, "Shape__Length": 2639.9999053708102 }, "geometry": { "type": "LineString", "coordinates": [ [ -95.342823872581135, 29.841340074139673 ], [ -95.342834546874258, 29.841863970699997 ], [ -95.342837508627056, 29.842060581204979 ], [ -95.342837020026963, 29.842492929646728 ], [ -95.342853110010907, 29.842882057176862 ], [ -95.342859500177013, 29.843401940809134 ], [ -95.342878528935074, 29.844587994762499 ], [ -95.342898351032545, 29.845422899261827 ], [ -95.342906012503335, 29.84617111269062 ], [ -95.342922675531483, 29.846872365528469 ], [ -95.342930957756792, 29.847011491128278 ], [ -95.342946592812353, 29.847315761115674 ], [ -95.342949995653228, 29.847683359589197 ], [ -95.342935686690254, 29.847897105867403 ], [ -95.342903341199019, 29.848150874821005 ], [ -95.342835864662447, 29.848366063336488 ], [ -95.342772339433736, 29.848581734161076 ] ] } },
{ "type": "Feature", "properties": { "OBJECTID": 257, "Full_Name": "JENSEN DR", "Ped_Death_Count": 0, "Bike_Death_Count": 0, "Veh_Death_Count": 0, "Ped_Crash_Count": 2, "Bike_Crash_Count": 0, "Veh_Crash_Count": 2, "Total_Crash_Count": 4, "RoadLength": 2640.0002, "Miles": 0.5, "CrashRate": 8.0, "Total_Death_Count": 0, "Shape__Length": 2640.0002367435463 }, "geometry": { "type": "LineString", "coordinates": [ [ -95.3426076692853, 29.826822882065944 ], [ -95.342609210754716, 29.826990439802046 ], [ -95.34262294354096, 29.827727634728372 ], [ -95.342619375078357, 29.82781760251941 ], [ -95.342611333631567, 29.828002636892922 ], [ -95.342609205494583, 29.828114554109856 ], [ -95.34262423325157, 29.82827469423648 ], [ -95.342626822405336, 29.82836039251745 ], [ -95.342632135304186, 29.828720787020021 ], [ -95.34263091561931, 29.828922254300068 ], [ -95.342649500545235, 29.829867911103143 ], [ -95.342670121423495, 29.831141063698812 ], [ -95.342676031603133, 29.831442863944115 ], [ -95.342681559274439, 29.831943662764214 ], [ -95.342718472027727, 29.83391682621329 ], [ -95.342716833954441, 29.834081249505086 ] ] } },
{ "type": "Feature", "properties": { "OBJECTID": 258, "Full_Name": "JUTLAND RD", "Ped_Death_Count": 0, "Bike_Death_Count": 0, "Veh_Death_Count": 1, "Ped_Crash_Count": 1, "Bike_Crash_Count": 0, "Veh_Crash_Count": 3, "Total_Crash_Count": 4, "RoadLength": 2640.0, "Miles": 0.5, "CrashRate": 8.0, "Total_Death_Count": 1, "Shape__Length": 2640.0000004008471 }, "geometry": { "type": "LineString", "coordinates": [ [ -95.348985342260633, 29.664166314779315 ], [ -95.348965934326827, 29.663385630837062 ], [ -95.34894847247044, 29.66231176662864 ], [ -95.348950063529784, 29.662267269256034 ], [ -95.348925333967614, 29.661051134035013 ], [ -95.348903721647417, 29.659784254475859 ], [ -95.348887172640858, 29.658486487856937 ], [ -95.348880939813938, 29.657926407261723 ], [ -95.348862125427786, 29.657205082360658 ], [ -95.348853552059737, 29.656907138454809 ] ] } },
{ "type": "Feature", "properties": { "OBJECTID": 259, "Full_Name": "KATY FWY", "Ped_Death_Count": 0, "Bike_Death_Count": 0, "Veh_Death_Count": 0, "Ped_Crash_Count": 1, "Bike_Crash_Count": 0, "Veh_Crash_Count": 2, "Total_Crash_Count": 3, "RoadLength": 2639.9999, "Miles": 0.5, "CrashRate": 6.0, "Total_Death_Count": 0, "Shape__Length": 2639.9999284654532 }, "geometry": { "type": "LineString", "coordinates": [ [ -95.393397599619945, 29.776214776729336 ], [ -95.394006495463003, 29.776197345391253 ], [ -95.394563589909396, 29.776180076590602 ], [ -95.3950158528245, 29.776166056884026 ], [ -95.396133011450004, 29.776144277096456 ], [ -95.397433216302019, 29.776122690483461 ], [ -95.398692428382645, 29.776103972241149 ], [ -95.400462587391061, 29.776091072824901 ], [ -95.401052856786322, 29.776121255053862 ], [ -95.401711060047958, 29.776198008682034 ] ] } },
{ "type": "Feature", "properties": { "OBJECTID": 260, "Full_Name": "KEEGAN RD", "Ped_Death_Count": 0, "Bike_Death_Count": 0, "Veh_Death_Count": 0, "Ped_Crash_Count": 1, "Bike_Crash_Count": 0, "Veh_Crash_Count": 2, "Total_Crash_Count": 3, "RoadLength": 2640.0, "Miles": 0.5, "CrashRate": 6.0, "Total_Death_Count": 0, "Shape__Length": 2639.9999939159952 }, "geometry": { "type": "LineString", "coordinates": [ [ -95.591154458514268, 29.675475029395201 ], [ -95.59167310339808, 29.674161479488308 ], [ -95.591822248637499, 29.673783738493096 ], [ -95.592324702805854, 29.672505977594216 ], [ -95.59269197055302, 29.671581609705072 ], [ -95.592971958697788, 29.670891883996966 ], [ -95.593244795409959, 29.67021378759673 ], [ -95.593500632905133, 29.669526164919006 ], [ -95.593764611791343, 29.668855386254926 ], [ -95.593828850417054, 29.668722982779638 ], [ -95.593869656905056, 29.668613508520249 ] ] } },
{ "type": "Feature", "properties": { "OBJECTID": 261, "Full_Name": "KEMPWOOD DR", "Ped_Death_Count": 1, "Bike_Death_Count": 0, "Veh_Death_Count": 0, "Ped_Crash_Count": 4, "Bike_Crash_Count": 0, "Veh_Crash_Count": 1, "Total_Crash_Count": 5, "RoadLength": 2640.0001, "Miles": 0.5, "CrashRate": 10.0, "Total_Death_Count": 1, "Shape__Length": 2640.0001422322966 }, "geometry": { "type": "LineString", "coordinates": [ [ -95.523112955561785, 29.821974320825863 ], [ -95.523371777122136, 29.821969613101331 ], [ -95.523842663016822, 29.821961047332941 ], [ -95.525191739659306, 29.821939149605218 ], [ -95.526281310310779, 29.821944794916181 ], [ -95.527134327784523, 29.821936209986003 ], [ -95.527365239036087, 29.821933885670756 ], [ -95.528232297528305, 29.821925153755302 ], [ -95.529531737231679, 29.821912054477085 ], [ -95.529873948038599, 29.821910275127806 ], [ -95.530853650600818, 29.82190517263529 ], [ -95.531437819353613, 29.821889589656305 ] ] } },
{ "type": "Feature", "properties": { "OBJECTID": 262, "Full_Name": "KINGSRIDE LN", "Ped_Death_Count": 0, "Bike_Death_Count": 0, "Veh_Death_Count": 0, "Ped_Crash_Count": 2, "Bike_Crash_Count": 0, "Veh_Crash_Count": 1, "Total_Crash_Count": 3, "RoadLength": 1341.0941, "Miles": 0.254, "CrashRate": 11.81, "Total_Death_Count": 0, "Shape__Length": 1341.0940642187118 }, "geometry": { "type": "LineString", "coordinates": [ [ -95.544488504615515, 29.779090375009993 ], [ -95.545006510492584, 29.779092611080983 ], [ -95.546331812423347, 29.779094432790714 ], [ -95.547332534114744, 29.779108970770068 ], [ -95.547583798113592, 29.779137808561874 ], [ -95.547779769377868, 29.779169145346511 ], [ -95.548023252961869, 29.779200696457952 ], [ -95.548208079612749, 29.779277682594063 ], [ -95.54845071453191, 29.779404461809818 ], [ -95.548629419822547, 29.779476791946081 ] ] } },
{ "type": "Feature", "properties": { "OBJECTID": 263, "Full_Name": "KINGWOOD DR", "Ped_Death_Count": 0, "Bike_Death_Count": 0, "Veh_Death_Count": 0, "Ped_Crash_Count": 1, "Bike_Crash_Count": 1, "Veh_Crash_Count": 1, "Total_Crash_Count": 3, "RoadLength": 2639.9999, "Miles": 0.5, "CrashRate": 6.0, "Total_Death_Count": 0, "Shape__Length": 2639.999883816909 }, "geometry": { "type": "LineString", "coordinates": [ [ -95.187748181019501, 30.048645009055395 ], [ -95.187314219375054, 30.048875809143784 ], [ -95.186782033364267, 30.049154967163112 ], [ -95.186071178296004, 30.049434012417002 ], [ -95.185887370389125, 30.04949952009321 ], [ -95.185443974752516, 30.049650144214787 ], [ -95.185178141180273, 30.049735084014451 ], [ -95.184431339960312, 30.049982096029144 ], [ -95.182205267506433, 30.050780311715076 ], [ -95.181235088893516, 30.051014356542829 ], [ -95.179976222099697, 30.051105192559501 ] ] } },
{ "type": "Feature", "properties": { "OBJECTID": 264, "Full_Name": "KIRBY DR", "Ped_Death_Count": 0, "Bike_Death_Count": 0, "Veh_Death_Count": 0, "Ped_Crash_Count": 2, "Bike_Crash_Count": 1, "Veh_Crash_Count": 2, "Total_Crash_Count": 5, "RoadLength": 2640.0003, "Miles": 0.5, "CrashRate": 10.0, "Total_Death_Count": 0, "Shape__Length": 2640.000334245346 }, "geometry": { "type": "LineString", "coordinates": [ [ -95.417039783791012, 29.696148019050597 ], [ -95.416824347221024, 29.696001397281787 ], [ -95.416750197822068, 29.695954626243907 ], [ -95.416255309397243, 29.695619606710348 ], [ -95.414363241917229, 29.694448877656185 ], [ -95.41390604877769, 29.693996199328545 ], [ -95.413724936088144, 29.69375526406564 ], [ -95.413062735555755, 29.692779180934529 ], [ -95.412989178369941, 29.692617108017103 ], [ -95.412756936231659, 29.692039279043502 ], [ -95.41270428549818, 29.691893356950189 ], [ -95.412608144335678, 29.691352574328242 ], [ -95.412577241960378, 29.691147170940862 ], [ -95.412587405326718, 29.690747680034779 ], [ -95.412572405432044, 29.690497624963783 ] ] } },
{ "type": "Feature", "properties": { "OBJECTID": 265, "Full_Name": "KIRBY DR", "Ped_Death_Count": 0, "Bike_Death_Count": 0, "Veh_Death_Count": 0, "Ped_Crash_Count": 1, "Bike_Crash_Count": 0, "Veh_Crash_Count": 2, "Total_Crash_Count": 3, "RoadLength": 2639.9998, "Miles": 0.5, "CrashRate": 6.0, "Total_Death_Count": 0, "Shape__Length": 2639.9997973022719 }, "geometry": { "type": "LineString", "coordinates": [ [ -95.418260305591531, 29.703093692709359 ], [ -95.418241938490866, 29.702760060692299 ], [ -95.418236933951462, 29.702528180132319 ], [ -95.418221862975415, 29.701829639261113 ], [ -95.418234668435559, 29.701069954130904 ], [ -95.418238076505205, 29.700709242927417 ], [ -95.418237383721532, 29.699744750911545 ], [ -95.418237517520566, 29.699632331500034 ], [ -95.418221205905823, 29.699157170385664 ], [ -95.41822112637189, 29.698149925871419 ], [ -95.418169127709561, 29.697833135810974 ], [ -95.417995280054143, 29.69731348706997 ], [ -95.417849961178362, 29.696989881242171 ], [ -95.417570029658876, 29.696639599096361 ], [ -95.417322802202847, 29.696359772725959 ], [ -95.417225220723026, 29.69627422277782 ], [ -95.417039783791012, 29.696148019050597 ] ] } },
{ "type": "Feature", "properties": { "OBJECTID": 266, "Full_Name": "KIRBY DR", "Ped_Death_Count": 1, "Bike_Death_Count": 0, "Veh_Death_Count": 0, "Ped_Crash_Count": 4, "Bike_Crash_Count": 1, "Veh_Crash_Count": 5, "Total_Crash_Count": 10, "RoadLength": 2639.9998, "Miles": 0.5, "CrashRate": 20.0, "Total_Death_Count": 1, "Shape__Length": 2639.9998278836788 }, "geometry": { "type": "LineString", "coordinates": [ [ -95.418651095757809, 29.732123021908048 ], [ -95.418649420659165, 29.732051905150318 ], [ -95.418661942657764, 29.730986133967885 ], [ -95.418657017609831, 29.730754222155948 ], [ -95.418656747215181, 29.730741475657187 ], [ -95.41865332109758, 29.730580042238497 ], [ -95.418650369591731, 29.730441007522156 ], [ -95.418645270038638, 29.730200779295224 ], [ -95.41863281030939, 29.729336179515247 ], [ -95.418622115694149, 29.728594119839823 ], [ -95.418611830052939, 29.727869171891239 ], [ -95.418606221847824, 29.727648894083821 ], [ -95.418601643666051, 29.727201041860955 ], [ -95.41860168871689, 29.726358730265453 ], [ -95.418581062602939, 29.725489981921854 ], [ -95.418562398925189, 29.72486379903307 ] ] } },
{ "type": "Feature", "properties": { "OBJECTID": 267, "Full_Name": "KIRBY DR", "Ped_Death_Count": 0, "Bike_Death_Count": 0, "Veh_Death_Count": 0, "Ped_Crash_Count": 2, "Bike_Crash_Count": 0, "Veh_Crash_Count": 1, "Total_Crash_Count": 3, "RoadLength": 2639.9998, "Miles": 0.5, "CrashRate": 6.0, "Total_Death_Count": 0, "Shape__Length": 2639.9998184081669 }, "geometry": { "type": "LineString", "coordinates": [ [ -95.418827743794765, 29.746640110840332 ], [ -95.418805176834141, 29.745717188621274 ], [ -95.418797329266624, 29.744709079450189 ], [ -95.418799438572833, 29.74372519722569 ], [ -95.418783914173929, 29.743279233434105 ], [ -95.418777887210268, 29.74231842825434 ], [ -95.418782869583822, 29.741681023133417 ], [ -95.418770472202993, 29.740883857380975 ], [ -95.418740701337697, 29.740086896795116 ], [ -95.418726021743026, 29.739381140711583 ] ] } },
{ "type": "Feature", "properties": { "OBJECTID": 268, "Full_Name": "KLECKLEY DR", "Ped_Death_Count": 0, "Bike_Death_Count": 0, "Veh_Death_Count": 0, "Ped_Crash_Count": 2, "Bike_Crash_Count": 0, "Veh_Crash_Count": 2, "Total_Crash_Count": 4, "RoadLength": 2639.9999, "Miles": 0.5, "CrashRate": 8.0, "Total_Death_Count": 0, "Shape__Length": 2639.9998818792451 }, "geometry": { "type": "LineString", "coordinates": [ [ -95.230680023416838, 29.627676214602982 ], [ -95.230368636706714, 29.62748120672541 ], [ -95.229960260452827, 29.626924627857672 ], [ -95.229773855328745, 29.626506337281306 ], [ -95.229703528990868, 29.626132000496789 ], [ -95.229686678041062, 29.625842393256967 ], [ -95.229678410535882, 29.625496821031341 ], [ -95.229667894529129, 29.625206819905415 ], [ -95.229640793313038, 29.62457565573461 ], [ -95.229634126347491, 29.624468856988038 ], [ -95.229577926102195, 29.623462108722741 ], [ -95.229566200659931, 29.623018996967193 ], [ -95.229509600173984, 29.621814403974017 ], [ -95.229505553088032, 29.621517452349512 ], [ -95.229477341500555, 29.621132873926125 ], [ -95.229465864626846, 29.620966702179999 ], [ -95.229445855308072, 29.620701010089082 ] ] } },
{ "type": "Feature", "properties": { "OBJECTID": 269, "Full_Name": "KNIGHT RD", "Ped_Death_Count": 0, "Bike_Death_Count": 0, "Veh_Death_Count": 0, "Ped_Crash_Count": 2, "Bike_Crash_Count": 0, "Veh_Crash_Count": 1, "Total_Crash_Count": 3, "RoadLength": 2640.0, "Miles": 0.5, "CrashRate": 6.0, "Total_Death_Count": 0, "Shape__Length": 2640.0000291727365 }, "geometry": { "type": "LineString", "coordinates": [ [ -95.400060592564841, 29.689175674780017 ], [ -95.40006031391772, 29.68892811729992 ], [ -95.400034865344992, 29.68804879299358 ], [ -95.400023369791512, 29.68731287005647 ], [ -95.40000552902886, 29.686410432852121 ], [ -95.399983639852451, 29.685274041700744 ], [ -95.399982785611243, 29.684586401497356 ], [ -95.399970528067414, 29.684122547902717 ], [ -95.399959575770055, 29.68321141820369 ], [ -95.399960484714001, 29.683052962201533 ], [ -95.399958142741895, 29.682717493910651 ], [ -95.399944514402009, 29.682279066869377 ], [ -95.399939881384654, 29.681916520654077 ] ] } },
{ "type": "Feature", "properties": { "OBJECTID": 270, "Full_Name": "LAURA KOPPE RD", "Ped_Death_Count": 0, "Bike_Death_Count": 0, "Veh_Death_Count": 1, "Ped_Crash_Count": 1, "Bike_Crash_Count": 0, "Veh_Crash_Count": 4, "Total_Crash_Count": 5, "RoadLength": 2640.0002, "Miles": 0.5, "CrashRate": 10.0, "Total_Death_Count": 1, "Shape__Length": 2640.0002180141769 }, "geometry": { "type": "LineString", "coordinates": [ [ -95.326204566662668, 29.840426666350073 ], [ -95.324638651019555, 29.840449954626671 ], [ -95.324385918388884, 29.840453311692329 ], [ -95.324200728951382, 29.840455568896868 ], [ -95.323880785143629, 29.840461467818933 ], [ -95.323647057122116, 29.840466250727413 ], [ -95.32324628674732, 29.840471507432824 ], [ -95.322605602523936, 29.840474178442385 ], [ -95.321501275657454, 29.840493881735327 ], [ -95.319925163244875, 29.840511101667325 ], [ -95.318941889946871, 29.840532822259757 ], [ -95.318005428302669, 29.840547702447036 ], [ -95.317878584540082, 29.840550203415837 ] ] } },
{ "type": "Feature", "properties": { "OBJECTID": 271, "Full_Name": "LAZY HOLLOW DR", "Ped_Death_Count": 2, "Bike_Death_Count": 0, "Veh_Death_Count": 0, "Ped_Crash_Count": 2, "Bike_Crash_Count": 0, "Veh_Crash_Count": 1, "Total_Crash_Count": 3, "RoadLength": 1396.1944, "Miles": 0.2644, "CrashRate": 11.35, "Total_Death_Count": 2, "Shape__Length": 1396.1944190943686 }, "geometry": { "type": "LineString", "coordinates": [ [ -95.517289276324945, 29.741247036707133 ], [ -95.517146456710165, 29.740839786734426 ], [ -95.517132732311254, 29.74009942309819 ], [ -95.517148418641014, 29.739288695206408 ], [ -95.517128873723891, 29.738456118158762 ], [ -95.517125564935142, 29.737926254466046 ], [ -95.517128065765803, 29.737732817500447 ], [ -95.51712453542163, 29.737689982228424 ], [ -95.517108675971954, 29.737426997201453 ] ] } },
{ "type": "Feature", "properties": { "OBJECTID": 272, "Full_Name": "LEE ST", "Ped_Death_Count": 0, "Bike_Death_Count": 0, "Veh_Death_Count": 0, "Ped_Crash_Count": 1, "Bike_Crash_Count": 1, "Veh_Crash_Count": 1, "Total_Crash_Count": 3, "RoadLength": 2221.0714, "Miles": 0.4207, "CrashRate": 7.13, "Total_Death_Count": 0, "Shape__Length": 2221.0713525917849 }, "geometry": { "type": "LineString", "coordinates": [ [ -95.337981606122895, 29.781806157060736 ], [ -95.337489305950712, 29.781816235472135 ], [ -95.336654309262642, 29.781825364587398 ], [ -95.335821682165559, 29.781841398229282 ], [ -95.335010540299791, 29.781842040606879 ], [ -95.334217366219846, 29.781852297321578 ], [ -95.333428483996911, 29.781852396188778 ], [ -95.332630082933619, 29.781862501423905 ], [ -95.331796352211441, 29.781872774115733 ], [ -95.330980614180447, 29.781888821134491 ] ] } },
{ "type": "Feature", "properties": { "OBJECTID": 273, "Full_Name": "LEELAND ST", "Ped_Death_Count": 0, "Bike_Death_Count": 0, "Veh_Death_Count": 0, "Ped_Crash_Count": 2, "Bike_Crash_Count": 0, "Veh_Crash_Count": 3, "Total_Crash_Count": 5, "RoadLength": 2640.0, "Miles": 0.5, "CrashRate": 10.0, "Total_Death_Count": 0, "Shape__Length": 2640.0000038562939 }, "geometry": { "type": "LineString", "coordinates": [ [ -95.371055705400806, 29.754048127724666 ], [ -95.370202342589849, 29.75353818 ], [ -95.369346829097083, 29.753013438520192 ], [ -95.369100650811845, 29.752876518787666 ], [ -95.368467721951305, 29.752484097191125 ], [ -95.367598647641813, 29.751948714820465 ], [ -95.366728607009549, 29.751439757520746 ], [ -95.365868095381032, 29.750915397730612 ], [ -95.36502117512228, 29.750387485959198 ], [ -95.364214728398522, 29.749917091856446 ] ] } },
{ "type": "Feature", "properties": { "OBJECTID": 274, "Full_Name": "LEY RD", "Ped_Death_Count": 0, "Bike_Death_Count": 0, "Veh_Death_Count": 1, "Ped_Crash_Count": 1, "Bike_Crash_Count": 1, "Veh_Crash_Count": 5, "Total_Crash_Count": 7, "RoadLength": 2639.9999, "Miles": 0.5, "CrashRate": 14.0, "Total_Death_Count": 1, "Shape__Length": 2639.9999080591397 }, "geometry": { "type": "LineString", "coordinates": [ [ -95.302012451362614, 29.831368783418654 ], [ -95.297989977286207, 29.831353850210771 ], [ -95.293737091110103, 29.831350136410617 ], [ -95.293685933972313, 29.831349741518277 ] ] } },
{ "type": "Feature", "properties": { "OBJECTID": 275, "Full_Name": "LEY RD", "Ped_Death_Count": 2, "Bike_Death_Count": 0, "Veh_Death_Count": 0, "Ped_Crash_Count": 2, "Bike_Crash_Count": 0, "Veh_Crash_Count": 1, "Total_Crash_Count": 3, "RoadLength": 2640.0001, "Miles": 0.5, "CrashRate": 6.0, "Total_Death_Count": 2, "Shape__Length": 2640.0001486083183 }, "geometry": { "type": "LineString", "coordinates": [ [ -95.285360272896099, 29.831332254531237 ], [ -95.285037332393642, 29.831327039447913 ], [ -95.284361921782818, 29.831328789811572 ], [ -95.283675886380962, 29.831328081318226 ], [ -95.28036083591418, 29.831356426284515 ], [ -95.277947341704902, 29.831380612117588 ], [ -95.277034152375933, 29.83138975351795 ] ] } },
{ "type": "Feature", "properties": { "OBJECTID": 276, "Full_Name": "LINK RD", "Ped_Death_Count": 0, "Bike_Death_Count": 0, "Veh_Death_Count": 0, "Ped_Crash_Count": 1, "Bike_Crash_Count": 0, "Veh_Crash_Count": 1, "Total_Crash_Count": 2, "RoadLength": 1904.3443, "Miles": 0.3607, "CrashRate": 5.54, "Total_Death_Count": 0, "Shape__Length": 1904.3442625446182 }, "geometry": { "type": "LineString", "coordinates": [ [ -95.382008319055458, 29.809498732745855 ], [ -95.382169826154978, 29.809508322167588 ], [ -95.382713907034557, 29.809922406679696 ], [ -95.383488193787485, 29.810529408622884 ], [ -95.383753013639875, 29.810731142721419 ], [ -95.383911392757028, 29.810848217097401 ], [ -95.384351880690787, 29.811189944721917 ], [ -95.384534847373459, 29.811327385354843 ], [ -95.384892976232905, 29.811590458125277 ], [ -95.38524467800913, 29.811870932963796 ], [ -95.386012557725479, 29.812465385553597 ], [ -95.386552038505371, 29.812878592720661 ] ] } },
{ "type": "Feature", "properties": { "OBJECTID": 277, "Full_Name": "LITTLE YORK RD", "Ped_Death_Count": 0, "Bike_Death_Count": 0, "Veh_Death_Count": 0, "Ped_Crash_Count": 1, "Bike_Crash_Count": 0, "Veh_Crash_Count": 2, "Total_Crash_Count": 3, "RoadLength": 2640.0001, "Miles": 0.5, "CrashRate": 6.0, "Total_Death_Count": 0, "Shape__Length": 2640.0000823014202 }, "geometry": { "type": "LineString", "coordinates": [ [ -95.376528683289692, 29.870148108843715 ], [ -95.375223121153624, 29.870169796885111 ], [ -95.374030729652802, 29.870185920184262 ], [ -95.372974337535325, 29.870191380803732 ], [ -95.372854768625373, 29.87020802657154 ], [ -95.371937899322305, 29.870210451081547 ], [ -95.370194470940405, 29.870237344754475 ], [ -95.369537141940924, 29.870224779154057 ], [ -95.368822975942749, 29.870246291672238 ], [ -95.368445134727779, 29.870243917126803 ], [ -95.368202241874641, 29.870257561283495 ] ] } },
{ "type": "Feature", "properties": { "OBJECTID": 278, "Full_Name": "LOCKWOOD DR", "Ped_Death_Count": 1, "Bike_Death_Count": 0, "Veh_Death_Count": 1, "Ped_Crash_Count": 1, "Bike_Crash_Count": 0, "Veh_Crash_Count": 2, "Total_Crash_Count": 3, "RoadLength": 2639.9997, "Miles": 0.5, "CrashRate": 6.0, "Total_Death_Count": 2, "Shape__Length": 2639.9997343589071 }, "geometry": { "type": "LineString", "coordinates": [ [ -95.317125730604275, 29.810688988587572 ], [ -95.31712978185692, 29.811046088893772 ], [ -95.317150442595732, 29.81231974091618 ], [ -95.317172314165674, 29.813532836108834 ], [ -95.317304046669761, 29.815090090939886 ], [ -95.317356204606838, 29.815643591526864 ], [ -95.317361007914201, 29.815694563337829 ], [ -95.317514749354316, 29.816581901632382 ], [ -95.317498453659283, 29.817118392100735 ], [ -95.317523228564781, 29.817243375751033 ], [ -95.31758553728848, 29.817557695041526 ], [ -95.317703907543759, 29.817910777157902 ] ] } },
{ "type": "Feature", "properties": { "OBJECTID": 279, "Full_Name": "LOCKWOOD DR", "Ped_Death_Count": 0, "Bike_Death_Count": 0, "Veh_Death_Count": 0, "Ped_Crash_Count": 2, "Bike_Crash_Count": 1, "Veh_Crash_Count": 1, "Total_Crash_Count": 4, "RoadLength": 2640.0003, "Miles": 0.5, "CrashRate": 8.0, "Total_Death_Count": 0, "Shape__Length": 2640.0002623345681 }, "geometry": { "type": "LineString", "coordinates": [ [ -95.317014967626648, 29.80343003363414 ], [ -95.317020564759048, 29.803950313637735 ], [ -95.317064390919882, 29.805940869561823 ], [ -95.31707598728363, 29.807486447551611 ], [ -95.317071446824968, 29.807951503994104 ], [ -95.317086292166834, 29.808979044351677 ], [ -95.317098347003082, 29.809312428717345 ], [ -95.317104921012216, 29.809494263686176 ], [ -95.317115495552528, 29.809786707525621 ], [ -95.317125730604275, 29.810688988587572 ] ] } },
{ "type": "Feature", "properties": { "OBJECTID": 280, "Full_Name": "LOCKWOOD DR", "Ped_Death_Count": 0, "Bike_Death_Count": 0, "Veh_Death_Count": 0, "Ped_Crash_Count": 3, "Bike_Crash_Count": 0, "Veh_Crash_Count": 2, "Total_Crash_Count": 5, "RoadLength": 2639.9998, "Miles": 0.5, "CrashRate": 10.0, "Total_Death_Count": 0, "Shape__Length": 2639.9998205587531 }, "geometry": { "type": "LineString", "coordinates": [ [ -95.316893120613898, 29.796170953096091 ], [ -95.316910203012924, 29.797010991070088 ], [ -95.316947254639331, 29.798677212087899 ], [ -95.316972630931204, 29.800383289251517 ], [ -95.316989025780558, 29.802196262784033 ], [ -95.317014267536464, 29.803364971761447 ], [ -95.317014967626648, 29.80343003363414 ] ] } },
{ "type": "Feature", "properties": { "OBJECTID": 281, "Full_Name": "LOCKWOOD DR", "Ped_Death_Count": 0, "Bike_Death_Count": 0, "Veh_Death_Count": 1, "Ped_Crash_Count": 2, "Bike_Crash_Count": 0, "Veh_Crash_Count": 4, "Total_Crash_Count": 6, "RoadLength": 2639.9999, "Miles": 0.5, "CrashRate": 12.0, "Total_Death_Count": 1, "Shape__Length": 2639.9998737781298 }, "geometry": { "type": "LineString", "coordinates": [ [ -95.318929737912129, 29.839575163512489 ], [ -95.318941889946871, 29.840532822259757 ], [ -95.318986822625263, 29.841775941357138 ], [ -95.319004794651917, 29.842792393961638 ], [ -95.319031437186496, 29.843801747434242 ], [ -95.319049940372594, 29.844803543088595 ], [ -95.319064206242103, 29.845922588147982 ], [ -95.319086988653822, 29.846833526432011 ] ] } },
{ "type": "Feature", "properties": { "OBJECTID": 282, "Full_Name": "LONG POINT RD", "Ped_Death_Count": 0, "Bike_Death_Count": 0, "Veh_Death_Count": 1, "Ped_Crash_Count": 1, "Bike_Crash_Count": 0, "Veh_Crash_Count": 2, "Total_Crash_Count": 3, "RoadLength": 2639.9999, "Miles": 0.5, "CrashRate": 6.0, "Total_Death_Count": 1, "Shape__Length": 2639.999906679026 }, "geometry": { "type": "LineString", "coordinates": [ [ -95.519308316636781, 29.799114007322107 ], [ -95.520113066509737, 29.798972417010251 ], [ -95.520701562905629, 29.798863520973146 ], [ -95.520923267871794, 29.798819453183928 ], [ -95.521252452576306, 29.798754022850364 ], [ -95.521414938736015, 29.7987251908636 ], [ -95.521593486123521, 29.798686235543794 ], [ -95.521962491756469, 29.798612888189982 ], [ -95.522221850812514, 29.798549417670458 ], [ -95.523920686678821, 29.797999328536783 ], [ -95.524526534428077, 29.797793349480237 ], [ -95.525361910279997, 29.797485394746023 ], [ -95.525971843984564, 29.79726394770373 ], [ -95.526404684484334, 29.797125144577727 ], [ -95.526622097687877, 29.797058251788108 ], [ -95.527210940517307, 29.79689790618173 ] ] } },
{ "type": "Feature", "properties": { "OBJECTID": 283, "Full_Name": "LONG POINT RD", "Ped_Death_Count": 0, "Bike_Death_Count": 0, "Veh_Death_Count": 0, "Ped_Crash_Count": 2, "Bike_Crash_Count": 0, "Veh_Crash_Count": 1, "Total_Crash_Count": 3, "RoadLength": 2640.0001, "Miles": 0.5, "CrashRate": 6.0, "Total_Death_Count": 0, "Shape__Length": 2640.0001451287626 }, "geometry": { "type": "LineString", "coordinates": [ [ -95.511368395219122, 29.801025686356098 ], [ -95.512035862431929, 29.800603611414715 ], [ -95.512206887384778, 29.800490484744753 ], [ -95.512398664716656, 29.800407601270354 ], [ -95.512726332526299, 29.800311716633949 ], [ -95.513250998734833, 29.800214221778518 ], [ -95.513865751326819, 29.800120390930182 ], [ -95.514951187348771, 29.799916380285396 ], [ -95.515544695445158, 29.799813320728834 ], [ -95.516394380068505, 29.799671888783241 ], [ -95.516620249545724, 29.799632568502382 ], [ -95.516959584281423, 29.799550077486366 ], [ -95.517704386193628, 29.799419419878358 ], [ -95.5186230315541, 29.799234573811347 ], [ -95.519308316636781, 29.799114007322107 ] ] } },
{ "type": "Feature", "properties": { "OBJECTID": 284, "Full_Name": "LONG POINT RD", "Ped_Death_Count": 0, "Bike_Death_Count": 0, "Veh_Death_Count": 1, "Ped_Crash_Count": 1, "Bike_Crash_Count": 0, "Veh_Crash_Count": 2, "Total_Crash_Count": 3, "RoadLength": 2639.9999, "Miles": 0.5, "CrashRate": 6.0, "Total_Death_Count": 1, "Shape__Length": 2639.9999166954394 }, "geometry": { "type": "LineString", "coordinates": [ [ -95.479020948552701, 29.802835881434266 ], [ -95.480770959429137, 29.802824611128724 ], [ -95.481990689600678, 29.802826646062634 ], [ -95.482893690522289, 29.802821183701905 ], [ -95.484832463428702, 29.802838719682953 ], [ -95.486522191969513, 29.802856866578697 ], [ -95.487308194447806, 29.802847504676539 ], [ -95.48734478703355, 29.802848382279322 ] ] } },
{ "type": "Feature", "properties": { "OBJECTID": 285, "Full_Name": "LONG POINT RD", "Ped_Death_Count": 2, "Bike_Death_Count": 0, "Veh_Death_Count": 0, "Ped_Crash_Count": 2, "Bike_Crash_Count": 0, "Veh_Crash_Count": 1, "Total_Crash_Count": 3, "RoadLength": 2640.0003, "Miles": 0.5, "CrashRate": 6.0, "Total_Death_Count": 2, "Shape__Length": 2640.0002938645803 }, "geometry": { "type": "LineString", "coordinates": [ [ -95.47069746616927, 29.802874681555434 ], [ -95.471970338830914, 29.802880512026587 ], [ -95.475460872384645, 29.802845088287846 ], [ -95.476507306812891, 29.802861006033162 ], [ -95.477470139547762, 29.802843313654503 ], [ -95.478399579407309, 29.802845954366244 ], [ -95.478879828100773, 29.802836789059452 ], [ -95.479020948552701, 29.802835881434266 ] ] } },
{ "type": "Feature", "properties": { "OBJECTID": 286, "Full_Name": "LOUISIANA ST", "Ped_Death_Count": 0, "Bike_Death_Count": 0, "Veh_Death_Count": 0, "Ped_Crash_Count": 2, "Bike_Crash_Count": 0, "Veh_Crash_Count": 3, "Total_Crash_Count": 5, "RoadLength": 2639.9998, "Miles": 0.5, "CrashRate": 10.0, "Total_Death_Count": 0, "Shape__Length": 2639.9998028311188 }, "geometry": { "type": "LineString", "coordinates": [ [ -95.376412135789835, 29.747278217580629 ], [ -95.37666248097014, 29.746961138925222 ], [ -95.377219795626743, 29.746240949897501 ], [ -95.377530897445709, 29.745860716317083 ], [ -95.377672824772091, 29.745681805835268 ], [ -95.378152674664278, 29.74507776721698 ], [ -95.378729665519188, 29.744356983811176 ], [ -95.379164763627216, 29.743791157887241 ], [ -95.379639198789988, 29.743207654216999 ], [ -95.380197186224123, 29.742487144598957 ], [ -95.380647086175344, 29.741922576892797 ], [ -95.381125325159744, 29.741328742362107 ], [ -95.381143255655203, 29.741306785471185 ] ] } },
{ "type": "Feature", "properties": { "OBJECTID": 287, "Full_Name": "LOUISIANA ST", "Ped_Death_Count": 0, "Bike_Death_Count": 0, "Veh_Death_Count": 1, "Ped_Crash_Count": 1, "Bike_Crash_Count": 0, "Veh_Crash_Count": 7, "Total_Crash_Count": 8, "RoadLength": 2640.0001, "Miles": 0.5, "CrashRate": 16.0, "Total_Death_Count": 1, "Shape__Length": 2640.0001011569293 }, "geometry": { "type": "LineString", "coordinates": [ [ -95.371691039635394, 29.753255731279019 ], [ -95.372243670383639, 29.752549439467391 ], [ -95.37281790992057, 29.751797953445902 ], [ -95.37305267004146, 29.751518951872491 ], [ -95.373405853852432, 29.751089501477161 ], [ -95.373478693106534, 29.750996264154541 ], [ -95.37357550086567, 29.750872345741854 ], [ -95.374016896764502, 29.750307335644329 ], [ -95.374599055761124, 29.749562082756658 ], [ -95.375186529167863, 29.748827345559672 ], [ -95.37573069283647, 29.748141296777579 ], [ -95.376412135789835, 29.747278217580629 ] ] } },
{ "type": "Feature", "properties": { "OBJECTID": 288, "Full_Name": "LOUISIANA ST", "Ped_Death_Count": 0, "Bike_Death_Count": 0, "Veh_Death_Count": 1, "Ped_Crash_Count": 1, "Bike_Crash_Count": 0, "Veh_Crash_Count": 4, "Total_Crash_Count": 5, "RoadLength": 2640.0002, "Miles": 0.5, "CrashRate": 10.0, "Total_Death_Count": 1, "Shape__Length": 2640.0001831574937 }, "geometry": { "type": "LineString", "coordinates": [ [ -95.366955386039351, 29.759224753660323 ], [ -95.367509833042547, 29.758520960908506 ], [ -95.368113509710767, 29.757771109383764 ], [ -95.368371828520651, 29.757443535475321 ], [ -95.368698587003408, 29.757031635524942 ], [ -95.368965476207521, 29.756673250040592 ], [ -95.369279313409379, 29.756292058444124 ], [ -95.369879265759224, 29.755531057764383 ], [ -95.370468433960795, 29.754789706793694 ], [ -95.371055705400806, 29.754048127724666 ], [ -95.371657957292371, 29.753298012714325 ], [ -95.371691039635394, 29.753255731279019 ] ] } },
{ "type": "Feature", "properties": { "OBJECTID": 289, "Full_Name": "MAGGIE ST", "Ped_Death_Count": 1, "Bike_Death_Count": 0, "Veh_Death_Count": 0, "Ped_Crash_Count": 1, "Bike_Crash_Count": 0, "Veh_Crash_Count": 1, "Total_Crash_Count": 2, "RoadLength": 2073.1954, "Miles": 0.3926, "CrashRate": 5.09, "Total_Death_Count": 1, "Shape__Length": 2073.1953914591868 }, "geometry": { "type": "LineString", "coordinates": [ [ -95.362060740356739, 29.662135432928892 ], [ -95.361910146340279, 29.6621376707871 ], [ -95.358705461113928, 29.66218041659652 ], [ -95.35553332659606, 29.662212826438374 ] ] } },
{ "type": "Feature", "properties": { "OBJECTID": 290, "Full_Name": "MAIN ST", "Ped_Death_Count": 0, "Bike_Death_Count": 0, "Veh_Death_Count": 0, "Ped_Crash_Count": 1, "Bike_Crash_Count": 0, "Veh_Crash_Count": 4, "Total_Crash_Count": 5, "RoadLength": 2639.9998, "Miles": 0.5, "CrashRate": 10.0, "Total_Death_Count": 0, "Shape__Length": 2639.9998435025732 }, "geometry": { "type": "LineString", "coordinates": [ [ -95.45868585397811, 29.649518024523676 ], [ -95.463742026812781, 29.647564144921425 ], [ -95.466286831247047, 29.646580644406665 ] ] } },
{ "type": "Feature", "properties": { "OBJECTID": 291, "Full_Name": "MAIN ST", "Ped_Death_Count": 2, "Bike_Death_Count": 0, "Veh_Death_Count": 0, "Ped_Crash_Count": 2, "Bike_Crash_Count": 0, "Veh_Crash_Count": 7, "Total_Crash_Count": 9, "RoadLength": 2640.0001, "Miles": 0.5, "CrashRate": 18.0, "Total_Death_Count": 2, "Shape__Length": 2640.0000850812112 }, "geometry": { "type": "LineString", "coordinates": [ [ -95.424659654999658, 29.681324553326473 ], [ -95.424680798065765, 29.681297395946928 ], [ -95.425866556778985, 29.679845424063657 ], [ -95.42650511768683, 29.679023618095567 ], [ -95.427295924436478, 29.678005855011623 ], [ -95.427491209992894, 29.677769041447508 ], [ -95.427491259613035, 29.677768982292434 ], [ -95.427734381349367, 29.677474157271494 ], [ -95.427899418442323, 29.677274022239217 ], [ -95.428377718987974, 29.676646345492212 ], [ -95.428494144670424, 29.676494602356776 ], [ -95.429375360144846, 29.675346057913281 ] ] } },
{ "type": "Feature", "properties": { "OBJECTID": 292, "Full_Name": "MAIN ST", "Ped_Death_Count": 1, "Bike_Death_Count": 0, "Veh_Death_Count": 1, "Ped_Crash_Count": 3, "Bike_Crash_Count": 0, "Veh_Crash_Count": 6, "Total_Crash_Count": 9, "RoadLength": 2639.9999, "Miles": 0.5, "CrashRate": 18.0, "Total_Death_Count": 2, "Shape__Length": 2639.9998681856373 }, "geometry": { "type": "LineString", "coordinates": [ [ -95.419935151385104, 29.687297588146947 ], [ -95.420223392029868, 29.686943111849235 ], [ -95.420864714438196, 29.686137923700162 ], [ -95.421178386667052, 29.68572385469562 ], [ -95.421383378581709, 29.685460061104337 ], [ -95.421544845823959, 29.6852789486978 ], [ -95.421876360620374, 29.684860634894875 ], [ -95.422370163272134, 29.684228746197636 ], [ -95.422990932600399, 29.683429448625432 ], [ -95.423731589030226, 29.682477808342949 ], [ -95.423863660880343, 29.682330340517087 ], [ -95.424067360632463, 29.682073055525166 ], [ -95.424296249678918, 29.681791329695592 ], [ -95.424659654999658, 29.681324553326473 ] ] } },
{ "type": "Feature", "properties": { "OBJECTID": 293, "Full_Name": "MAIN ST", "Ped_Death_Count": 0, "Bike_Death_Count": 0, "Veh_Death_Count": 0, "Ped_Crash_Count": 1, "Bike_Crash_Count": 0, "Veh_Crash_Count": 4, "Total_Crash_Count": 5, "RoadLength": 2380.0924, "Miles": 0.4508, "CrashRate": 11.09, "Total_Death_Count": 0, "Shape__Length": 2380.0924180830698 }, "geometry": { "type": "LineString", "coordinates": [ [ -95.410922315625385, 29.698838297656295 ], [ -95.411327952561535, 29.698335018739559 ], [ -95.411782850630303, 29.697748843864169 ], [ -95.412082458851557, 29.697365033626852 ], [ -95.412390088605804, 29.696997704692862 ], [ -95.413203563173852, 29.695921768835166 ], [ -95.41335294629809, 29.695753763210245 ], [ -95.414363241917229, 29.694448877656185 ], [ -95.414863598679247, 29.693835222086332 ], [ -95.4151596263371, 29.693440040373254 ] ] } },
{ "type": "Feature", "properties": { "OBJECTID": 294, "Full_Name": "MAIN ST", "Ped_Death_Count": 0, "Bike_Death_Count": 0, "Veh_Death_Count": 0, "Ped_Crash_Count": 3, "Bike_Crash_Count": 0, "Veh_Crash_Count": 0, "Total_Crash_Count": 3, "RoadLength": 2640.0002, "Miles": 0.5, "CrashRate": 6.0, "Total_Death_Count": 0, "Shape__Length": 2640.0001507946531 }, "geometry": { "type": "LineString", "coordinates": [ [ -95.401448761868323, 29.710772517688234 ], [ -95.401830400285888, 29.710298792639701 ], [ -95.40308461423659, 29.708720609635904 ], [ -95.404322215090573, 29.707165872871332 ], [ -95.405066045516079, 29.706246051738923 ], [ -95.405911529268451, 29.70515694261006 ], [ -95.406187444813071, 29.70480640097481 ] ] } },
{ "type": "Feature", "properties": { "OBJECTID": 295, "Full_Name": "MAIN ST", "Ped_Death_Count": 0, "Bike_Death_Count": 0, "Veh_Death_Count": 0, "Ped_Crash_Count": 2, "Bike_Crash_Count": 0, "Veh_Crash_Count": 2, "Total_Crash_Count": 4, "RoadLength": 2640.0001, "Miles": 0.5, "CrashRate": 8.0, "Total_Death_Count": 0, "Shape__Length": 2640.0001232421519 }, "geometry": { "type": "LineString", "coordinates": [ [ -95.368715692047999, 29.752165526886731 ], [ -95.36905398243124, 29.7517309150344 ], [ -95.369145402559653, 29.75161949826072 ], [ -95.369652393659749, 29.750987661309672 ], [ -95.370244980152222, 29.750229702494465 ], [ -95.3708172277328, 29.749482884286923 ], [ -95.370947014473458, 29.749319760822384 ], [ -95.371038239410581, 29.749205103248329 ], [ -95.37141726489412, 29.748728716690362 ], [ -95.372018046784248, 29.748007459911033 ], [ -95.372606711411095, 29.747257742583397 ], [ -95.373150407517159, 29.746565758737482 ], [ -95.373449602019264, 29.746195831787691 ] ] } },
{ "type": "Feature", "properties": { "OBJECTID": 296, "Full_Name": "MAINER ST", "Ped_Death_Count": 0, "Bike_Death_Count": 0, "Veh_Death_Count": 0, "Ped_Crash_Count": 2, "Bike_Crash_Count": 0, "Veh_Crash_Count": 1, "Total_Crash_Count": 3, "RoadLength": 2640.0, "Miles": 0.5, "CrashRate": 6.0, "Total_Death_Count": 0, "Shape__Length": 2640.000021349078 }, "geometry": { "type": "LineString", "coordinates": [ [ -95.377317120718004, 29.686730159043261 ], [ -95.377247767498716, 29.686698417364937 ], [ -95.374725338899253, 29.685903569746333 ], [ -95.371654058635045, 29.684946985225412 ], [ -95.371518770564052, 29.684899119095711 ], [ -95.36949312832057, 29.684275356439706 ] ] } },
{ "type": "Feature", "properties": { "OBJECTID": 297, "Full_Name": "MANGUM RD", "Ped_Death_Count": 0, "Bike_Death_Count": 0, "Veh_Death_Count": 0, "Ped_Crash_Count": 1, "Bike_Crash_Count": 0, "Veh_Crash_Count": 2, "Total_Crash_Count": 3, "RoadLength": 2640.0, "Miles": 0.5, "CrashRate": 6.0, "Total_Death_Count": 0, "Shape__Length": 2639.9999588563282 }, "geometry": { "type": "LineString", "coordinates": [ [ -95.458581666907179, 29.800404601979182 ], [ -95.458649383279038, 29.80150384315845 ], [ -95.458703768911292, 29.802952250704333 ], [ -95.458742782349091, 29.803991203092565 ], [ -95.458815824434666, 29.805878574557688 ], [ -95.45882285670605, 29.80670369676454 ], [ -95.458850685262178, 29.807186942516456 ], [ -95.458879605671328, 29.807659231081473 ] ] } },
{ "type": "Feature", "properties": { "OBJECTID": 298, "Full_Name": "MANGUM RD", "Ped_Death_Count": 0, "Bike_Death_Count": 0, "Veh_Death_Count": 1, "Ped_Crash_Count": 2, "Bike_Crash_Count": 0, "Veh_Crash_Count": 2, "Total_Crash_Count": 4, "RoadLength": 2640.0002, "Miles": 0.5, "CrashRate": 8.0, "Total_Death_Count": 1, "Shape__Length": 2640.0001866458156 }, "geometry": { "type": "LineString", "coordinates": [ [ -95.458879605671328, 29.807659231081473 ], [ -95.458897223367686, 29.807946944915052 ], [ -95.458905157693536, 29.808326772967057 ], [ -95.458978889306337, 29.809796659148518 ], [ -95.458971138772881, 29.810240603680192 ], [ -95.458974232434059, 29.810404996046682 ], [ -95.458977428329206, 29.810574849321672 ], [ -95.45896661670939, 29.811130385631206 ], [ -95.458959929196411, 29.811250342994931 ], [ -95.459095871616412, 29.811923347858414 ], [ -95.459161699746431, 29.812399352605322 ], [ -95.459252022198584, 29.814086297311764 ], [ -95.459278988970127, 29.814900958821649 ] ] } },
{ "type": "Feature", "properties": { "OBJECTID": 299, "Full_Name": "MANITOU DR", "Ped_Death_Count": 0, "Bike_Death_Count": 0, "Veh_Death_Count": 0, "Ped_Crash_Count": 1, "Bike_Crash_Count": 0, "Veh_Crash_Count": 1, "Total_Crash_Count": 2, "RoadLength": 1544.4371, "Miles": 0.2925, "CrashRate": 6.84, "Total_Death_Count": 0, "Shape__Length": 1544.4371156643101 }, "geometry": { "type": "LineString", "coordinates": [ [ -95.265686380193756, 29.798920306994329 ], [ -95.265731411569945, 29.80121034885569 ], [ -95.265812811927063, 29.801546802491181 ], [ -95.26597545340374, 29.801772520591154 ], [ -95.26623873799312, 29.801960006812831 ], [ -95.266849864709883, 29.802359467090142 ], [ -95.267198264508579, 29.802593963704478 ] ] } },
{ "type": "Feature", "properties": { "OBJECTID": 300, "Full_Name": "MARKET ST", "Ped_Death_Count": 0, "Bike_Death_Count": 0, "Veh_Death_Count": 0, "Ped_Crash_Count": 1, "Bike_Crash_Count": 0, "Veh_Crash_Count": 1, "Total_Crash_Count": 2, "RoadLength": 1572.8273, "Miles": 0.2979, "CrashRate": 6.71, "Total_Death_Count": 0, "Shape__Length": 1572.8273395469018 }, "geometry": { "type": "LineString", "coordinates": [ [ -95.190304616876858, 29.769271195773872 ], [ -95.189408311496976, 29.769501526701973 ], [ -95.1873122103855, 29.769893252508794 ], [ -95.186822341515537, 29.769983421433039 ], [ -95.186620129565426, 29.770080259156821 ], [ -95.186538383271426, 29.770290573152412 ], [ -95.186525989301032, 29.770559048929485 ], [ -95.186515468281357, 29.770786976858208 ], [ -95.186502415606725, 29.771069718314969 ] ] } },
{ "type": "Feature", "properties": { "OBJECTID": 301, "Full_Name": "MARKET ST", "Ped_Death_Count": 0, "Bike_Death_Count": 0, "Veh_Death_Count": 0, "Ped_Crash_Count": 1, "Bike_Crash_Count": 0, "Veh_Crash_Count": 2, "Total_Crash_Count": 3, "RoadLength": 2640.0001, "Miles": 0.5, "CrashRate": 6.0, "Total_Death_Count": 0, "Shape__Length": 2640.0001412474967 }, "geometry": { "type": "LineString", "coordinates": [ [ -95.215046754154642, 29.767187932201132 ], [ -95.214939318972455, 29.767193331522453 ], [ -95.214315312642057, 29.767214473327254 ], [ -95.213261668733836, 29.767247241748048 ], [ -95.212485522117191, 29.767294374857272 ], [ -95.21200032670373, 29.767323836308012 ], [ -95.211657722543592, 29.767344638884552 ], [ -95.211394122737289, 29.767355069852478 ], [ -95.207780903559055, 29.767488959729441 ], [ -95.207055073365495, 29.767560864596966 ], [ -95.206738882517541, 29.767566855006823 ] ] } },
{ "type": "Feature", "properties": { "OBJECTID": 302, "Full_Name": "MARTIN LUTHER KING BLVD", "Ped_Death_Count": 0, "Bike_Death_Count": 0, "Veh_Death_Count": 2, "Ped_Crash_Count": 1, "Bike_Crash_Count": 0, "Veh_Crash_Count": 2, "Total_Crash_Count": 3, "RoadLength": 2639.9999, "Miles": 0.5, "CrashRate": 6.0, "Total_Death_Count": 2, "Shape__Length": 2639.9998970182237 }, "geometry": { "type": "LineString", "coordinates": [ [ -95.335740646064863, 29.707963344140122 ], [ -95.335315558100177, 29.707123354233886 ], [ -95.334929672919586, 29.706330315499997 ], [ -95.334458100522298, 29.705423142892712 ], [ -95.33437757028058, 29.705270776464403 ], [ -95.334307779217639, 29.705118703930786 ], [ -95.334242468773098, 29.704941726055139 ], [ -95.334206243914323, 29.704753031230183 ], [ -95.334191053134319, 29.704577425224713 ], [ -95.334205396639817, 29.704377601519742 ], [ -95.334244125612969, 29.704197215817221 ], [ -95.334304336161523, 29.704017419911455 ], [ -95.334584660440029, 29.703317427293733 ], [ -95.334855461588035, 29.702641203007232 ], [ -95.335150633625489, 29.701904111507456 ], [ -95.33544271683671, 29.701157263394904 ] ] } },
{ "type": "Feature", "properties": { "OBJECTID": 303, "Full_Name": "MARTIN LUTHER KING BLVD", "Ped_Death_Count": 1, "Bike_Death_Count": 0, "Veh_Death_Count": 0, "Ped_Crash_Count": 1, "Bike_Crash_Count": 0, "Veh_Crash_Count": 2, "Total_Crash_Count": 3, "RoadLength": 2639.9999, "Miles": 0.5, "CrashRate": 6.0, "Total_Death_Count": 1, "Shape__Length": 2639.9999069075761 }, "geometry": { "type": "LineString", "coordinates": [ [ -95.336389463455731, 29.652442237466676 ], [ -95.336389571347937, 29.652321582818242 ], [ -95.336381133107963, 29.651842006336295 ], [ -95.336425079173566, 29.651406611901201 ], [ -95.336500139064356, 29.650916972709691 ], [ -95.336816101472778, 29.650104424886933 ], [ -95.336988389428086, 29.649684720978456 ], [ -95.337215585167925, 29.648831530588634 ], [ -95.337284203210956, 29.648013036636865 ], [ -95.337223491171073, 29.647176766784519 ], [ -95.33712514512294, 29.646360445544957 ], [ -95.337061269233004, 29.64580154474309 ], [ -95.337024894291076, 29.645294807131123 ] ] } },
{ "type": "Feature", "properties": { "OBJECTID": 304, "Full_Name": "MARTIN LUTHER KING BLVD", "Ped_Death_Count": 2, "Bike_Death_Count": 0, "Veh_Death_Count": 0, "Ped_Crash_Count": 2, "Bike_Crash_Count": 0, "Veh_Crash_Count": 2, "Total_Crash_Count": 4, "RoadLength": 2640.0003, "Miles": 0.5, "CrashRate": 8.0, "Total_Death_Count": 2, "Shape__Length": 2640.0002579410648 }, "geometry": { "type": "LineString", "coordinates": [ [ -95.336544150666001, 29.65970078525573 ], [ -95.336513069294639, 29.658622730011032 ], [ -95.336503911687117, 29.657915197767238 ], [ -95.336504708439392, 29.657722303804565 ], [ -95.336473453369564, 29.656935694980554 ], [ -95.336449393716165, 29.656155778742747 ], [ -95.336439956104883, 29.655382754759259 ], [ -95.336430284884202, 29.654616217346895 ], [ -95.336405993419561, 29.653842786499979 ], [ -95.3363888971016, 29.653076046451925 ], [ -95.336389463455731, 29.652442237466676 ] ] } },
{ "type": "Feature", "properties": { "OBJECTID": 305, "Full_Name": "MARTIN LUTHER KING BLVD", "Ped_Death_Count": 0, "Bike_Death_Count": 0, "Veh_Death_Count": 1, "Ped_Crash_Count": 2, "Bike_Crash_Count": 0, "Veh_Crash_Count": 7, "Total_Crash_Count": 9, "RoadLength": 2639.9999, "Miles": 0.5, "CrashRate": 18.0, "Total_Death_Count": 1, "Shape__Length": 2639.9999386864783 }, "geometry": { "type": "LineString", "coordinates": [ [ -95.337209026851099, 29.6669082635721 ], [ -95.337194886798457, 29.666339901737285 ], [ -95.337188404147525, 29.665854426437001 ], [ -95.337185956099844, 29.665434374302482 ], [ -95.337156590573485, 29.664657952742722 ], [ -95.337132268597614, 29.663900799881024 ], [ -95.33703332428594, 29.663159996519497 ], [ -95.336816756929721, 29.662413692158243 ], [ -95.336662663463869, 29.661931475105167 ], [ -95.336615492217064, 29.661680072770093 ], [ -95.33660443185336, 29.661154150697865 ], [ -95.336569654475753, 29.660736265240942 ], [ -95.33655203987415, 29.659974399618545 ], [ -95.336544150666001, 29.65970078525573 ] ] } },
{ "type": "Feature", "properties": { "OBJECTID": 306, "Full_Name": "MARTIN LUTHER KING BLVD", "Ped_Death_Count": 0, "Bike_Death_Count": 0, "Veh_Death_Count": 2, "Ped_Crash_Count": 2, "Bike_Crash_Count": 1, "Veh_Crash_Count": 3, "Total_Crash_Count": 6, "RoadLength": 2640.0001, "Miles": 0.5, "CrashRate": 12.0, "Total_Death_Count": 2, "Shape__Length": 2640.0001176092328 }, "geometry": { "type": "LineString", "coordinates": [ [ -95.336407896735167, 29.674073531076925 ], [ -95.336405536124886, 29.673873515882086 ], [ -95.336436086141774, 29.673756488774384 ], [ -95.336556789841424, 29.672962962771312 ], [ -95.336819897081526, 29.672239561208617 ], [ -95.336957928395506, 29.671880912095759 ], [ -95.337234640681984, 29.670778196391907 ], [ -95.337303296506619, 29.669979979388227 ], [ -95.337287398414304, 29.669192370956061 ], [ -95.337252332302626, 29.668402676252089 ], [ -95.337227413301292, 29.667598387075259 ], [ -95.337221567345637, 29.667379428844612 ], [ -95.337209567259123, 29.666929964741641 ], [ -95.337209026851099, 29.6669082635721 ] ] } },
{ "type": "Feature", "properties": { "OBJECTID": 307, "Full_Name": "MARTIN LUTHER KING BLVD", "Ped_Death_Count": 2, "Bike_Death_Count": 0, "Veh_Death_Count": 0, "Ped_Crash_Count": 3, "Bike_Crash_Count": 1, "Veh_Crash_Count": 2, "Total_Crash_Count": 6, "RoadLength": 2639.9998, "Miles": 0.5, "CrashRate": 12.0, "Total_Death_Count": 2, "Shape__Length": 2639.9997937370958 }, "geometry": { "type": "LineString", "coordinates": [ [ -95.338676692971191, 29.680630792297578 ], [ -95.338585269398422, 29.680519342520679 ], [ -95.337813428117769, 29.679940507201206 ], [ -95.337125718941664, 29.679346380757892 ], [ -95.336826439765431, 29.678943692858169 ], [ -95.336611993859833, 29.678450180955281 ], [ -95.33650205730838, 29.676967804846992 ], [ -95.336445763822354, 29.676202638984815 ], [ -95.336437139118431, 29.67541840805783 ], [ -95.336403532900562, 29.674679586768562 ], [ -95.336409687040955, 29.674225229244097 ], [ -95.336407896735167, 29.674073531076925 ] ] } },
{ "type": "Feature", "properties": { "OBJECTID": 308, "Full_Name": "MARTIN LUTHER KING BLVD", "Ped_Death_Count": 1, "Bike_Death_Count": 0, "Veh_Death_Count": 1, "Ped_Crash_Count": 1, "Bike_Crash_Count": 0, "Veh_Crash_Count": 7, "Total_Crash_Count": 8, "RoadLength": 2639.9999, "Miles": 0.5, "CrashRate": 16.0, "Total_Death_Count": 2, "Shape__Length": 2639.9999219401925 }, "geometry": { "type": "LineString", "coordinates": [ [ -95.340900945676651, 29.687443003169502 ], [ -95.341036053663686, 29.6871228485941 ], [ -95.341129840662433, 29.686788663474879 ], [ -95.341131318767196, 29.686421342876013 ], [ -95.341035753004064, 29.685990142595163 ], [ -95.340941073836291, 29.685707255133156 ], [ -95.340883351088721, 29.685534787354044 ], [ -95.340782408839175, 29.685233185472981 ], [ -95.340599463798071, 29.684794494609385 ], [ -95.340313760948632, 29.684061445135235 ], [ -95.340051909446544, 29.683339785213434 ], [ -95.33975573862412, 29.682608859902668 ], [ -95.339461402610326, 29.681879208801828 ], [ -95.339110435900324, 29.681159542974495 ], [ -95.338676692971191, 29.680630792297578 ] ] } },
{ "type": "Feature", "properties": { "OBJECTID": 309, "Full_Name": "MAXEY RD", "Ped_Death_Count": 0, "Bike_Death_Count": 0, "Veh_Death_Count": 1, "Ped_Crash_Count": 2, "Bike_Crash_Count": 0, "Veh_Crash_Count": 6, "Total_Crash_Count": 8, "RoadLength": 2170.8265, "Miles": 0.4111, "CrashRate": 19.46, "Total_Death_Count": 1, "Shape__Length": 2170.8265206322394 }, "geometry": { "type": "LineString", "coordinates": [ [ -95.218492040738468, 29.776573543492489 ], [ -95.21849075977326, 29.776525204815563 ], [ -95.218273533548057, 29.775837677903031 ], [ -95.218261899937232, 29.77545136614253 ], [ -95.218447611301855, 29.77527552243987 ], [ -95.21842245255344, 29.774279608685884 ], [ -95.218417569019934, 29.773970743923066 ], [ -95.218407280483163, 29.773444943207007 ], [ -95.218387662618923, 29.772919738513629 ], [ -95.218354196090004, 29.771169024949209 ], [ -95.218348760729384, 29.770693712494289 ] ] } },
{ "type": "Feature", "properties": { "OBJECTID": 310, "Full_Name": "MAXEY RD", "Ped_Death_Count": 0, "Bike_Death_Count": 0, "Veh_Death_Count": 0, "Ped_Crash_Count": 1, "Bike_Crash_Count": 0, "Veh_Crash_Count": 4, "Total_Crash_Count": 5, "RoadLength": 2640.0001, "Miles": 0.5, "CrashRate": 10.0, "Total_Death_Count": 0, "Shape__Length": 2640.0000879899421 }, "geometry": { "type": "LineString", "coordinates": [ [ -95.218680315389051, 29.791091202135636 ], [ -95.218651155952514, 29.78879463570922 ], [ -95.218686605315938, 29.787965349509868 ], [ -95.218690540849451, 29.786612187799054 ], [ -95.218654552843049, 29.784144526181201 ], [ -95.21864807515793, 29.783832211478227 ] ] } },
{ "type": "Feature", "properties": { "OBJECTID": 311, "Full_Name": "MC GOWEN ST", "Ped_Death_Count": 0, "Bike_Death_Count": 0, "Veh_Death_Count": 0, "Ped_Crash_Count": 2, "Bike_Crash_Count": 0, "Veh_Crash_Count": 1, "Total_Crash_Count": 3, "RoadLength": 1830.6094, "Miles": 0.3467, "CrashRate": 8.65, "Total_Death_Count": 0, "Shape__Length": 1830.6093578026603 }, "geometry": { "type": "LineString", "coordinates": [ [ -95.353919235483076, 29.73437989449485 ], [ -95.353282517098876, 29.734186915614774 ], [ -95.351471520981377, 29.733633533157587 ], [ -95.350377975622493, 29.733292681058607 ], [ -95.350143217151441, 29.733225505888811 ], [ -95.349260455761964, 29.732954159713145 ], [ -95.349162032842315, 29.732919029701684 ], [ -95.348476772344668, 29.732712669949379 ] ] } },
{ "type": "Feature", "properties": { "OBJECTID": 312, "Full_Name": "MC HARD RD", "Ped_Death_Count": 0, "Bike_Death_Count": 0, "Veh_Death_Count": 0, "Ped_Crash_Count": 2, "Bike_Crash_Count": 0, "Veh_Crash_Count": 1, "Total_Crash_Count": 3, "RoadLength": 2640.0, "Miles": 0.5, "CrashRate": 6.0, "Total_Death_Count": 0, "Shape__Length": 2639.9999987451765 }, "geometry": { "type": "LineString", "coordinates": [ [ -95.520213018476724, 29.579980324557464 ], [ -95.519567659984702, 29.579980816910872 ], [ -95.519511007508626, 29.579988800060764 ], [ -95.51829739925769, 29.579997015758 ], [ -95.514528722867439, 29.580068482818081 ], [ -95.513099038139615, 29.580088464795285 ], [ -95.512332738421151, 29.580105810559481 ], [ -95.511909195842392, 29.580116311135107 ] ] } },
{ "type": "Feature", "properties": { "OBJECTID": 313, "Full_Name": "MC HENRY ST", "Ped_Death_Count": 0, "Bike_Death_Count": 0, "Veh_Death_Count": 0, "Ped_Crash_Count": 1, "Bike_Crash_Count": 0, "Veh_Crash_Count": 2, "Total_Crash_Count": 3, "RoadLength": 2640.0001, "Miles": 0.5, "CrashRate": 6.0, "Total_Death_Count": 0, "Shape__Length": 2640.0001254000913 }, "geometry": { "type": "LineString", "coordinates": [ [ -95.296514730302931, 29.688489854611547 ], [ -95.296304963561923, 29.688643885698383 ], [ -95.29585672503751, 29.689021162750251 ], [ -95.295564728379119, 29.689300214152738 ], [ -95.295075462800654, 29.689837008325199 ], [ -95.294925108661189, 29.689880702916668 ], [ -95.294235497831352, 29.690220527883191 ], [ -95.293483738061198, 29.690597326066037 ], [ -95.292662559621718, 29.690918126300751 ], [ -95.292186672314159, 29.691070792897573 ], [ -95.291734520188143, 29.691192525107496 ], [ -95.290860043870524, 29.691361787700679 ], [ -95.290510294346063, 29.691403429293413 ], [ -95.289981285675154, 29.691531094823787 ], [ -95.289475360969547, 29.691735586973703 ], [ -95.289362481921529, 29.691818921592123 ] ] } },
{ "type": "Feature", "properties": { "OBJECTID": 314, "Full_Name": "MCDUFFIE ST", "Ped_Death_Count": 0, "Bike_Death_Count": 0, "Veh_Death_Count": 0, "Ped_Crash_Count": 1, "Bike_Crash_Count": 1, "Veh_Crash_Count": 0, "Total_Crash_Count": 2, "RoadLength": 1486.0472, "Miles": 0.2814, "CrashRate": 7.11, "Total_Death_Count": 0, "Shape__Length": 1486.0471719646832 }, "geometry": { "type": "LineString", "coordinates": [ [ -95.408402644855755, 29.756408296131106 ], [ -95.408389878538657, 29.756000030069561 ], [ -95.408377168123693, 29.75551152003289 ], [ -95.408379293505519, 29.755058355831515 ], [ -95.408375984101625, 29.754355363300792 ], [ -95.408373143591092, 29.753751561932713 ], [ -95.408349915454167, 29.75305732897878 ], [ -95.408350074263353, 29.752322237484833 ] ] } },
{ "type": "Feature", "properties": { "OBJECTID": 315, "Full_Name": "MCKINNEY ST", "Ped_Death_Count": 0, "Bike_Death_Count": 0, "Veh_Death_Count": 0, "Ped_Crash_Count": 2, "Bike_Crash_Count": 0, "Veh_Crash_Count": 5, "Total_Crash_Count": 7, "RoadLength": 2640.0, "Miles": 0.5, "CrashRate": 14.0, "Total_Death_Count": 0, "Shape__Length": 2639.9999885672637 }, "geometry": { "type": "LineString", "coordinates": [ [ -95.366790017165059, 29.758078482131967 ], [ -95.366658316498274, 29.757997523490726 ], [ -95.365801197227825, 29.757471734003555 ], [ -95.365614021453482, 29.757368743867932 ], [ -95.364916322169918, 29.756960053574669 ], [ -95.364050661962423, 29.756430888288676 ], [ -95.363191552610331, 29.755907734262905 ], [ -95.362326260310482, 29.755391051102546 ], [ -95.361465598520667, 29.754870573812745 ], [ -95.360606814545164, 29.754354767872051 ], [ -95.360388812910713, 29.754238623937837 ], [ -95.360229700882655, 29.754181089329904 ], [ -95.360060802148027, 29.754153695104563 ], [ -95.359886468595576, 29.754156559459876 ], [ -95.359853513129721, 29.754160665827754 ] ] } },
{ "type": "Feature", "properties": { "OBJECTID": 316, "Full_Name": "MCKINNEY ST", "Ped_Death_Count": 0, "Bike_Death_Count": 0, "Veh_Death_Count": 0, "Ped_Crash_Count": 1, "Bike_Crash_Count": 0, "Veh_Crash_Count": 4, "Total_Crash_Count": 5, "RoadLength": 2162.4878, "Miles": 0.4096, "CrashRate": 12.21, "Total_Death_Count": 0, "Shape__Length": 2162.4878451616437 }, "geometry": { "type": "LineString", "coordinates": [ [ -95.356275794997472, 29.751814359603181 ], [ -95.35548679331157, 29.751262667003214 ], [ -95.354617830859013, 29.750742421148686 ], [ -95.354190521199314, 29.750498839891335 ], [ -95.353819141716301, 29.750255392794664 ], [ -95.35377167526913, 29.750218879643818 ], [ -95.352927669639556, 29.749722678814457 ], [ -95.352057582634458, 29.749212234786825 ], [ -95.351197709710064, 29.748685252479973 ], [ -95.35071069117744, 29.748386838824612 ] ] } },
{ "type": "Feature", "properties": { "OBJECTID": 317, "Full_Name": "MELDRUM LN", "Ped_Death_Count": 1, "Bike_Death_Count": 0, "Veh_Death_Count": 0, "Ped_Crash_Count": 2, "Bike_Crash_Count": 0, "Veh_Crash_Count": 1, "Total_Crash_Count": 3, "RoadLength": 1492.1962, "Miles": 0.2826, "CrashRate": 10.62, "Total_Death_Count": 1, "Shape__Length": 1492.1961798749803 }, "geometry": { "type": "LineString", "coordinates": [ [ -95.250934961031774, 29.634525707424761 ], [ -95.25093075794905, 29.634525780150039 ], [ -95.249531682565106, 29.634550983420048 ], [ -95.248868914567183, 29.63456528098224 ], [ -95.247723543341451, 29.634582984943005 ], [ -95.247634715170051, 29.634545729382996 ], [ -95.246249302998763, 29.634597698867275 ] ] } },
{ "type": "Feature", "properties": { "OBJECTID": 318, "Full_Name": "MEMORIAL DR", "Ped_Death_Count": 0, "Bike_Death_Count": 0, "Veh_Death_Count": 0, "Ped_Crash_Count": 1, "Bike_Crash_Count": 1, "Veh_Crash_Count": 2, "Total_Crash_Count": 4, "RoadLength": 2640.0, "Miles": 0.5, "CrashRate": 8.0, "Total_Death_Count": 0, "Shape__Length": 2640.0000233415299 }, "geometry": { "type": "LineString", "coordinates": [ [ -95.606028667440185, 29.770097036588467 ], [ -95.606274178339191, 29.77009607740424 ], [ -95.606611436200168, 29.77009475567856 ], [ -95.606937591752015, 29.770086936644304 ], [ -95.607104947821554, 29.770082924837737 ], [ -95.607326679672681, 29.770077609555091 ], [ -95.607439105500319, 29.770076670117618 ], [ -95.6078356771214, 29.770064336670554 ], [ -95.60801591724362, 29.770062209556905 ], [ -95.608575573065778, 29.770063000601919 ], [ -95.608901895756219, 29.770089664276728 ], [ -95.609380856340636, 29.770170336161396 ], [ -95.609510192658647, 29.77020036347993 ], [ -95.609635481105698, 29.770236977496236 ], [ -95.610242314166783, 29.770432930050291 ], [ -95.610636277405305, 29.770634405193277 ], [ -95.612925223994466, 29.771862220310929 ], [ -95.613569254186601, 29.772198314586031 ], [ -95.61369320310915, 29.772274238180419 ] ] } },
{ "type": "Feature", "properties": { "OBJECTID": 319, "Full_Name": "MESA DR", "Ped_Death_Count": 1, "Bike_Death_Count": 0, "Veh_Death_Count": 0, "Ped_Crash_Count": 3, "Bike_Crash_Count": 0, "Veh_Crash_Count": 4, "Total_Crash_Count": 7, "RoadLength": 2639.9999, "Miles": 0.5, "CrashRate": 14.0, "Total_Death_Count": 1, "Shape__Length": 2639.9998505820085 }, "geometry": { "type": "LineString", "coordinates": [ [ -95.262309409852435, 29.845339044139667 ], [ -95.262314376872737, 29.846064053532459 ], [ -95.262305738743194, 29.846413523268357 ], [ -95.262327347167243, 29.846927239893851 ], [ -95.262315887626755, 29.848169509829724 ], [ -95.262334485851966, 29.848383442608057 ], [ -95.262347951497972, 29.848823079204447 ], [ -95.262367353519323, 29.849175728502107 ], [ -95.262360455943579, 29.849371317920099 ], [ -95.262336386654809, 29.850053933944825 ], [ -95.26237122116045, 29.851173184597549 ], [ -95.262393726611464, 29.85250981565876 ], [ -95.262392561722862, 29.852596241630668 ] ] } },
{ "type": "Feature", "properties": { "OBJECTID": 320, "Full_Name": "MESA DR", "Ped_Death_Count": 0, "Bike_Death_Count": 0, "Veh_Death_Count": 0, "Ped_Crash_Count": 1, "Bike_Crash_Count": 1, "Veh_Crash_Count": 7, "Total_Crash_Count": 9, "RoadLength": 2640.0, "Miles": 0.5, "CrashRate": 18.0, "Total_Death_Count": 0, "Shape__Length": 2639.9999932814712 }, "geometry": { "type": "LineString", "coordinates": [ [ -95.262219227281463, 29.838079937122647 ], [ -95.262216679556829, 29.838944875774661 ], [ -95.262234168594404, 29.839763596247522 ], [ -95.26225413539963, 29.840587178751949 ], [ -95.262255174604903, 29.841258230898507 ], [ -95.262253549855245, 29.841421317228857 ], [ -95.262260751497195, 29.841701672729677 ], [ -95.262264585308017, 29.842242226694683 ], [ -95.26226873936865, 29.842597640906803 ], [ -95.262274496421867, 29.843074769823197 ], [ -95.262288070992398, 29.84356931964734 ], [ -95.262297302469136, 29.844139724296369 ], [ -95.26230987866343, 29.844916745756532 ], [ -95.262308993010578, 29.845278158266257 ], [ -95.262309409852435, 29.845339044139667 ] ] } },
{ "type": "Feature", "properties": { "OBJECTID": 321, "Full_Name": "MESA DR", "Ped_Death_Count": 0, "Bike_Death_Count": 0, "Veh_Death_Count": 0, "Ped_Crash_Count": 2, "Bike_Crash_Count": 2, "Veh_Crash_Count": 4, "Total_Crash_Count": 8, "RoadLength": 2639.9999, "Miles": 0.5, "CrashRate": 16.0, "Total_Death_Count": 0, "Shape__Length": 2639.9998790854106 }, "geometry": { "type": "LineString", "coordinates": [ [ -95.262392561722862, 29.852596241630668 ], [ -95.262388803944603, 29.852875060375524 ], [ -95.262385605511639, 29.853512911804682 ], [ -95.26239709552604, 29.854944978113711 ], [ -95.262399757234121, 29.855181663930882 ], [ -95.262405792656054, 29.855718239338191 ], [ -95.262413777603683, 29.856428192751267 ], [ -95.26241994443798, 29.856976520718042 ], [ -95.262422784131857, 29.857856640156541 ], [ -95.262417142536222, 29.858723882075211 ], [ -95.262430081860174, 29.859623327819349 ], [ -95.26243159431732, 29.859855804627163 ] ] } },
{ "type": "Feature", "properties": { "OBJECTID": 322, "Full_Name": "MILAM ST", "Ped_Death_Count": 0, "Bike_Death_Count": 0, "Veh_Death_Count": 0, "Ped_Crash_Count": 2, "Bike_Crash_Count": 0, "Veh_Crash_Count": 9, "Total_Crash_Count": 11, "RoadLength": 2640.0, "Miles": 0.5, "CrashRate": 22.0, "Total_Death_Count": 0, "Shape__Length": 2639.9999769315386 }, "geometry": { "type": "LineString", "coordinates": [ [ -95.360988748823615, 29.767085095991661 ], [ -95.360875731347889, 29.766890111769417 ], [ -95.360802892162667, 29.766682789599603 ], [ -95.360751263209949, 29.766480708378914 ], [ -95.36072768617997, 29.766242054654064 ], [ -95.360745030618446, 29.766055849642505 ], [ -95.360813131376744, 29.765796351719253 ], [ -95.360984614402994, 29.765311651170013 ], [ -95.361115889636693, 29.765033428656054 ], [ -95.361256394813239, 29.764796304144703 ], [ -95.361875615259621, 29.764040745676969 ], [ -95.362473879464488, 29.763295101849366 ], [ -95.363063625098775, 29.762539485346068 ], [ -95.363652805101367, 29.761798443496474 ], [ -95.36426790330016, 29.7610064968788 ], [ -95.36442718965597, 29.760813019903505 ] ] } },
{ "type": "Feature", "properties": { "OBJECTID": 323, "Full_Name": "MILAM ST", "Ped_Death_Count": 0, "Bike_Death_Count": 0, "Veh_Death_Count": 0, "Ped_Crash_Count": 1, "Bike_Crash_Count": 0, "Veh_Crash_Count": 8, "Total_Crash_Count": 9, "RoadLength": 2640.0001, "Miles": 0.5, "CrashRate": 18.0, "Total_Death_Count": 0, "Shape__Length": 2640.0001493584223 }, "geometry": { "type": "LineString", "coordinates": [ [ -95.369162853157974, 29.754844049458153 ], [ -95.36961560427082, 29.754277793126235 ], [ -95.370202342589849, 29.75353818 ], [ -95.370803326612872, 29.752784717885106 ], [ -95.371399587060012, 29.752032317656909 ], [ -95.371978643264342, 29.751282376351124 ], [ -95.372059194808187, 29.751196470651813 ], [ -95.372581195815968, 29.750532024370152 ], [ -95.372726898048469, 29.750350660278805 ], [ -95.372803064143426, 29.75025585336196 ], [ -95.373186122389029, 29.749779035049698 ], [ -95.373754422240808, 29.749047368432983 ], [ -95.373891338832067, 29.748871070307505 ] ] } },
{ "type": "Feature", "properties": { "OBJECTID": 324, "Full_Name": "MILAM ST", "Ped_Death_Count": 1, "Bike_Death_Count": 0, "Veh_Death_Count": 1, "Ped_Crash_Count": 1, "Bike_Crash_Count": 0, "Veh_Crash_Count": 4, "Total_Crash_Count": 5, "RoadLength": 2639.9998, "Miles": 0.5, "CrashRate": 10.0, "Total_Death_Count": 2, "Shape__Length": 2639.9998441820799 }, "geometry": { "type": "LineString", "coordinates": [ [ -95.36442718965597, 29.760813019903505 ], [ -95.364892611520773, 29.760247693309324 ], [ -95.365491740244295, 29.759506696875935 ], [ -95.366076356593169, 29.758740009716771 ], [ -95.366658316498274, 29.757997523490726 ], [ -95.367129106455835, 29.757409840451736 ], [ -95.367248027091748, 29.757258601067921 ], [ -95.367832063273482, 29.756519206375202 ], [ -95.368426431851262, 29.755758684297135 ], [ -95.369015498697209, 29.755028193980614 ], [ -95.369024439423924, 29.75501716194626 ], [ -95.369162853157974, 29.754844049458153 ] ] } },
{ "type": "Feature", "properties": { "OBJECTID": 325, "Full_Name": "MONTROSE BLVD", "Ped_Death_Count": 0, "Bike_Death_Count": 0, "Veh_Death_Count": 0, "Ped_Crash_Count": 1, "Bike_Crash_Count": 0, "Veh_Crash_Count": 1, "Total_Crash_Count": 2, "RoadLength": 1325.2461, "Miles": 0.251, "CrashRate": 7.97, "Total_Death_Count": 0, "Shape__Length": 1325.2460562587808 }, "geometry": { "type": "LineString", "coordinates": [ [ -95.392408505727175, 29.762476406777708 ], [ -95.392409376157175, 29.761716018196442 ], [ -95.392419584138679, 29.761546788709541 ], [ -95.392430591044615, 29.761364328762873 ], [ -95.392388600470284, 29.759941430699307 ], [ -95.392351651644546, 29.758833398702283 ] ] } },
{ "type": "Feature", "properties": { "OBJECTID": 326, "Full_Name": "MONTROSE BLVD", "Ped_Death_Count": 0, "Bike_Death_Count": 0, "Veh_Death_Count": 0, "Ped_Crash_Count": 1, "Bike_Crash_Count": 0, "Veh_Crash_Count": 3, "Total_Crash_Count": 4, "RoadLength": 2639.9999, "Miles": 0.5, "CrashRate": 8.0, "Total_Death_Count": 0, "Shape__Length": 2639.9999216792339 }, "geometry": { "type": "LineString", "coordinates": [ [ -95.391149533480288, 29.737153810114684 ], [ -95.391146630193305, 29.737021922657977 ], [ -95.39114341224824, 29.736167355895212 ], [ -95.391131131197071, 29.735311638498558 ], [ -95.39113022857687, 29.734475804484195 ], [ -95.391127792709597, 29.734396939583789 ], [ -95.391104546327753, 29.733354543480171 ], [ -95.391094166952058, 29.732563948180914 ], [ -95.391086855379385, 29.731968634674125 ], [ -95.391083919301082, 29.731729658079892 ], [ -95.391074280251289, 29.730944896454616 ], [ -95.39107321854658, 29.730677839524908 ], [ -95.391069513321185, 29.730139586680323 ], [ -95.391065162114174, 29.729894245935846 ] ] } },
{ "type": "Feature", "properties": { "OBJECTID": 327, "Full_Name": "MONTROSE BLVD", "Ped_Death_Count": 0, "Bike_Death_Count": 0, "Veh_Death_Count": 0, "Ped_Crash_Count": 3, "Bike_Crash_Count": 1, "Veh_Crash_Count": 0, "Total_Crash_Count": 4, "RoadLength": 2639.9998, "Miles": 0.5, "CrashRate": 8.0, "Total_Death_Count": 0, "Shape__Length": 2639.9998147255938 }, "geometry": { "type": "LineString", "coordinates": [ [ -95.391252076767245, 29.744413177407619 ], [ -95.391245605117817, 29.743454255176985 ], [ -95.391217815764776, 29.742366150261329 ], [ -95.39120917282041, 29.741334925923443 ], [ -95.391195351948241, 29.74047878737067 ], [ -95.391189685840203, 29.739630812648166 ], [ -95.391173564921971, 29.738776401711508 ], [ -95.391165243122543, 29.737867361847197 ], [ -95.391149533480288, 29.737153810114684 ] ] } },
{ "type": "Feature", "properties": { "OBJECTID": 328, "Full_Name": "MULLINS DR", "Ped_Death_Count": 1, "Bike_Death_Count": 1, "Veh_Death_Count": 0, "Ped_Crash_Count": 1, "Bike_Crash_Count": 2, "Veh_Crash_Count": 3, "Total_Crash_Count": 6, "RoadLength": 2640.0002, "Miles": 0.5, "CrashRate": 12.0, "Total_Death_Count": 2, "Shape__Length": 2640.0001943109014 }, "geometry": { "type": "LineString", "coordinates": [ [ -95.48679653912717, 29.710877232790576 ], [ -95.486780926219438, 29.710049600446968 ], [ -95.486768997066648, 29.709137607071035 ], [ -95.486758620984745, 29.7082462861155 ], [ -95.4867460930204, 29.707338844000951 ], [ -95.486725515707732, 29.706080040806775 ], [ -95.486719341136606, 29.705530474181767 ], [ -95.486712202722117, 29.704708224304834 ], [ -95.486701065136259, 29.703706192715611 ], [ -95.48670001832798, 29.703617622248768 ] ] } },
{ "type": "Feature", "properties": { "OBJECTID": 329, "Full_Name": "N CHARTRES ST", "Ped_Death_Count": 0, "Bike_Death_Count": 0, "Veh_Death_Count": 0, "Ped_Crash_Count": 1, "Bike_Crash_Count": 1, "Veh_Crash_Count": 3, "Total_Crash_Count": 5, "RoadLength": 1705.36, "Miles": 0.323, "CrashRate": 15.48, "Total_Death_Count": 0, "Shape__Length": 1705.3600335330843 }, "geometry": { "type": "LineString", "coordinates": [ [ -95.349129868995092, 29.763871153058147 ], [ -95.349307003374406, 29.763132918775806 ], [ -95.349389396166032, 29.762252671149472 ], [ -95.34945065751414, 29.761536799877671 ], [ -95.34957245460869, 29.760662988100776 ], [ -95.349622297287908, 29.760463200137675 ], [ -95.349707411699541, 29.760261251592073 ], [ -95.349808951137888, 29.760026958191315 ], [ -95.349956711531718, 29.759840669523914 ], [ -95.350302420198261, 29.759371761721969 ] ] } },
{ "type": "Feature", "properties": { "OBJECTID": 330, "Full_Name": "N LOOP W", "Ped_Death_Count": 0, "Bike_Death_Count": 0, "Veh_Death_Count": 0, "Ped_Crash_Count": 1, "Bike_Crash_Count": 0, "Veh_Crash_Count": 2, "Total_Crash_Count": 3, "RoadLength": 2640.0001, "Miles": 0.5, "CrashRate": 6.0, "Total_Death_Count": 0, "Shape__Length": 2640.000061263423 }, "geometry": { "type": "LineString", "coordinates": [ [ -95.419914154174378, 29.812377614226214 ], [ -95.41875087500145, 29.812385638685608 ], [ -95.417290845484089, 29.81239569562554 ], [ -95.416496010926622, 29.812401162742717 ], [ -95.414945352885169, 29.812413095353701 ], [ -95.412983348442694, 29.812451729062527 ], [ -95.412052503553923, 29.812455153729754 ], [ -95.41159001547166, 29.812466952038928 ] ] } },
{ "type": "Feature", "properties": { "OBJECTID": 331, "Full_Name": "N LOOP W", "Ped_Death_Count": 0, "Bike_Death_Count": 0, "Veh_Death_Count": 0, "Ped_Crash_Count": 1, "Bike_Crash_Count": 0, "Veh_Crash_Count": 2, "Total_Crash_Count": 3, "RoadLength": 2639.9998, "Miles": 0.5, "CrashRate": 6.0, "Total_Death_Count": 0, "Shape__Length": 2639.9998023067319 }, "geometry": { "type": "LineString", "coordinates": [ [ -95.403452936003532, 29.813259296140124 ], [ -95.403817893524973, 29.81325628571479 ], [ -95.405631604163815, 29.813237321077672 ], [ -95.408215844109648, 29.813210083622952 ], [ -95.408281488214215, 29.81320754387724 ], [ -95.410319125821474, 29.813167677396567 ], [ -95.411602332913859, 29.813150947813096 ], [ -95.411776953245436, 29.813150102750061 ] ] } },
{ "type": "Feature", "properties": { "OBJECTID": 332, "Full_Name": "N MAIN ST", "Ped_Death_Count": 0, "Bike_Death_Count": 0, "Veh_Death_Count": 0, "Ped_Crash_Count": 1, "Bike_Crash_Count": 0, "Veh_Crash_Count": 3, "Total_Crash_Count": 4, "RoadLength": 2640.0, "Miles": 0.5, "CrashRate": 8.0, "Total_Death_Count": 0, "Shape__Length": 2640.0000026909652 }, "geometry": { "type": "LineString", "coordinates": [ [ -95.367074969021942, 29.786309243074619 ], [ -95.367603068032082, 29.786715556290858 ], [ -95.36788792509951, 29.786928798986487 ], [ -95.368050000990294, 29.787048372188018 ], [ -95.36821978961099, 29.787186315682064 ], [ -95.368345322954028, 29.787275041945861 ], [ -95.368873877480112, 29.78767549482637 ], [ -95.369464216107488, 29.788115323096054 ], [ -95.369995239185442, 29.788534494243571 ], [ -95.370488588882665, 29.788913454936694 ], [ -95.371460714445547, 29.789642393241817 ], [ -95.371663261210784, 29.789808739987848 ], [ -95.371788707887319, 29.78991176667639 ], [ -95.371891713662947, 29.789996361914792 ], [ -95.372108854340581, 29.79017469219006 ], [ -95.372748435966358, 29.790637728994096 ], [ -95.373194925182389, 29.79097840185737 ], [ -95.373339635208225, 29.791087232367072 ] ] } },
{ "type": "Feature", "properties": { "OBJECTID": 333, "Full_Name": "N MAIN ST", "Ped_Death_Count": 0, "Bike_Death_Count": 0, "Veh_Death_Count": 0, "Ped_Crash_Count": 1, "Bike_Crash_Count": 0, "Veh_Crash_Count": 1, "Total_Crash_Count": 2, "RoadLength": 1650.3303, "Miles": 0.3126, "CrashRate": 6.4, "Total_Death_Count": 0, "Shape__Length": 1650.3303081792249 }, "geometry": { "type": "LineString", "coordinates": [ [ -95.379686066092006, 29.795763057677156 ], [ -95.380085714673172, 29.796060488076105 ], [ -95.38070350593604, 29.796528729563757 ], [ -95.381485399220196, 29.797113882210688 ], [ -95.381907322098613, 29.797421386830781 ], [ -95.382418143886724, 29.797814447992156 ], [ -95.382813392831153, 29.798113579692181 ], [ -95.383117487517012, 29.798350692663227 ], [ -95.383615903958997, 29.798737374529559 ] ] } },
{ "type": "Feature", "properties": { "OBJECTID": 334, "Full_Name": "N MCCARTY ST", "Ped_Death_Count": 0, "Bike_Death_Count": 0, "Veh_Death_Count": 2, "Ped_Crash_Count": 1, "Bike_Crash_Count": 0, "Veh_Crash_Count": 3, "Total_Crash_Count": 4, "RoadLength": 2640.0002, "Miles": 0.5, "CrashRate": 8.0, "Total_Death_Count": 2, "Shape__Length": 2640.0001546706949 }, "geometry": { "type": "LineString", "coordinates": [ [ -95.267476223828552, 29.801667108029989 ], [ -95.267431307484387, 29.801718719221249 ], [ -95.267180549957104, 29.801986242731907 ], [ -95.266849864709883, 29.802359467090142 ], [ -95.264772052564595, 29.804749590950163 ], [ -95.26389811385063, 29.805742148741317 ], [ -95.263358017164364, 29.806361766054714 ], [ -95.263048664260836, 29.806712243477527 ], [ -95.262423353626204, 29.807436291324265 ] ] } },
{ "type": "Feature", "properties": { "OBJECTID": 335, "Full_Name": "N MCCARTY ST", "Ped_Death_Count": 0, "Bike_Death_Count": 0, "Veh_Death_Count": 0, "Ped_Crash_Count": 1, "Bike_Crash_Count": 0, "Veh_Crash_Count": 2, "Total_Crash_Count": 3, "RoadLength": 2639.9999, "Miles": 0.5, "CrashRate": 6.0, "Total_Death_Count": 0, "Shape__Length": 2639.999943828152 }, "geometry": { "type": "LineString", "coordinates": [ [ -95.272511025070159, 29.79588579564037 ], [ -95.271840728334823, 29.796656598024558 ], [ -95.271669785205987, 29.796852125708554 ], [ -95.271529641284417, 29.797012422512786 ], [ -95.271258659508263, 29.797322372893039 ], [ -95.270090538022345, 29.798663002758119 ], [ -95.267476223828552, 29.801667108029989 ] ] } },
{ "type": "Feature", "properties": { "OBJECTID": 336, "Full_Name": "N SAM HOUSTON PKWY E", "Ped_Death_Count": 1, "Bike_Death_Count": 0, "Veh_Death_Count": 1, "Ped_Crash_Count": 1, "Bike_Crash_Count": 0, "Veh_Crash_Count": 4, "Total_Crash_Count": 5, "RoadLength": 2640.0, "Miles": 0.5, "CrashRate": 10.0, "Total_Death_Count": 2, "Shape__Length": 2639.9999683463134 }, "geometry": { "type": "LineString", "coordinates": [ [ -95.413263224083025, 29.940301187032844 ], [ -95.412960516687249, 29.940292644727695 ], [ -95.412535848430011, 29.94018767729904 ], [ -95.412419164605978, 29.940138590141814 ], [ -95.41200721012342, 29.939965284174939 ], [ -95.411620896203289, 29.939905859074202 ], [ -95.411481893880989, 29.939884475703746 ], [ -95.411019615752508, 29.939913650679468 ], [ -95.410670087363386, 29.939953624720989 ], [ -95.409511590101133, 29.940086577823561 ], [ -95.408121456608768, 29.940225793721321 ], [ -95.407506983680477, 29.940285898238542 ], [ -95.406386296955631, 29.94032734534596 ], [ -95.405226885458987, 29.940345968916532 ], [ -95.405039735686813, 29.940347047973592 ] ] } },
{ "type": "Feature", "properties": { "OBJECTID": 337, "Full_Name": "N SAMPSON ST", "Ped_Death_Count": 1, "Bike_Death_Count": 0, "Veh_Death_Count": 0, "Ped_Crash_Count": 1, "Bike_Crash_Count": 0, "Veh_Crash_Count": 1, "Total_Crash_Count": 2, "RoadLength": 2160.1963, "Miles": 0.4091, "CrashRate": 4.89, "Total_Death_Count": 1, "Shape__Length": 2160.1962594482361 }, "geometry": { "type": "LineString", "coordinates": [ [ -95.33894814520113, 29.751366763349452 ], [ -95.33837305020937, 29.752098655779374 ], [ -95.3379179933508, 29.752671425444621 ], [ -95.337422416304491, 29.753303876679063 ], [ -95.336910717101787, 29.753944352468952 ], [ -95.336649320406494, 29.754264294916219 ], [ -95.336518874421358, 29.754417163831267 ], [ -95.336434401224452, 29.754500181365579 ], [ -95.336078199246757, 29.754736944080275 ], [ -95.335788826371711, 29.754928127671111 ], [ -95.335423465800687, 29.755117232404597 ], [ -95.334993899467946, 29.755259502113187 ], [ -95.334655965983259, 29.755362122220866 ], [ -95.334292021589775, 29.755424075625701 ] ] } },
{ "type": "Feature", "properties": { "OBJECTID": 338, "Full_Name": "N SHEPHERD DR", "Ped_Death_Count": 2, "Bike_Death_Count": 0, "Veh_Death_Count": 1, "Ped_Crash_Count": 2, "Bike_Crash_Count": 0, "Veh_Crash_Count": 5, "Total_Crash_Count": 7, "RoadLength": 2639.9998, "Miles": 0.5, "CrashRate": 14.0, "Total_Death_Count": 3, "Shape__Length": 2639.9997956816355 }, "geometry": { "type": "LineString", "coordinates": [ [ -95.41099818264118, 29.845717404103709 ], [ -95.411116501807129, 29.847158714942271 ], [ -95.411201363759602, 29.847650765509254 ], [ -95.411555066555181, 29.849247829477147 ], [ -95.411594850061206, 29.849453935070642 ], [ -95.411773602385153, 29.850103130462848 ], [ -95.411966536586121, 29.850995119346749 ], [ -95.412142224668258, 29.851667967437606 ], [ -95.412226270634548, 29.852391546737344 ], [ -95.412262617848313, 29.852666747561109 ], [ -95.412275202476593, 29.852878458858065 ] ] } },
{ "type": "Feature", "properties": { "OBJECTID": 339, "Full_Name": "N SHEPHERD DR", "Ped_Death_Count": 2, "Bike_Death_Count": 0, "Veh_Death_Count": 1, "Ped_Crash_Count": 3, "Bike_Crash_Count": 0, "Veh_Crash_Count": 4, "Total_Crash_Count": 7, "RoadLength": 2640.0, "Miles": 0.5, "CrashRate": 14.0, "Total_Death_Count": 3, "Shape__Length": 2639.9999608677322 }, "geometry": { "type": "LineString", "coordinates": [ [ -95.410685701280215, 29.831201067624068 ], [ -95.410688798441413, 29.831395539017052 ], [ -95.410711945324266, 29.832518906336954 ], [ -95.410759838792544, 29.834720134631901 ], [ -95.410773074848123, 29.835208628618101 ], [ -95.410778158148787, 29.835683798932092 ], [ -95.410827159257394, 29.837259071965956 ], [ -95.410838337045931, 29.838039289377001 ], [ -95.410841242731451, 29.838242093776195 ], [ -95.410843853491173, 29.838459507554997 ] ] } },
{ "type": "Feature", "properties": { "OBJECTID": 340, "Full_Name": "N SHEPHERD DR", "Ped_Death_Count": 0, "Bike_Death_Count": 0, "Veh_Death_Count": 1, "Ped_Crash_Count": 2, "Bike_Crash_Count": 0, "Veh_Crash_Count": 2, "Total_Crash_Count": 4, "RoadLength": 2640.0001, "Miles": 0.5, "CrashRate": 8.0, "Total_Death_Count": 1, "Shape__Length": 2640.0000738811145 }, "geometry": { "type": "LineString", "coordinates": [ [ -95.410537822226118, 29.823942605273878 ], [ -95.410550088035791, 29.824618466593066 ], [ -95.41056068857398, 29.825724628313981 ], [ -95.410608059739914, 29.827339733225347 ], [ -95.410624950568533, 29.828013453812453 ], [ -95.410644985984817, 29.829236172795536 ], [ -95.410644447156855, 29.829566156666633 ], [ -95.410642796127945, 29.829625923998776 ], [ -95.410681424462851, 29.830932548326377 ], [ -95.410685701280215, 29.831201067624068 ] ] } },
{ "type": "Feature", "properties": { "OBJECTID": 341, "Full_Name": "N SHEPHERD DR", "Ped_Death_Count": 0, "Bike_Death_Count": 0, "Veh_Death_Count": 2, "Ped_Crash_Count": 1, "Bike_Crash_Count": 0, "Veh_Crash_Count": 3, "Total_Crash_Count": 4, "RoadLength": 2640.0, "Miles": 0.5, "CrashRate": 8.0, "Total_Death_Count": 2, "Shape__Length": 2639.99997031461 }, "geometry": { "type": "LineString", "coordinates": [ [ -95.412568553817763, 29.867394478595227 ], [ -95.41257128019187, 29.867853390396551 ], [ -95.41257487957715, 29.868160101915457 ], [ -95.412579401550374, 29.868419281361383 ], [ -95.412582782984259, 29.868766308248297 ], [ -95.412589088931753, 29.869240655722184 ], [ -95.412628334763198, 29.869904245977128 ], [ -95.412628170484837, 29.870374260939254 ], [ -95.412625432687761, 29.870546219318307 ], [ -95.412591205713227, 29.87092585674338 ], [ -95.412532712792682, 29.871943945180508 ], [ -95.412418185143437, 29.8728760209911 ], [ -95.412385873169569, 29.873210873207785 ], [ -95.412323420134655, 29.873821227474281 ], [ -95.412315750633255, 29.87403898840213 ], [ -95.41224201561063, 29.874638347371047 ] ] } },
{ "type": "Feature", "properties": { "OBJECTID": 342, "Full_Name": "N STADIUM DR", "Ped_Death_Count": 0, "Bike_Death_Count": 0, "Veh_Death_Count": 0, "Ped_Crash_Count": 1, "Bike_Crash_Count": 0, "Veh_Crash_Count": 2, "Total_Crash_Count": 3, "RoadLength": 2639.9999, "Miles": 0.5, "CrashRate": 6.0, "Total_Death_Count": 0, "Shape__Length": 2639.9998731891851 }, "geometry": { "type": "LineString", "coordinates": [ [ -95.409451701756666, 29.697302775367913 ], [ -95.409411708057178, 29.697022380994813 ], [ -95.4089519318903, 29.696096750563871 ], [ -95.408772283801781, 29.695735766139482 ], [ -95.408416395662343, 29.694959239944112 ], [ -95.408209722913227, 29.694569164110387 ], [ -95.408040094523002, 29.694119204374822 ], [ -95.407997662610228, 29.694005935171568 ], [ -95.407922180176925, 29.693630798409572 ], [ -95.407859277445041, 29.693332602605338 ], [ -95.407804557941674, 29.692988285706452 ], [ -95.40778986522507, 29.692515563905964 ], [ -95.407787585615409, 29.691942291305303 ], [ -95.407784328082656, 29.691302473428795 ], [ -95.407792409331265, 29.690304183616842 ] ] } },
{ "type": "Feature", "properties": { "OBJECTID": 343, "Full_Name": "N VICTORY DR", "Ped_Death_Count": 0, "Bike_Death_Count": 0, "Veh_Death_Count": 1, "Ped_Crash_Count": 2, "Bike_Crash_Count": 0, "Veh_Crash_Count": 6, "Total_Crash_Count": 8, "RoadLength": 2639.9999, "Miles": 0.5, "CrashRate": 16.0, "Total_Death_Count": 1, "Shape__Length": 2639.9998912814472 }, "geometry": { "type": "LineString", "coordinates": [ [ -95.41047055397047, 29.86984100722302 ], [ -95.411040684942066, 29.869971859584577 ], [ -95.411584993211463, 29.870118534082263 ], [ -95.412119588840127, 29.870318671792209 ], [ -95.412625432687761, 29.870546219318307 ], [ -95.413155300335262, 29.87071717619687 ], [ -95.41343072376543, 29.870800395196014 ], [ -95.413713288788756, 29.870848236556281 ], [ -95.414080881561631, 29.870885583509882 ], [ -95.414878812351247, 29.870932139355936 ], [ -95.41494856224827, 29.871025037766607 ], [ -95.415400621753335, 29.871019635298993 ], [ -95.417378680030765, 29.871017569872595 ], [ -95.418526336912848, 29.871009809399801 ] ] } },
{ "type": "Feature", "properties": { "OBJECTID": 344, "Full_Name": "N WAYSIDE DR", "Ped_Death_Count": 1, "Bike_Death_Count": 0, "Veh_Death_Count": 0, "Ped_Crash_Count": 1, "Bike_Crash_Count": 0, "Veh_Crash_Count": 2, "Total_Crash_Count": 3, "RoadLength": 2640.0002, "Miles": 0.5, "CrashRate": 6.0, "Total_Death_Count": 1, "Shape__Length": 2640.0002035837656 }, "geometry": { "type": "LineString", "coordinates": [ [ -95.284485285399242, 29.812366463344741 ], [ -95.284481986847354, 29.812461804368986 ], [ -95.284497148367237, 29.813126094768236 ], [ -95.284496754228968, 29.813796948733604 ], [ -95.28449258712115, 29.813911293092335 ], [ -95.284499325125637, 29.814206535650825 ], [ -95.284500485224854, 29.814298428314302 ], [ -95.284489328533937, 29.814615526891988 ], [ -95.284472682633705, 29.815351029112179 ], [ -95.284480086854984, 29.816086137052082 ], [ -95.284485491648837, 29.81638013108293 ], [ -95.284475305738113, 29.816929309944605 ], [ -95.284482685428785, 29.817493652063277 ], [ -95.284469612474382, 29.817833978056782 ], [ -95.284480214586466, 29.818565560676152 ], [ -95.284472444083192, 29.819237453021294 ], [ -95.284473845059139, 29.819625316559002 ] ] } },
{ "type": "Feature", "properties": { "OBJECTID": 345, "Full_Name": "N WAYSIDE DR", "Ped_Death_Count": 0, "Bike_Death_Count": 0, "Veh_Death_Count": 0, "Ped_Crash_Count": 2, "Bike_Crash_Count": 0, "Veh_Crash_Count": 2, "Total_Crash_Count": 4, "RoadLength": 2640.0, "Miles": 0.5, "CrashRate": 8.0, "Total_Death_Count": 0, "Shape__Length": 2640.0000065591821 }, "geometry": { "type": "LineString", "coordinates": [ [ -95.284349221771876, 29.834141255129722 ], [ -95.28435170321427, 29.834691922191443 ], [ -95.284363189095913, 29.83544804833334 ], [ -95.284460002503209, 29.836220156216719 ], [ -95.284443798307692, 29.83701813324852 ], [ -95.284447465867515, 29.837905059731675 ], [ -95.284454506410952, 29.837958824456553 ], [ -95.284460267895255, 29.838788312467145 ], [ -95.284469975446214, 29.839663923001623 ], [ -95.284482994400634, 29.840543337709335 ], [ -95.284495262125546, 29.841395762420511 ] ] } },
{ "type": "Feature", "properties": { "OBJECTID": 346, "Full_Name": "N WAYSIDE DR", "Ped_Death_Count": 2, "Bike_Death_Count": 0, "Veh_Death_Count": 0, "Ped_Crash_Count": 2, "Bike_Crash_Count": 0, "Veh_Crash_Count": 2, "Total_Crash_Count": 4, "RoadLength": 2640.0, "Miles": 0.5, "CrashRate": 8.0, "Total_Death_Count": 2, "Shape__Length": 2640.000040266932 }, "geometry": { "type": "LineString", "coordinates": [ [ -95.284433506423881, 29.826882157244921 ], [ -95.284430919775517, 29.827074233219118 ], [ -95.284427201273431, 29.828014475168391 ], [ -95.284410652998758, 29.828667440759968 ], [ -95.284407132395344, 29.829163653190108 ], [ -95.284383126950274, 29.829712913723167 ], [ -95.284361921782818, 29.831328789811572 ], [ -95.284360929761036, 29.833153326283782 ], [ -95.284348265978949, 29.833929210073197 ], [ -95.284349221771876, 29.834141255129722 ] ] } },
{ "type": "Feature", "properties": { "OBJECTID": 347, "Full_Name": "NAVIGATION BLVD", "Ped_Death_Count": 2, "Bike_Death_Count": 0, "Veh_Death_Count": 0, "Ped_Crash_Count": 2, "Bike_Crash_Count": 0, "Veh_Crash_Count": 0, "Total_Crash_Count": 2, "RoadLength": 1598.6081, "Miles": 0.3028, "CrashRate": 6.61, "Total_Death_Count": 2, "Shape__Length": 1598.6081123698536 }, "geometry": { "type": "LineString", "coordinates": [ [ -95.289613976676733, 29.740946552365177 ], [ -95.288833825142802, 29.74070228874205 ], [ -95.286952152118076, 29.740131599938422 ], [ -95.286832531782821, 29.740100065410946 ], [ -95.285377488448773, 29.73965438567123 ], [ -95.284886243629927, 29.73943935295835 ] ] } },
{ "type": "Feature", "properties": { "OBJECTID": 348, "Full_Name": "NAVIGATION BLVD", "Ped_Death_Count": 1, "Bike_Death_Count": 1, "Veh_Death_Count": 1, "Ped_Crash_Count": 1, "Bike_Crash_Count": 1, "Veh_Crash_Count": 4, "Total_Crash_Count": 6, "RoadLength": 2639.9998, "Miles": 0.5, "CrashRate": 12.0, "Total_Death_Count": 3, "Shape__Length": 2639.999777777175 }, "geometry": { "type": "LineString", "coordinates": [ [ -95.305257831842596, 29.745889425962471 ], [ -95.30486139110991, 29.745761666760309 ], [ -95.302897488218747, 29.745107025402802 ], [ -95.300899416187249, 29.744459168707159 ], [ -95.29908832025869, 29.743885291054479 ], [ -95.298891340869218, 29.743815504952472 ], [ -95.298539839452843, 29.743701122718118 ], [ -95.298239878828227, 29.743600684855021 ], [ -95.297459843824896, 29.743360370174255 ] ] } },
{ "type": "Feature", "properties": { "OBJECTID": 349, "Full_Name": "NORTH FWY", "Ped_Death_Count": 1, "Bike_Death_Count": 0, "Veh_Death_Count": 0, "Ped_Crash_Count": 2, "Bike_Crash_Count": 0, "Veh_Crash_Count": 1, "Total_Crash_Count": 3, "RoadLength": 2639.9997, "Miles": 0.5, "CrashRate": 6.0, "Total_Death_Count": 1, "Shape__Length": 2639.9996898610866 }, "geometry": { "type": "LineString", "coordinates": [ [ -95.381044817686842, 29.827302005344446 ], [ -95.381157374015757, 29.827807552486554 ], [ -95.381298926559182, 29.828260253077719 ], [ -95.381461324013046, 29.828633100159468 ], [ -95.381521855455588, 29.82878324593737 ], [ -95.381642941341426, 29.829027139807938 ], [ -95.381799402358325, 29.829303172679019 ], [ -95.381950092486406, 29.829515770568712 ], [ -95.382088007505445, 29.829635484388785 ], [ -95.382479823664866, 29.830094131227458 ], [ -95.382829711512031, 29.830512095448327 ], [ -95.383115347984301, 29.830920298351266 ], [ -95.383424280047223, 29.831445606971137 ], [ -95.384393073767569, 29.832697203617219 ], [ -95.385089290634468, 29.833562012828281 ] ] } },
{ "type": "Feature", "properties": { "OBJECTID": 350, "Full_Name": "NORTH FWY", "Ped_Death_Count": 0, "Bike_Death_Count": 0, "Veh_Death_Count": 0, "Ped_Crash_Count": 1, "Bike_Crash_Count": 0, "Veh_Crash_Count": 2, "Total_Crash_Count": 3, "RoadLength": 2639.9997, "Miles": 0.5, "CrashRate": 6.0, "Total_Death_Count": 0, "Shape__Length": 2639.9997259803936 }, "geometry": { "type": "LineString", "coordinates": [ [ -95.412941101876896, 29.91442003337384 ], [ -95.412944104063627, 29.914734508404969 ], [ -95.412930682322497, 29.91511548585537 ], [ -95.412955472558309, 29.91569977739276 ], [ -95.412999078272307, 29.917189924154826 ], [ -95.412970004550402, 29.91828193854224 ], [ -95.412891435290675, 29.919379066209395 ], [ -95.412778479492871, 29.921150292699885 ], [ -95.412739228604977, 29.921672353130962 ] ] } },
{ "type": "Feature", "properties": { "OBJECTID": 351, "Full_Name": "NORTH FWY", "Ped_Death_Count": 0, "Bike_Death_Count": 0, "Veh_Death_Count": 0, "Ped_Crash_Count": 1, "Bike_Crash_Count": 0, "Veh_Crash_Count": 2, "Total_Crash_Count": 3, "RoadLength": 2640.0001, "Miles": 0.5, "CrashRate": 6.0, "Total_Death_Count": 0, "Shape__Length": 2640.0001157515781 }, "geometry": { "type": "LineString", "coordinates": [ [ -95.371985624298986, 29.78851390901912 ], [ -95.372018826877891, 29.788597573404626 ], [ -95.372062911961052, 29.788826069624516 ], [ -95.372109290153375, 29.788978011135011 ], [ -95.372119137901521, 29.789419903276819 ], [ -95.372127324396402, 29.789787133961557 ], [ -95.372108854340581, 29.79017469219006 ], [ -95.372105354307536, 29.790744643143697 ], [ -95.372107992074675, 29.791269795136085 ], [ -95.372114627662, 29.79160609650339 ], [ -95.372070598753794, 29.792195654516203 ], [ -95.372063985435048, 29.793035785525579 ], [ -95.3720623379118, 29.793167005362939 ], [ -95.372075759332319, 29.79413340137619 ], [ -95.372081016352553, 29.794552785414641 ], [ -95.372093940931066, 29.795093880852811 ], [ -95.372101676334523, 29.795758409449462 ] ] } },
{ "type": "Feature", "properties": { "OBJECTID": 352, "Full_Name": "NORTHBOROUGH DR", "Ped_Death_Count": 0, "Bike_Death_Count": 0, "Veh_Death_Count": 0, "Ped_Crash_Count": 3, "Bike_Crash_Count": 0, "Veh_Crash_Count": 0, "Total_Crash_Count": 3, "RoadLength": 2639.9999, "Miles": 0.5, "CrashRate": 6.0, "Total_Death_Count": 0, "Shape__Length": 2639.9999091384216 }, "geometry": { "type": "LineString", "coordinates": [ [ -95.422174202594434, 29.948993420345392 ], [ -95.422177696740562, 29.949555141630956 ], [ -95.422191173612589, 29.950101482258926 ], [ -95.422209677925693, 29.950851592480163 ], [ -95.422220258885901, 29.95128043368608 ], [ -95.422232158759385, 29.95200114771567 ], [ -95.422240976609473, 29.952590745378224 ], [ -95.422237554964681, 29.952840900045231 ], [ -95.422278597694614, 29.953124982300388 ], [ -95.422339900047319, 29.953367505321097 ], [ -95.422429923762721, 29.953557004095753 ], [ -95.422529065372288, 29.953716342579053 ], [ -95.422609352936675, 29.953849142214068 ], [ -95.422845257728696, 29.954243661072663 ], [ -95.422959286282506, 29.954427859856693 ], [ -95.423035631528421, 29.954577254934613 ], [ -95.423086336937587, 29.954733578490991 ], [ -95.423119759686131, 29.954848656740303 ], [ -95.423137194335297, 29.954966329131178 ], [ -95.423138692881665, 29.955984738938579 ], [ -95.423144130532421, 29.956089383978934 ] ] } },
{ "type": "Feature", "properties": { "OBJECTID": 353, "Full_Name": "NORTHLINE DR", "Ped_Death_Count": 0, "Bike_Death_Count": 1, "Veh_Death_Count": 0, "Ped_Crash_Count": 1, "Bike_Crash_Count": 1, "Veh_Crash_Count": 0, "Total_Crash_Count": 2, "RoadLength": 2192.6513, "Miles": 0.4153, "CrashRate": 4.82, "Total_Death_Count": 1, "Shape__Length": 2192.651303277084 }, "geometry": { "type": "LineString", "coordinates": [ [ -95.397820097764495, 29.869376577744902 ], [ -95.397827622129668, 29.869909056369139 ], [ -95.397837723316925, 29.870704527586724 ], [ -95.397842752778132, 29.871100665348049 ], [ -95.397852085586621, 29.871909909613333 ], [ -95.39787009563203, 29.87271188491513 ], [ -95.39788258211378, 29.873631646507043 ], [ -95.397886897660655, 29.874543833805387 ], [ -95.397902624587033, 29.875405694291661 ] ] } },
{ "type": "Feature", "properties": { "OBJECTID": 354, "Full_Name": "NORTHLINE DR", "Ped_Death_Count": 0, "Bike_Death_Count": 0, "Veh_Death_Count": 0, "Ped_Crash_Count": 1, "Bike_Crash_Count": 0, "Veh_Crash_Count": 2, "Total_Crash_Count": 3, "RoadLength": 2640.0001, "Miles": 0.5, "CrashRate": 6.0, "Total_Death_Count": 0, "Shape__Length": 2640.0001375047632 }, "geometry": { "type": "LineString", "coordinates": [ [ -95.397683401879561, 29.862118601668616 ], [ -95.397685002291738, 29.862280913589583 ], [ -95.39768699671653, 29.862774598725178 ], [ -95.397696044193239, 29.863546950543309 ], [ -95.397733041285548, 29.864319751285855 ], [ -95.39772959292138, 29.864710987461478 ], [ -95.397774614232418, 29.866160972410778 ], [ -95.397764230641457, 29.866457195295634 ], [ -95.397779765720841, 29.867303005022055 ], [ -95.397802649069362, 29.868342720903879 ], [ -95.397814163315999, 29.868956622122081 ], [ -95.397820097764495, 29.869376577744902 ] ] } },
{ "type": "Feature", "properties": { "OBJECTID": 355, "Full_Name": "NORTHWEST FWY", "Ped_Death_Count": 0, "Bike_Death_Count": 0, "Veh_Death_Count": 0, "Ped_Crash_Count": 1, "Bike_Crash_Count": 0, "Veh_Crash_Count": 3, "Total_Crash_Count": 4, "RoadLength": 2639.9999, "Miles": 0.5, "CrashRate": 8.0, "Total_Death_Count": 0, "Shape__Length": 2639.9998777717287 }, "geometry": { "type": "LineString", "coordinates": [ [ -95.4678743320178, 29.818201212186004 ], [ -95.468088265115426, 29.818402238881557 ], [ -95.468653872562754, 29.818928980401814 ], [ -95.468764895119179, 29.819038039956492 ], [ -95.469020535115391, 29.819286157747342 ], [ -95.469171560528153, 29.819433274528361 ], [ -95.469456035796284, 29.819690454024599 ], [ -95.470033079655693, 29.820212121467808 ], [ -95.472298574483133, 29.82228677621401 ], [ -95.473149275793816, 29.823009460322741 ], [ -95.473459432028278, 29.823227780058136 ], [ -95.473653356747107, 29.82342154078853 ] ] } },
{ "type": "Feature", "properties": { "OBJECTID": 356, "Full_Name": "NORTHWEST FWY", "Ped_Death_Count": 1, "Bike_Death_Count": 0, "Veh_Death_Count": 0, "Ped_Crash_Count": 1, "Bike_Crash_Count": 0, "Veh_Crash_Count": 2, "Total_Crash_Count": 3, "RoadLength": 2640.0002, "Miles": 0.5, "CrashRate": 6.0, "Total_Death_Count": 1, "Shape__Length": 2640.0001986935822 }, "geometry": { "type": "LineString", "coordinates": [ [ -95.497203251773811, 29.843813984601358 ], [ -95.498355731445159, 29.84443770281958 ], [ -95.499030771922591, 29.84485774391419 ], [ -95.500317003327183, 29.845569800517083 ], [ -95.501158564151424, 29.846058022768439 ], [ -95.501939411214394, 29.846500330415406 ], [ -95.502721414721478, 29.846943286238872 ], [ -95.504111553937051, 29.84773069332951 ], [ -95.504183883277179, 29.847770836737869 ] ] } },
{ "type": "Feature", "properties": { "OBJECTID": 357, "Full_Name": "NORTHWEST FWY", "Ped_Death_Count": 0, "Bike_Death_Count": 0, "Veh_Death_Count": 0, "Ped_Crash_Count": 1, "Bike_Crash_Count": 0, "Veh_Crash_Count": 2, "Total_Crash_Count": 3, "RoadLength": 2640.0, "Miles": 0.5, "CrashRate": 6.0, "Total_Death_Count": 0, "Shape__Length": 2640.0000011918596 }, "geometry": { "type": "LineString", "coordinates": [ [ -95.506844827396833, 29.850067923796235 ], [ -95.506852174889332, 29.850071999093355 ], [ -95.508956745627231, 29.851239135017678 ], [ -95.509266648252378, 29.851417099247993 ], [ -95.509829088361144, 29.851746135975592 ], [ -95.511953317668471, 29.852942657237147 ], [ -95.513832140650052, 29.854017971176258 ] ] } },
{ "type": "Feature", "properties": { "OBJECTID": 358, "Full_Name": "OLD FARM RD", "Ped_Death_Count": 2, "Bike_Death_Count": 0, "Veh_Death_Count": 0, "Ped_Crash_Count": 3, "Bike_Crash_Count": 1, "Veh_Crash_Count": 0, "Total_Crash_Count": 4, "RoadLength": 2640.0001, "Miles": 0.5, "CrashRate": 8.0, "Total_Death_Count": 2, "Shape__Length": 2640.0001208640988 }, "geometry": { "type": "LineString", "coordinates": [ [ -95.510079339771579, 29.737506099372901 ], [ -95.510083351523036, 29.7375494393889 ], [ -95.510082872367548, 29.738560050332566 ], [ -95.510298369918146, 29.739456999697246 ], [ -95.510586037275374, 29.739967100646101 ], [ -95.510690545286181, 29.740119944006615 ], [ -95.511041422496774, 29.740550913895081 ], [ -95.511383484567162, 29.740960118057743 ], [ -95.512162000598693, 29.74139372944374 ], [ -95.513194608693979, 29.741668618675543 ], [ -95.514048808654223, 29.741736743810378 ], [ -95.514910025504804, 29.741713264979726 ], [ -95.515206511238219, 29.741697771318989 ] ] } },
{ "type": "Feature", "properties": { "OBJECTID": 359, "Full_Name": "OLD SPANISH TRL", "Ped_Death_Count": 1, "Bike_Death_Count": 0, "Veh_Death_Count": 0, "Ped_Crash_Count": 4, "Bike_Crash_Count": 1, "Veh_Crash_Count": 3, "Total_Crash_Count": 8, "RoadLength": 2639.9999, "Miles": 0.5, "CrashRate": 16.0, "Total_Death_Count": 1, "Shape__Length": 2639.999908207159 }, "geometry": { "type": "LineString", "coordinates": [ [ -95.417367121045004, 29.690533054277036 ], [ -95.417013404022455, 29.690910234136037 ], [ -95.416019375597827, 29.691647327068736 ], [ -95.415651267453924, 29.691877887205852 ], [ -95.415535889768719, 29.691950150181299 ], [ -95.415105394253402, 29.692154231573092 ], [ -95.414644057241006, 29.692357486729026 ], [ -95.414434164388268, 29.692422276838297 ], [ -95.413062735555755, 29.692779180934529 ], [ -95.412515519081865, 29.692903185516897 ], [ -95.411644916664741, 29.693108055707508 ], [ -95.411301258488933, 29.693188924667869 ], [ -95.410685868110804, 29.693341289200461 ], [ -95.40997887073955, 29.693516333541538 ] ] } },
{ "type": "Feature", "properties": { "OBJECTID": 360, "Full_Name": "OLD SPANISH TRL", "Ped_Death_Count": 0, "Bike_Death_Count": 0, "Veh_Death_Count": 0, "Ped_Crash_Count": 1, "Bike_Crash_Count": 1, "Veh_Crash_Count": 2, "Total_Crash_Count": 4, "RoadLength": 2640.0002, "Miles": 0.5, "CrashRate": 8.0, "Total_Death_Count": 0, "Shape__Length": 2640.0002195244838 }, "geometry": { "type": "LineString", "coordinates": [ [ -95.393954392961987, 29.697392843943376 ], [ -95.393590307692435, 29.697478544049076 ], [ -95.393031370547192, 29.697610106214256 ], [ -95.392069499370734, 29.69782942976973 ], [ -95.391537397867694, 29.697959022447726 ], [ -95.390613503712913, 29.698153964949118 ], [ -95.389773575875736, 29.698315778158797 ], [ -95.386890398382107, 29.69887835798108 ], [ -95.38586505637322, 29.699068604633133 ] ] } },
{ "type": "Feature", "properties": { "OBJECTID": 361, "Full_Name": "OLD SPANISH TRL", "Ped_Death_Count": 0, "Bike_Death_Count": 0, "Veh_Death_Count": 0, "Ped_Crash_Count": 1, "Bike_Crash_Count": 1, "Veh_Crash_Count": 4, "Total_Crash_Count": 6, "RoadLength": 2640.0, "Miles": 0.5, "CrashRate": 12.0, "Total_Death_Count": 0, "Shape__Length": 2639.9999602116245 }, "geometry": { "type": "LineString", "coordinates": [ [ -95.40997887073955, 29.693516333541538 ], [ -95.409797762038323, 29.693561172762994 ], [ -95.409564331528529, 29.693618967668797 ], [ -95.409188754967332, 29.693710545922027 ], [ -95.409043949246268, 29.693745819822112 ], [ -95.408570907926986, 29.693861052228712 ], [ -95.407997662610228, 29.694005935171568 ], [ -95.404765306461201, 29.694784075673578 ], [ -95.404122554455682, 29.694947834004047 ], [ -95.403086304667994, 29.695172381035583 ], [ -95.401966542753541, 29.695456597034273 ] ] } },
{ "type": "Feature", "properties": { "OBJECTID": 362, "Full_Name": "OLD SPANISH TRL", "Ped_Death_Count": 0, "Bike_Death_Count": 0, "Veh_Death_Count": 0, "Ped_Crash_Count": 1, "Bike_Crash_Count": 0, "Veh_Crash_Count": 9, "Total_Crash_Count": 10, "RoadLength": 2639.9999, "Miles": 0.5, "CrashRate": 20.0, "Total_Death_Count": 0, "Shape__Length": 2639.9998904280633 }, "geometry": { "type": "LineString", "coordinates": [ [ -95.355105994375762, 29.702542094482002 ], [ -95.354894306203136, 29.70255333202962 ], [ -95.353974974842785, 29.702616878667687 ], [ -95.353503680119303, 29.702666449855535 ], [ -95.353178347845471, 29.702703460742008 ], [ -95.352638250783386, 29.702784883175934 ], [ -95.352519244577508, 29.702808634857487 ], [ -95.352217691848878, 29.7028688185062 ], [ -95.351955722334068, 29.702927443033722 ], [ -95.351898832871228, 29.702940174671923 ], [ -95.350930255830733, 29.703245316662645 ], [ -95.350214098148982, 29.703510173344146 ], [ -95.349715443642197, 29.703704717877958 ], [ -95.348656783729112, 29.704093647984227 ], [ -95.347229847853427, 29.704661379798711 ] ] } },
{ "type": "Feature", "properties": { "OBJECTID": 363, "Full_Name": "OLD SPANISH TRL", "Ped_Death_Count": 2, "Bike_Death_Count": 1, "Veh_Death_Count": 0, "Ped_Crash_Count": 5, "Bike_Crash_Count": 1, "Veh_Crash_Count": 4, "Total_Crash_Count": 10, "RoadLength": 2640.0001, "Miles": 0.5, "CrashRate": 20.0, "Total_Death_Count": 3, "Shape__Length": 2640.0000692695967 }, "geometry": { "type": "LineString", "coordinates": [ [ -95.363402906818209, 29.702057378688462 ], [ -95.363253554688015, 29.702066001920844 ], [ -95.362205777647347, 29.702126490270029 ], [ -95.361297034364767, 29.702178945691855 ], [ -95.360316560795255, 29.702252039609334 ], [ -95.359441531086219, 29.702296045183434 ], [ -95.35853985925597, 29.70235262706753 ], [ -95.358140238904369, 29.702387483639541 ], [ -95.357317812761238, 29.702424655408393 ], [ -95.355105994375762, 29.702542094482002 ] ] } },
{ "type": "Feature", "properties": { "OBJECTID": 364, "Full_Name": "OLD WESTHEIMER RD", "Ped_Death_Count": 0, "Bike_Death_Count": 0, "Veh_Death_Count": 0, "Ped_Crash_Count": 1, "Bike_Crash_Count": 0, "Veh_Crash_Count": 2, "Total_Crash_Count": 3, "RoadLength": 2640.0001, "Miles": 0.5, "CrashRate": 6.0, "Total_Death_Count": 0, "Shape__Length": 2640.0001195436066 }, "geometry": { "type": "LineString", "coordinates": [ [ -95.59260505324886, 29.736377983631279 ], [ -95.592578864815422, 29.735435498759355 ], [ -95.592562128984511, 29.734387331477606 ], [ -95.592556457013686, 29.733730842641226 ], [ -95.592507790718784, 29.73167626909305 ], [ -95.592501948043747, 29.73112816315296 ], [ -95.592498179064364, 29.730724625975771 ], [ -95.592482306866216, 29.729857122855321 ], [ -95.592473910710126, 29.729118929823844 ] ] } },
{ "type": "Feature", "properties": { "OBJECTID": 365, "Full_Name": "ORANGE ST", "Ped_Death_Count": 1, "Bike_Death_Count": 0, "Veh_Death_Count": 0, "Ped_Crash_Count": 1, "Bike_Crash_Count": 0, "Veh_Crash_Count": 1, "Total_Crash_Count": 2, "RoadLength": 1853.3446, "Miles": 0.351, "CrashRate": 5.7, "Total_Death_Count": 1, "Shape__Length": 1853.3445690166614 }, "geometry": { "type": "LineString", "coordinates": [ [ -95.339346912107445, 29.77373618430649 ], [ -95.339351886512148, 29.77402901460691 ], [ -95.33886137581402, 29.774202824419461 ], [ -95.338643608276342, 29.774203978120156 ], [ -95.337681349486672, 29.774218797988706 ], [ -95.336686273578763, 29.774235662014515 ], [ -95.33579842999255, 29.774255452463009 ], [ -95.335052812205035, 29.774270862698749 ], [ -95.334355491842899, 29.774260048468548 ], [ -95.333885750641628, 29.774241687182727 ] ] } },
{ "type": "Feature", "properties": { "OBJECTID": 366, "Full_Name": "ORLANDO ST", "Ped_Death_Count": 0, "Bike_Death_Count": 0, "Veh_Death_Count": 0, "Ped_Crash_Count": 1, "Bike_Crash_Count": 0, "Veh_Crash_Count": 2, "Total_Crash_Count": 3, "RoadLength": 1611.6614, "Miles": 0.3052, "CrashRate": 9.83, "Total_Death_Count": 0, "Shape__Length": 1611.6614223664153 }, "geometry": { "type": "LineString", "coordinates": [ [ -95.338450051600688, 29.864927932601969 ], [ -95.335242675145679, 29.864974152735513 ], [ -95.334622135201641, 29.864976312785487 ], [ -95.33449720905034, 29.864964704795185 ], [ -95.334391750229358, 29.86493450881769 ], [ -95.334296176441342, 29.8648909276538 ], [ -95.334190523140521, 29.864832114096963 ], [ -95.333838115114119, 29.864704709790974 ], [ -95.333459012831, 29.86458023870178 ] ] } },
{ "type": "Feature", "properties": { "OBJECTID": 367, "Full_Name": "OXFORD ST", "Ped_Death_Count": 1, "Bike_Death_Count": 0, "Veh_Death_Count": 0, "Ped_Crash_Count": 1, "Bike_Crash_Count": 0, "Veh_Crash_Count": 2, "Total_Crash_Count": 3, "RoadLength": 2447.4086, "Miles": 0.4635, "CrashRate": 6.47, "Total_Death_Count": 1, "Shape__Length": 2447.4086012306802 }, "geometry": { "type": "LineString", "coordinates": [ [ -95.392844764560678, 29.828545075436764 ], [ -95.392832984190449, 29.829088079104995 ], [ -95.392834056092227, 29.829143244067279 ], [ -95.392848214287028, 29.830006062050778 ], [ -95.392865314868089, 29.830592380326699 ], [ -95.392879878463575, 29.831768617877984 ], [ -95.392882917877799, 29.832239913938253 ], [ -95.392868643200373, 29.83241774214132 ], [ -95.392797316220708, 29.832631264163417 ], [ -95.39270431434862, 29.832781651792999 ], [ -95.392566473159647, 29.832960266430749 ], [ -95.392454285757381, 29.833120074035588 ], [ -95.392362812895669, 29.833326309293323 ], [ -95.392322931021823, 29.833486917500348 ], [ -95.392302679686324, 29.833650348347714 ], [ -95.39231852575243, 29.834020006526824 ], [ -95.392325849178349, 29.83470477133217 ], [ -95.392298967876087, 29.834832475935542 ], [ -95.392244196125844, 29.834930763180939 ], [ -95.392192984045352, 29.835002771899443 ], [ -95.392102856059608, 29.835109347279499 ] ] } },
{ "type": "Feature", "properties": { "OBJECTID": 368, "Full_Name": "PARK PLACE BLVD", "Ped_Death_Count": 1, "Bike_Death_Count": 1, "Veh_Death_Count": 0, "Ped_Crash_Count": 2, "Bike_Crash_Count": 1, "Veh_Crash_Count": 1, "Total_Crash_Count": 4, "RoadLength": 2640.0001, "Miles": 0.5, "CrashRate": 8.0, "Total_Death_Count": 2, "Shape__Length": 2640.0001407107275 }, "geometry": { "type": "LineString", "coordinates": [ [ -95.296309706067674, 29.685148996810028 ], [ -95.29579872537883, 29.685142635304139 ], [ -95.295404827325441, 29.685153356146806 ], [ -95.295204529698665, 29.685154715227611 ], [ -95.292994912218106, 29.68522253513331 ], [ -95.290915391485385, 29.685253347944325 ], [ -95.290355565730096, 29.685272833595292 ], [ -95.289266262705127, 29.685300750373305 ], [ -95.288903485221482, 29.685305653559041 ], [ -95.287998384609381, 29.685330631393136 ] ] } },
{ "type": "Feature", "properties": { "OBJECTID": 369, "Full_Name": "PARK PLACE BLVD", "Ped_Death_Count": 0, "Bike_Death_Count": 0, "Veh_Death_Count": 0, "Ped_Crash_Count": 1, "Bike_Crash_Count": 1, "Veh_Crash_Count": 1, "Total_Crash_Count": 3, "RoadLength": 2639.9999, "Miles": 0.5, "CrashRate": 6.0, "Total_Death_Count": 0, "Shape__Length": 2639.9998698030217 }, "geometry": { "type": "LineString", "coordinates": [ [ -95.287998384609381, 29.685330631393136 ], [ -95.286934086732231, 29.685359994285488 ], [ -95.284327142445804, 29.685403879038848 ], [ -95.283489800262331, 29.685424627099575 ], [ -95.282348101785345, 29.6854436907254 ], [ -95.281701435735229, 29.68545448231875 ], [ -95.280291611490981, 29.685486041830966 ], [ -95.279685899064077, 29.685491281419765 ] ] } },
{ "type": "Feature", "properties": { "OBJECTID": 370, "Full_Name": "PATTON ST", "Ped_Death_Count": 0, "Bike_Death_Count": 0, "Veh_Death_Count": 1, "Ped_Crash_Count": 2, "Bike_Crash_Count": 0, "Veh_Crash_Count": 3, "Total_Crash_Count": 5, "RoadLength": 2640.0001, "Miles": 0.5, "CrashRate": 10.0, "Total_Death_Count": 1, "Shape__Length": 2640.0001171993731 }, "geometry": { "type": "LineString", "coordinates": [ [ -95.372131563366466, 29.79813048472684 ], [ -95.371875712719842, 29.798132349240738 ], [ -95.371713649462649, 29.798133530296763 ], [ -95.371583715834916, 29.798134476907641 ], [ -95.371346395281321, 29.798136206519491 ], [ -95.370904359623196, 29.798144293251315 ], [ -95.370299360263246, 29.798143059972237 ], [ -95.367929515826447, 29.798182182149048 ], [ -95.367486647284707, 29.798191196388967 ], [ -95.366592006418102, 29.798203701308598 ], [ -95.365672597699373, 29.798219583487867 ], [ -95.364740705493148, 29.798227701882858 ], [ -95.363812929491317, 29.798239633582057 ], [ -95.363808827467835, 29.798239707354163 ] ] } },
{ "type": "Feature", "properties": { "OBJECTID": 371, "Full_Name": "PEACHTREE ST", "Ped_Death_Count": 0, "Bike_Death_Count": 0, "Veh_Death_Count": 0, "Ped_Crash_Count": 1, "Bike_Crash_Count": 0, "Veh_Crash_Count": 2, "Total_Crash_Count": 3, "RoadLength": 1579.1594, "Miles": 0.2991, "CrashRate": 10.03, "Total_Death_Count": 0, "Shape__Length": 1579.1593722079085 }, "geometry": { "type": "LineString", "coordinates": [ [ -95.316372548092303, 29.856742114260975 ], [ -95.316375927165979, 29.857044098616893 ], [ -95.316382942796523, 29.857925800851532 ], [ -95.316397838443137, 29.85885857652497 ], [ -95.316399995109748, 29.85974014481036 ], [ -95.316415666505648, 29.860353864439034 ], [ -95.316414690551468, 29.860517376600864 ], [ -95.316396321993139, 29.860715208353756 ], [ -95.316302965273934, 29.860913014348114 ], [ -95.31620320125181, 29.861040913507654 ] ] } },
{ "type": "Feature", "properties": { "OBJECTID": 372, "Full_Name": "PEDEN ST", "Ped_Death_Count": 0, "Bike_Death_Count": 0, "Veh_Death_Count": 0, "Ped_Crash_Count": 1, "Bike_Crash_Count": 0, "Veh_Crash_Count": 2, "Total_Crash_Count": 3, "RoadLength": 1563.1844, "Miles": 0.2961, "CrashRate": 10.13, "Total_Death_Count": 0, "Shape__Length": 1563.1843500230441 }, "geometry": { "type": "LineString", "coordinates": [ [ -95.393004067922433, 29.752508139533809 ], [ -95.393697150313969, 29.752495384327425 ], [ -95.395885996342074, 29.752459752947019 ], [ -95.397215891848219, 29.752427385791986 ], [ -95.397929208997525, 29.752410019391615 ] ] } },
{ "type": "Feature", "properties": { "OBJECTID": 373, "Full_Name": "PIERCE ST", "Ped_Death_Count": 0, "Bike_Death_Count": 0, "Veh_Death_Count": 0, "Ped_Crash_Count": 1, "Bike_Crash_Count": 0, "Veh_Crash_Count": 7, "Total_Crash_Count": 8, "RoadLength": 2640.0001, "Miles": 0.5, "CrashRate": 16.0, "Total_Death_Count": 0, "Shape__Length": 2640.0000663941182 }, "geometry": { "type": "LineString", "coordinates": [ [ -95.37865982051305, 29.753917397872268 ], [ -95.378174264038435, 29.753913729009891 ], [ -95.377913171592255, 29.753774012610236 ], [ -95.377657429044135, 29.753602834360443 ], [ -95.376834876290133, 29.753115808371764 ], [ -95.376780060675117, 29.753071205691612 ], [ -95.375983940612755, 29.752599035562842 ], [ -95.375136850228813, 29.752069597362706 ], [ -95.374283085487065, 29.751573990805237 ], [ -95.374058106510688, 29.751449736987908 ], [ -95.373749372431263, 29.751279225367732 ], [ -95.373405853852432, 29.751089501477161 ], [ -95.372581195815968, 29.750532024370152 ], [ -95.371731713844412, 29.75003062128831 ] ] } },
{ "type": "Feature", "properties": { "OBJECTID": 374, "Full_Name": "PIERCE ST", "Ped_Death_Count": 0, "Bike_Death_Count": 0, "Veh_Death_Count": 0, "Ped_Crash_Count": 3, "Bike_Crash_Count": 0, "Veh_Crash_Count": 10, "Total_Crash_Count": 13, "RoadLength": 2639.9999, "Miles": 0.5, "CrashRate": 26.0, "Total_Death_Count": 0, "Shape__Length": 2639.9998832608517 }, "geometry": { "type": "LineString", "coordinates": [ [ -95.371731713844412, 29.75003062128831 ], [ -95.371713450292091, 29.750019840796327 ], [ -95.3708172277328, 29.749482884286923 ], [ -95.369978329107227, 29.748949833256123 ], [ -95.369255517912919, 29.748526100893777 ], [ -95.369114276344845, 29.748435708177244 ], [ -95.368235482807776, 29.747924006607608 ], [ -95.367392873978289, 29.747401257398845 ], [ -95.366534790560408, 29.746881438138761 ], [ -95.365668742645013, 29.746372037706607 ], [ -95.364881813965695, 29.745911401074384 ] ] } },
{ "type": "Feature", "properties": { "OBJECTID": 375, "Full_Name": "POLK ST", "Ped_Death_Count": 0, "Bike_Death_Count": 0, "Veh_Death_Count": 0, "Ped_Crash_Count": 1, "Bike_Crash_Count": 0, "Veh_Crash_Count": 2, "Total_Crash_Count": 3, "RoadLength": 2639.9999, "Miles": 0.5, "CrashRate": 6.0, "Total_Death_Count": 0, "Shape__Length": 2639.9999423119752 }, "geometry": { "type": "LineString", "coordinates": [ [ -95.372194704349099, 29.756776589464856 ], [ -95.371558547685353, 29.756560562433386 ], [ -95.371176077596147, 29.75649995227349 ], [ -95.370756629823987, 29.756495768021892 ], [ -95.370355175184514, 29.756511708298412 ], [ -95.370163665363734, 29.756515010863787 ], [ -95.369882369684689, 29.756488990213416 ], [ -95.369637048582291, 29.756431217473171 ], [ -95.369279313409379, 29.756292058444124 ], [ -95.368985757040733, 29.756103636919423 ], [ -95.368426431851262, 29.755758684297135 ], [ -95.367581312165555, 29.755250482627154 ], [ -95.366697353855429, 29.75471896957588 ], [ -95.365818828058522, 29.754186333075396 ], [ -95.364962916439367, 29.753658178267933 ], [ -95.364929714168881, 29.753638506483291 ] ] } },
{ "type": "Feature", "properties": { "OBJECTID": 376, "Full_Name": "POST OAK BLVD", "Ped_Death_Count": 0, "Bike_Death_Count": 0, "Veh_Death_Count": 0, "Ped_Crash_Count": 2, "Bike_Crash_Count": 1, "Veh_Crash_Count": 0, "Total_Crash_Count": 3, "RoadLength": 2640.0001, "Miles": 0.5, "CrashRate": 6.0, "Total_Death_Count": 0, "Shape__Length": 2640.0000522498822 }, "geometry": { "type": "LineString", "coordinates": [ [ -95.461108540312125, 29.745772801895001 ], [ -95.461075983895014, 29.745171684333258 ], [ -95.461074192350083, 29.744940305335266 ], [ -95.461069115807817, 29.744237605474954 ], [ -95.461071781130002, 29.743877825001764 ], [ -95.461077617199592, 29.743286204330051 ], [ -95.461068349079142, 29.742994655713083 ], [ -95.461060179345324, 29.742577983778705 ], [ -95.461047488228274, 29.741930599760835 ], [ -95.460944884180066, 29.741090562852296 ], [ -95.460900128900008, 29.740840727678687 ], [ -95.460830932439819, 29.740610967120087 ], [ -95.460716980674533, 29.740131373003994 ], [ -95.460687668010337, 29.739436443637778 ], [ -95.460675439478237, 29.738540066079775 ] ] } },
{ "type": "Feature", "properties": { "OBJECTID": 377, "Full_Name": "PRESSLER ST", "Ped_Death_Count": 0, "Bike_Death_Count": 0, "Veh_Death_Count": 1, "Ped_Crash_Count": 1, "Bike_Crash_Count": 0, "Veh_Crash_Count": 2, "Total_Crash_Count": 3, "RoadLength": 2640.0, "Miles": 0.5, "CrashRate": 6.0, "Total_Death_Count": 1, "Shape__Length": 2639.9999867131751 }, "geometry": { "type": "LineString", "coordinates": [ [ -95.395700818562347, 29.704190825720207 ], [ -95.396089878182678, 29.704357828877718 ], [ -95.396299298163953, 29.704369570061015 ], [ -95.396634713347837, 29.704378595409874 ], [ -95.397445733966222, 29.704388201696887 ], [ -95.398501115110051, 29.704410482314852 ], [ -95.398976719567472, 29.704411058629624 ], [ -95.39927106962331, 29.704394549528068 ], [ -95.399467805823633, 29.70436930702553 ], [ -95.400383110075182, 29.704198511696593 ], [ -95.40187700028315, 29.703906452159629 ], [ -95.402841789338567, 29.703696270076133 ], [ -95.403815835809084, 29.703494235334631 ], [ -95.40385385779166, 29.703488368957039 ] ] } },
{ "type": "Feature", "properties": { "OBJECTID": 378, "Full_Name": "PRESTON ST", "Ped_Death_Count": 0, "Bike_Death_Count": 0, "Veh_Death_Count": 0, "Ped_Crash_Count": 2, "Bike_Crash_Count": 0, "Veh_Crash_Count": 0, "Total_Crash_Count": 2, "RoadLength": 1946.2156, "Miles": 0.3686, "CrashRate": 5.43, "Total_Death_Count": 0, "Shape__Length": 1946.215561073577 }, "geometry": { "type": "LineString", "coordinates": [ [ -95.353590876462974, 29.756831765770848 ], [ -95.353050445780596, 29.75650719021904 ], [ -95.352876886012538, 29.75640295113314 ], [ -95.352715875797273, 29.756306249514477 ], [ -95.351877824805115, 29.755803427170257 ], [ -95.351040974736364, 29.755302916658909 ], [ -95.35101901259992, 29.755274069428879 ], [ -95.350178138370055, 29.754790706338145 ], [ -95.349330606439963, 29.754274422668548 ], [ -95.348478962602854, 29.753888481903594 ] ] } },
{ "type": "Feature", "properties": { "OBJECTID": 379, "Full_Name": "QUITMAN ST", "Ped_Death_Count": 1, "Bike_Death_Count": 0, "Veh_Death_Count": 0, "Ped_Crash_Count": 3, "Bike_Crash_Count": 0, "Veh_Crash_Count": 3, "Total_Crash_Count": 6, "RoadLength": 2293.6761, "Miles": 0.4344, "CrashRate": 13.81, "Total_Death_Count": 1, "Shape__Length": 2293.676059177641 }, "geometry": { "type": "LineString", "coordinates": [ [ -95.345255758345886, 29.783509149468792 ], [ -95.345050186205157, 29.783511022176921 ], [ -95.344976339279683, 29.783511306508025 ], [ -95.343970300280233, 29.783507990823942 ], [ -95.342912294051658, 29.783514187214937 ], [ -95.342809957866095, 29.783522212350899 ], [ -95.342708959330281, 29.783523753947666 ], [ -95.341890472687481, 29.783524551115672 ], [ -95.341377983029687, 29.783550795917662 ], [ -95.340834403882027, 29.783619256227912 ], [ -95.340370542445655, 29.783733083729324 ], [ -95.340200343101557, 29.783779246523633 ], [ -95.34008816874173, 29.783809670537796 ], [ -95.339648764499231, 29.783928848285832 ], [ -95.3393096162294, 29.784020832308642 ], [ -95.339069758408115, 29.784159408112277 ], [ -95.338849301958419, 29.784302783998555 ], [ -95.338607011608048, 29.784495214304165 ], [ -95.338349543540772, 29.784659926541543 ] ] } },
{ "type": "Feature", "properties": { "OBJECTID": 380, "Full_Name": "RAMPART ST", "Ped_Death_Count": 1, "Bike_Death_Count": 0, "Veh_Death_Count": 0, "Ped_Crash_Count": 3, "Bike_Crash_Count": 0, "Veh_Crash_Count": 1, "Total_Crash_Count": 4, "RoadLength": 2640.0001, "Miles": 0.5, "CrashRate": 8.0, "Total_Death_Count": 1, "Shape__Length": 2640.000065606936 }, "geometry": { "type": "LineString", "coordinates": [ [ -95.488768311285938, 29.70151683009621 ], [ -95.488767972309944, 29.701499663586159 ], [ -95.488732529183338, 29.700514645940988 ], [ -95.488727791660011, 29.700024257483918 ], [ -95.488724687360914, 29.699563996313188 ], [ -95.488721649848173, 29.699113516183065 ], [ -95.488740157500104, 29.698229694512342 ], [ -95.488719741820262, 29.697029998313653 ], [ -95.488709939639179, 29.696679817616275 ], [ -95.488685635743664, 29.695811498814919 ], [ -95.488668130977373, 29.695186025846219 ], [ -95.488651347739165, 29.694586379477705 ], [ -95.488650268906724, 29.69425822097201 ] ] } },
{ "type": "Feature", "properties": { "OBJECTID": 381, "Full_Name": "RANCHESTER DR", "Ped_Death_Count": 0, "Bike_Death_Count": 0, "Veh_Death_Count": 0, "Ped_Crash_Count": 3, "Bike_Crash_Count": 0, "Veh_Crash_Count": 3, "Total_Crash_Count": 6, "RoadLength": 2639.9999, "Miles": 0.5, "CrashRate": 12.0, "Total_Death_Count": 0, "Shape__Length": 2639.9999212180214 }, "geometry": { "type": "LineString", "coordinates": [ [ -95.548854380496152, 29.718796417865594 ], [ -95.548855308960739, 29.718628603171378 ], [ -95.548817080833572, 29.717232742076369 ], [ -95.548762132956696, 29.716793347800703 ], [ -95.548723567935596, 29.716579075817769 ], [ -95.54865371763006, 29.716386849677651 ], [ -95.548540059785466, 29.716053144742158 ], [ -95.548429357625793, 29.715808242197959 ], [ -95.548340610539952, 29.715633582476926 ], [ -95.54824394966478, 29.7154736131261 ], [ -95.548169605707457, 29.71535565794176 ], [ -95.547944961078429, 29.715049411504864 ], [ -95.54779923866009, 29.714866220662675 ], [ -95.547499017696225, 29.714565825084275 ], [ -95.547447726632527, 29.714509353689316 ], [ -95.547347876565425, 29.714413895820009 ], [ -95.547244901327829, 29.714312553355022 ], [ -95.546818632002328, 29.713938734815542 ], [ -95.546456371080737, 29.713540444774136 ], [ -95.546000099092183, 29.712888834151936 ], [ -95.545771315748055, 29.712339667482993 ], [ -95.545767237124863, 29.712328926521529 ] ] } },
{ "type": "Feature", "properties": { "OBJECTID": 382, "Full_Name": "RANCHESTER DR", "Ped_Death_Count": 1, "Bike_Death_Count": 0, "Veh_Death_Count": 2, "Ped_Crash_Count": 2, "Bike_Crash_Count": 0, "Veh_Crash_Count": 3, "Total_Crash_Count": 5, "RoadLength": 2640.0002, "Miles": 0.5, "CrashRate": 10.0, "Total_Death_Count": 3, "Shape__Length": 2640.0002357433104 }, "geometry": { "type": "LineString", "coordinates": [ [ -95.545767237124863, 29.712328926521529 ], [ -95.545687639009984, 29.71211929418579 ], [ -95.545553044659442, 29.711543378410454 ], [ -95.545524304748227, 29.711017267019972 ], [ -95.545507927529016, 29.710175091827349 ], [ -95.545497558539608, 29.709918263177176 ], [ -95.545478295479015, 29.708854310081794 ], [ -95.54543703511311, 29.708486965271156 ], [ -95.545346169679291, 29.708072555452052 ], [ -95.545317686945168, 29.707659753779776 ], [ -95.545312649171819, 29.707185290118371 ], [ -95.545300806329294, 29.706455830595488 ], [ -95.545298663476402, 29.706176912359386 ], [ -95.545296180415036, 29.705853548425598 ], [ -95.545293373897152, 29.70565090495219 ], [ -95.545294127961725, 29.705103050647029 ] ] } },
{ "type": "Feature", "properties": { "OBJECTID": 383, "Full_Name": "REED RD", "Ped_Death_Count": 1, "Bike_Death_Count": 0, "Veh_Death_Count": 0, "Ped_Crash_Count": 3, "Bike_Crash_Count": 0, "Veh_Crash_Count": 1, "Total_Crash_Count": 4, "RoadLength": 2640.0, "Miles": 0.5, "CrashRate": 8.0, "Total_Death_Count": 1, "Shape__Length": 2639.9999748244709 }, "geometry": { "type": "LineString", "coordinates": [ [ -95.385460421455733, 29.657811707903889 ], [ -95.385416464658164, 29.657814089259354 ], [ -95.383688482623739, 29.657906111384012 ], [ -95.380910885759391, 29.658018745900527 ], [ -95.378722374532188, 29.658062210457057 ], [ -95.377155446294751, 29.65810005363906 ] ] } },
{ "type": "Feature", "properties": { "OBJECTID": 384, "Full_Name": "REED RD", "Ped_Death_Count": 0, "Bike_Death_Count": 0, "Veh_Death_Count": 0, "Ped_Crash_Count": 1, "Bike_Crash_Count": 0, "Veh_Crash_Count": 2, "Total_Crash_Count": 3, "RoadLength": 2640.0001, "Miles": 0.5, "CrashRate": 6.0, "Total_Death_Count": 0, "Shape__Length": 2640.0000508150715 }, "geometry": { "type": "LineString", "coordinates": [ [ -95.39376750232546, 29.657570407041494 ], [ -95.393123183859032, 29.657581354323266 ], [ -95.392902568436099, 29.657584783001834 ], [ -95.391220639791669, 29.657625401833307 ], [ -95.387945503339296, 29.657699119305022 ], [ -95.387502608693708, 29.65771638913354 ], [ -95.386983654352719, 29.65773662259312 ], [ -95.386493090193753, 29.657755747372111 ], [ -95.385460421455733, 29.657811707903889 ] ] } },
{ "type": "Feature", "properties": { "OBJECTID": 385, "Full_Name": "REED RD", "Ped_Death_Count": 1, "Bike_Death_Count": 0, "Veh_Death_Count": 0, "Ped_Crash_Count": 2, "Bike_Crash_Count": 0, "Veh_Crash_Count": 1, "Total_Crash_Count": 3, "RoadLength": 2639.9999, "Miles": 0.5, "CrashRate": 6.0, "Total_Death_Count": 1, "Shape__Length": 2639.9999117003331 }, "geometry": { "type": "LineString", "coordinates": [ [ -95.368845242191171, 29.658237564787449 ], [ -95.368690199116628, 29.658240114591074 ], [ -95.36801325116177, 29.658259849346457 ], [ -95.365899861020253, 29.658290936304631 ], [ -95.364906547699647, 29.658317905548653 ], [ -95.364428444666302, 29.658310165789551 ], [ -95.361820410562913, 29.658344077288092 ], [ -95.360534403513086, 29.658354707758146 ] ] } },
{ "type": "Feature", "properties": { "OBJECTID": 386, "Full_Name": "REED RD", "Ped_Death_Count": 1, "Bike_Death_Count": 0, "Veh_Death_Count": 0, "Ped_Crash_Count": 2, "Bike_Crash_Count": 0, "Veh_Crash_Count": 2, "Total_Crash_Count": 4, "RoadLength": 2640.0002, "Miles": 0.5, "CrashRate": 8.0, "Total_Death_Count": 1, "Shape__Length": 2640.0001554892797 }, "geometry": { "type": "LineString", "coordinates": [ [ -95.377155446294751, 29.65810005363906 ], [ -95.376306757010198, 29.65812054305913 ], [ -95.375489013201999, 29.658141572561426 ], [ -95.372466942746087, 29.658219244879835 ], [ -95.371984886934456, 29.658219923812819 ], [ -95.370921275093465, 29.658224425642654 ], [ -95.370293702561, 29.658235984448069 ], [ -95.369816986687539, 29.658231078220911 ], [ -95.369216744964206, 29.658231453150687 ], [ -95.368845242191171, 29.658237564787449 ] ] } },
{ "type": "Feature", "properties": { "OBJECTID": 387, "Full_Name": "REED RD", "Ped_Death_Count": 2, "Bike_Death_Count": 0, "Veh_Death_Count": 0, "Ped_Crash_Count": 2, "Bike_Crash_Count": 0, "Veh_Crash_Count": 3, "Total_Crash_Count": 5, "RoadLength": 2639.9999, "Miles": 0.5, "CrashRate": 10.0, "Total_Death_Count": 2, "Shape__Length": 2639.9998682272912 }, "geometry": { "type": "LineString", "coordinates": [ [ -95.343912342496608, 29.658549605247401 ], [ -95.343086579575186, 29.658559967081214 ], [ -95.341542442577108, 29.658575759807867 ], [ -95.340286060993805, 29.658589737198486 ], [ -95.339771347086355, 29.65859499141397 ], [ -95.337811984255168, 29.658618714160461 ], [ -95.337307979938203, 29.658633917108371 ], [ -95.336513069294639, 29.658622730011032 ], [ -95.335600922017974, 29.658636398266939 ] ] } },
{ "type": "Feature", "properties": { "OBJECTID": 388, "Full_Name": "REINERMAN ST", "Ped_Death_Count": 0, "Bike_Death_Count": 0, "Veh_Death_Count": 0, "Ped_Crash_Count": 3, "Bike_Crash_Count": 0, "Veh_Crash_Count": 0, "Total_Crash_Count": 3, "RoadLength": 2640.0001, "Miles": 0.5, "CrashRate": 6.0, "Total_Death_Count": 0, "Shape__Length": 2640.0001234195483 }, "geometry": { "type": "LineString", "coordinates": [ [ -95.413376739487404, 29.763430191393155 ], [ -95.413386916325862, 29.763750922596429 ], [ -95.413407313915002, 29.765021117664467 ], [ -95.413413917564682, 29.765286618028838 ], [ -95.413351292603821, 29.765335259443198 ], [ -95.413347120291931, 29.766009884785841 ], [ -95.413363862652901, 29.766632571406859 ], [ -95.413358205738731, 29.766746080427605 ], [ -95.413381156035641, 29.767462716123244 ], [ -95.413383411617261, 29.767931998643839 ], [ -95.413383677386364, 29.768191170350537 ], [ -95.413392220251481, 29.768570595770829 ], [ -95.413379988066964, 29.768945777781152 ], [ -95.413403741069629, 29.769057825351425 ], [ -95.413403858636158, 29.769662123516305 ], [ -95.413417318407184, 29.77042824168954 ], [ -95.413419860526048, 29.770487826174534 ], [ -95.413425895377586, 29.77066246696473 ] ] } },
{ "type": "Feature", "properties": { "OBJECTID": 389, "Full_Name": "RENWICK DR", "Ped_Death_Count": 0, "Bike_Death_Count": 0, "Veh_Death_Count": 0, "Ped_Crash_Count": 2, "Bike_Crash_Count": 0, "Veh_Crash_Count": 2, "Total_Crash_Count": 4, "RoadLength": 1354.7951, "Miles": 0.2566, "CrashRate": 15.59, "Total_Death_Count": 0, "Shape__Length": 1354.7951310935173 }, "geometry": { "type": "LineString", "coordinates": [ [ -95.484277768928081, 29.724287689533615 ], [ -95.484299699821548, 29.724214789574862 ], [ -95.484343529951389, 29.724069095326051 ], [ -95.484348374366334, 29.724052992857018 ], [ -95.484362275678521, 29.724010180433211 ], [ -95.484417780823449, 29.72383922145562 ], [ -95.484528840840241, 29.723537181025183 ], [ -95.484663463843049, 29.723087028597309 ], [ -95.484817686913146, 29.722382191767657 ], [ -95.484843374759251, 29.722014179055638 ], [ -95.484861802978699, 29.721789760518725 ], [ -95.484858284742046, 29.721277457419621 ], [ -95.484853787267156, 29.720622605688277 ] ] } },
{ "type": "Feature", "properties": { "OBJECTID": 390, "Full_Name": "RENWICK DR", "Ped_Death_Count": 0, "Bike_Death_Count": 0, "Veh_Death_Count": 0, "Ped_Crash_Count": 2, "Bike_Crash_Count": 0, "Veh_Crash_Count": 2, "Total_Crash_Count": 4, "RoadLength": 2640.0002, "Miles": 0.5, "CrashRate": 8.0, "Total_Death_Count": 0, "Shape__Length": 2640.000242470901 }, "geometry": { "type": "LineString", "coordinates": [ [ -95.484853787267156, 29.720622605688277 ], [ -95.484851046335848, 29.720223560159234 ], [ -95.484849859665005, 29.720050855846793 ], [ -95.4848311548879, 29.718678522121223 ], [ -95.484813973019925, 29.717417954227898 ], [ -95.484810591138015, 29.71716989221666 ], [ -95.484805237412232, 29.716777089067744 ], [ -95.484800416498473, 29.716423368359418 ], [ -95.484791222295001, 29.715439099364698 ], [ -95.484784245221462, 29.714692006457906 ], [ -95.484782994000867, 29.714558168321485 ], [ -95.484775352775941, 29.713739965036133 ], [ -95.484771832528622, 29.71336286882552 ] ] } },
{ "type": "Feature", "properties": { "OBJECTID": 391, "Full_Name": "REVEILLE ST", "Ped_Death_Count": 0, "Bike_Death_Count": 1, "Veh_Death_Count": 0, "Ped_Crash_Count": 1, "Bike_Crash_Count": 2, "Veh_Crash_Count": 3, "Total_Crash_Count": 6, "RoadLength": 2639.9999, "Miles": 0.5, "CrashRate": 12.0, "Total_Death_Count": 1, "Shape__Length": 2639.9999377848144 }, "geometry": { "type": "LineString", "coordinates": [ [ -95.290404994696914, 29.687429225413126 ], [ -95.290399668878763, 29.687075469108315 ], [ -95.290355565730096, 29.685272833595292 ], [ -95.290327298370826, 29.684418587201748 ], [ -95.290319430881041, 29.684317542597686 ], [ -95.290285590469352, 29.683589079628312 ], [ -95.290252423794001, 29.682773813060233 ], [ -95.290201963730112, 29.681939309830877 ], [ -95.290084646841919, 29.681117820483511 ], [ -95.289890795189208, 29.68028002757266 ], [ -95.289872838025062, 29.680197127429047 ] ] } },
{ "type": "Feature", "properties": { "OBJECTID": 392, "Full_Name": "REVEILLE ST", "Ped_Death_Count": 0, "Bike_Death_Count": 0, "Veh_Death_Count": 0, "Ped_Crash_Count": 2, "Bike_Crash_Count": 0, "Veh_Crash_Count": 4, "Total_Crash_Count": 6, "RoadLength": 2640.0002, "Miles": 0.5, "CrashRate": 12.0, "Total_Death_Count": 0, "Shape__Length": 2640.0001801508579 }, "geometry": { "type": "LineString", "coordinates": [ [ -95.291332769093913, 29.694586389430736 ], [ -95.291091790512553, 29.693961388838062 ], [ -95.290787861265954, 29.69322359348768 ], [ -95.290589836936022, 29.692399520614622 ], [ -95.290510294346063, 29.691403429293413 ], [ -95.290498592787017, 29.690605458302052 ], [ -95.290487893811317, 29.689779874157779 ], [ -95.290470525701366, 29.68889593669741 ], [ -95.290460495626618, 29.688707872234655 ], [ -95.290450253993953, 29.688337177853342 ], [ -95.290412282536806, 29.687913287987129 ], [ -95.290404994696914, 29.687429225413126 ] ] } },
{ "type": "Feature", "properties": { "OBJECTID": 393, "Full_Name": "RICHMOND AVE", "Ped_Death_Count": 0, "Bike_Death_Count": 0, "Veh_Death_Count": 0, "Ped_Crash_Count": 1, "Bike_Crash_Count": 0, "Veh_Crash_Count": 3, "Total_Crash_Count": 4, "RoadLength": 2639.9998, "Miles": 0.5, "CrashRate": 8.0, "Total_Death_Count": 0, "Shape__Length": 2639.9998183159009 }, "geometry": { "type": "LineString", "coordinates": [ [ -95.639570272729514, 29.729182257772692 ], [ -95.642069940249129, 29.729171703536913 ], [ -95.642616933781781, 29.729150865421449 ], [ -95.642988975662604, 29.729153281582448 ], [ -95.643535739735029, 29.729139344362881 ], [ -95.643849956123873, 29.729138115912843 ], [ -95.643961378539942, 29.729136401549884 ], [ -95.64568188162518, 29.729124012849617 ], [ -95.646450379193951, 29.729108708047335 ], [ -95.646901470245098, 29.729111148923874 ], [ -95.647535515303616, 29.729167757301802 ], [ -95.647878041200997, 29.729224249357085 ] ] } },
{ "type": "Feature", "properties": { "OBJECTID": 394, "Full_Name": "RICHMOND AVE", "Ped_Death_Count": 1, "Bike_Death_Count": 0, "Veh_Death_Count": 1, "Ped_Crash_Count": 1, "Bike_Crash_Count": 0, "Veh_Crash_Count": 3, "Total_Crash_Count": 4, "RoadLength": 2640.0001, "Miles": 0.5, "CrashRate": 8.0, "Total_Death_Count": 2, "Shape__Length": 2640.0001272483032 }, "geometry": { "type": "LineString", "coordinates": [ [ -95.557294654617621, 29.727631994777774 ], [ -95.557386921134835, 29.727631478511949 ], [ -95.557620583485019, 29.727630170237141 ], [ -95.55801635383537, 29.72762795242247 ], [ -95.559677664694647, 29.72761395236909 ], [ -95.560465656266317, 29.727615843533879 ], [ -95.561307068077284, 29.727648691401498 ], [ -95.561708448578997, 29.727677438721134 ], [ -95.562596325132802, 29.72774102317624 ], [ -95.56277088063716, 29.727753523046967 ], [ -95.563251490139692, 29.727787937166344 ], [ -95.563547323296689, 29.727809120275325 ], [ -95.563900186737897, 29.727804757152342 ], [ -95.565265348189627, 29.727787862220968 ], [ -95.56560408609711, 29.727783668585815 ] ] } },
{ "type": "Feature", "properties": { "OBJECTID": 395, "Full_Name": "RICHMOND AVE", "Ped_Death_Count": 1, "Bike_Death_Count": 0, "Veh_Death_Count": 1, "Ped_Crash_Count": 3, "Bike_Crash_Count": 0, "Veh_Crash_Count": 6, "Total_Crash_Count": 9, "RoadLength": 2639.9999, "Miles": 0.5, "CrashRate": 18.0, "Total_Death_Count": 2, "Shape__Length": 2639.9998553052142 }, "geometry": { "type": "LineString", "coordinates": [ [ -95.540986112697752, 29.727686345997448 ], [ -95.541580312751847, 29.727730781004702 ], [ -95.541832296357072, 29.727759364836615 ], [ -95.541985183556108, 29.727785863067389 ], [ -95.542146642480091, 29.727813845172687 ], [ -95.542942618552402, 29.728024018627103 ], [ -95.543139372457745, 29.728075968166639 ], [ -95.543330272598794, 29.728137091466991 ], [ -95.544089887343389, 29.728354443372044 ], [ -95.544407456743556, 29.728428561540262 ], [ -95.544877516818701, 29.728526720163085 ], [ -95.545251198828538, 29.728604753195693 ], [ -95.545456514115187, 29.728634454427802 ], [ -95.545752458663941, 29.728669641652022 ], [ -95.546502007654482, 29.728745703533207 ], [ -95.547309902617386, 29.728798952638233 ], [ -95.547541837796899, 29.728804930479573 ], [ -95.547758865485449, 29.728809493830788 ], [ -95.548454971234506, 29.72877709444661 ], [ -95.548977285383728, 29.728752781668295 ], [ -95.54914687748493, 29.728740754308625 ] ] } },
{ "type": "Feature", "properties": { "OBJECTID": 396, "Full_Name": "RICHMOND AVE", "Ped_Death_Count": 1, "Bike_Death_Count": 0, "Veh_Death_Count": 1, "Ped_Crash_Count": 1, "Bike_Crash_Count": 0, "Veh_Crash_Count": 3, "Total_Crash_Count": 4, "RoadLength": 2640.0001, "Miles": 0.5, "CrashRate": 8.0, "Total_Death_Count": 2, "Shape__Length": 2640.0001215482957 }, "geometry": { "type": "LineString", "coordinates": [ [ -95.532898534146838, 29.728962899850888 ], [ -95.533963656577825, 29.728945668250834 ], [ -95.534529881563017, 29.728847381757905 ], [ -95.535143039739097, 29.728651848282862 ], [ -95.535301866706519, 29.728596302059966 ], [ -95.536940599979317, 29.728042233574538 ], [ -95.537612738114092, 29.727845900302139 ], [ -95.538141358393716, 29.727761641211767 ], [ -95.538646836623045, 29.727726510942336 ], [ -95.539151906922413, 29.727728218300868 ], [ -95.539674060378047, 29.727719018027063 ], [ -95.540450945754088, 29.727683249063716 ], [ -95.540858698406154, 29.727676817719423 ], [ -95.540986112697752, 29.727686345997448 ] ] } },
{ "type": "Feature", "properties": { "OBJECTID": 397, "Full_Name": "RICHMOND AVE", "Ped_Death_Count": 0, "Bike_Death_Count": 0, "Veh_Death_Count": 0, "Ped_Crash_Count": 1, "Bike_Crash_Count": 0, "Veh_Crash_Count": 7, "Total_Crash_Count": 8, "RoadLength": 2639.9999, "Miles": 0.5, "CrashRate": 16.0, "Total_Death_Count": 0, "Shape__Length": 2639.9999023473338 }, "geometry": { "type": "LineString", "coordinates": [ [ -95.524581780105052, 29.72902998753738 ], [ -95.524691728275883, 29.72902977737391 ], [ -95.525149343680113, 29.729033963684209 ], [ -95.526052483042989, 29.729018690279624 ], [ -95.526917749709554, 29.729005667541202 ], [ -95.527781148993128, 29.728994050382013 ], [ -95.52868296150973, 29.72898949874828 ], [ -95.529585491976164, 29.728985479565964 ], [ -95.530487626726796, 29.728989775392055 ], [ -95.531395615803575, 29.729004996916 ], [ -95.532519816243976, 29.728969024264003 ], [ -95.532898534146838, 29.728962899850888 ] ] } },
{ "type": "Feature", "properties": { "OBJECTID": 398, "Full_Name": "RICHMOND AVE", "Ped_Death_Count": 1, "Bike_Death_Count": 0, "Veh_Death_Count": 3, "Ped_Crash_Count": 2, "Bike_Crash_Count": 0, "Veh_Crash_Count": 7, "Total_Crash_Count": 9, "RoadLength": 2640.0001, "Miles": 0.5, "CrashRate": 18.0, "Total_Death_Count": 4, "Shape__Length": 2640.0001005905874 }, "geometry": { "type": "LineString", "coordinates": [ [ -95.500135994602346, 29.731677808443401 ], [ -95.501186039681372, 29.731662287605591 ], [ -95.501825936071356, 29.731635477335658 ], [ -95.502650307445151, 29.731512964789292 ], [ -95.503643092138461, 29.731170126576092 ], [ -95.505548114806317, 29.730459897635249 ], [ -95.506469132201772, 29.730098914687147 ], [ -95.507664199675276, 29.729628885137934 ], [ -95.50798576535567, 29.729558061352172 ] ] } },
{ "type": "Feature", "properties": { "OBJECTID": 399, "Full_Name": "RICHMOND AVE", "Ped_Death_Count": 1, "Bike_Death_Count": 0, "Veh_Death_Count": 0, "Ped_Crash_Count": 1, "Bike_Crash_Count": 0, "Veh_Crash_Count": 3, "Total_Crash_Count": 4, "RoadLength": 2640.0001, "Miles": 0.5, "CrashRate": 8.0, "Total_Death_Count": 1, "Shape__Length": 2640.0000960576681 }, "geometry": { "type": "LineString", "coordinates": [ [ -95.491818515701084, 29.731775067153624 ], [ -95.4932350094833, 29.731763307765263 ], [ -95.493741862699792, 29.731759095379889 ], [ -95.49414238940237, 29.731755766797473 ], [ -95.494813339744098, 29.731753021372633 ], [ -95.495163454184095, 29.731747273029331 ], [ -95.495297584490231, 29.731746156211319 ], [ -95.495827022220581, 29.731741748726868 ], [ -95.496522197422649, 29.731738113794673 ], [ -95.496872782354302, 29.731734347375223 ], [ -95.497417796332002, 29.731728491419613 ], [ -95.497809801433874, 29.73172522242988 ], [ -95.497936360037315, 29.731724164981539 ], [ -95.498420037098441, 29.731713809360222 ], [ -95.499066635673529, 29.731699963437926 ], [ -95.499831648130538, 29.731683575938757 ], [ -95.500022949012077, 29.731679479179142 ], [ -95.500135994602346, 29.731677808443401 ] ] } },
{ "type": "Feature", "properties": { "OBJECTID": 400, "Full_Name": "RICHMOND AVE", "Ped_Death_Count": 2, "Bike_Death_Count": 0, "Veh_Death_Count": 2, "Ped_Crash_Count": 3, "Bike_Crash_Count": 1, "Veh_Crash_Count": 5, "Total_Crash_Count": 9, "RoadLength": 2639.9999, "Miles": 0.5, "CrashRate": 18.0, "Total_Death_Count": 4, "Shape__Length": 2639.9998659003268 }, "geometry": { "type": "LineString", "coordinates": [ [ -95.483519936507506, 29.731511303436797 ], [ -95.483721154733757, 29.731510537610163 ], [ -95.484204511612432, 29.731508698026907 ], [ -95.484863245986489, 29.73154579274345 ], [ -95.485399720571834, 29.731576001943349 ], [ -95.485696778340113, 29.731615099991195 ], [ -95.48646071198398, 29.731715646819477 ], [ -95.486921824714585, 29.731776335101181 ], [ -95.486967806291432, 29.731776585956656 ], [ -95.489782162722292, 29.731791946946078 ], [ -95.491818515701084, 29.731775067153624 ] ] } },
{ "type": "Feature", "properties": { "OBJECTID": 401, "Full_Name": "RICHMOND AVE", "Ped_Death_Count": 0, "Bike_Death_Count": 0, "Veh_Death_Count": 0, "Ped_Crash_Count": 1, "Bike_Crash_Count": 1, "Veh_Crash_Count": 1, "Total_Crash_Count": 3, "RoadLength": 2639.9999, "Miles": 0.5, "CrashRate": 6.0, "Total_Death_Count": 0, "Shape__Length": 2639.9999329931479 }, "geometry": { "type": "LineString", "coordinates": [ [ -95.400738020795615, 29.734384272950066 ], [ -95.402064897999423, 29.734320327620448 ], [ -95.4044585512776, 29.734297269533233 ], [ -95.406234395497719, 29.734263340771868 ], [ -95.407047152960686, 29.734266079641326 ], [ -95.40802002668768, 29.73426124416271 ], [ -95.409054007150445, 29.734253414409569 ] ] } },
{ "type": "Feature", "properties": { "OBJECTID": 402, "Full_Name": "RICHMOND AVE", "Ped_Death_Count": 0, "Bike_Death_Count": 0, "Veh_Death_Count": 0, "Ped_Crash_Count": 2, "Bike_Crash_Count": 0, "Veh_Crash_Count": 2, "Total_Crash_Count": 4, "RoadLength": 2640.0, "Miles": 0.5, "CrashRate": 8.0, "Total_Death_Count": 0, "Shape__Length": 2640.0000018007113 }, "geometry": { "type": "LineString", "coordinates": [ [ -95.39242094787231, 29.734481265659415 ], [ -95.392501653449003, 29.734481606626435 ], [ -95.393690230626888, 29.734483117894868 ], [ -95.39409263526791, 29.734476800486384 ], [ -95.394646480544282, 29.734454651232642 ], [ -95.396487186335733, 29.734448444969296 ], [ -95.396741328225929, 29.734444317282311 ], [ -95.396994626780568, 29.734440990565972 ], [ -95.397872795427176, 29.734429607755594 ], [ -95.399481742229923, 29.734420237108676 ], [ -95.400608741368899, 29.734390502163443 ], [ -95.400738020795615, 29.734384272950066 ] ] } },
{ "type": "Feature", "properties": { "OBJECTID": 403, "Full_Name": "RICHMOND AVE", "Ped_Death_Count": 1, "Bike_Death_Count": 0, "Veh_Death_Count": 0, "Ped_Crash_Count": 2, "Bike_Crash_Count": 0, "Veh_Crash_Count": 3, "Total_Crash_Count": 5, "RoadLength": 2640.0001, "Miles": 0.5, "CrashRate": 10.0, "Total_Death_Count": 1, "Shape__Length": 2640.0001020592558 }, "geometry": { "type": "LineString", "coordinates": [ [ -95.384108258280847, 29.734561711241287 ], [ -95.384414112889075, 29.734575480966029 ], [ -95.384883209239675, 29.734546044102601 ], [ -95.385210167729852, 29.734536916641346 ], [ -95.385441619765686, 29.734530455050088 ], [ -95.385749178501456, 29.73452186797655 ], [ -95.386155557974959, 29.734493484095779 ], [ -95.386898392057134, 29.73447267650776 ], [ -95.387865792453525, 29.734473938980113 ], [ -95.388440713097381, 29.734509134373084 ], [ -95.388845007203258, 29.734514948714299 ], [ -95.389817697525757, 29.734513386153342 ], [ -95.390289897513867, 29.734501602537268 ], [ -95.390403784208772, 29.734500126344397 ], [ -95.39113022857687, 29.734475804484195 ], [ -95.39242094787231, 29.734481265659415 ] ] } },
{ "type": "Feature", "properties": { "OBJECTID": 404, "Full_Name": "ROE DR", "Ped_Death_Count": 1, "Bike_Death_Count": 0, "Veh_Death_Count": 0, "Ped_Crash_Count": 1, "Bike_Crash_Count": 0, "Veh_Crash_Count": 1, "Total_Crash_Count": 2, "RoadLength": 1814.421, "Miles": 0.3436, "CrashRate": 5.82, "Total_Death_Count": 1, "Shape__Length": 1814.4209586974628 }, "geometry": { "type": "LineString", "coordinates": [ [ -95.303518898275982, 29.701531843366631 ], [ -95.304955267872771, 29.697907716653436 ], [ -95.305365455241969, 29.696809850667879 ] ] } },
{ "type": "Feature", "properties": { "OBJECTID": 405, "Full_Name": "ROGERDALE RD", "Ped_Death_Count": 1, "Bike_Death_Count": 0, "Veh_Death_Count": 0, "Ped_Crash_Count": 2, "Bike_Crash_Count": 0, "Veh_Crash_Count": 3, "Total_Crash_Count": 5, "RoadLength": 2639.9998, "Miles": 0.5, "CrashRate": 10.0, "Total_Death_Count": 1, "Shape__Length": 2639.9998383268617 }, "geometry": { "type": "LineString", "coordinates": [ [ -95.559780046034831, 29.732443357056553 ], [ -95.559767258034697, 29.731736453356739 ], [ -95.559753191477625, 29.731220337021369 ], [ -95.559744441978168, 29.730938121910715 ], [ -95.559736140527647, 29.730267913091151 ], [ -95.559733779476716, 29.730077262235373 ], [ -95.55971725048127, 29.729466769347734 ], [ -95.559715404459084, 29.72928820615375 ], [ -95.559702723124289, 29.728796941032737 ], [ -95.559683836510999, 29.727981232201149 ], [ -95.559677664694647, 29.72761395236909 ], [ -95.559660375152305, 29.727001806657157 ], [ -95.559658027954214, 29.726819524267622 ], [ -95.559651448867925, 29.726649024434263 ], [ -95.559626708132456, 29.725650663668961 ], [ -95.559621998440036, 29.725184717572816 ] ] } },
{ "type": "Feature", "properties": { "OBJECTID": 406, "Full_Name": "ROYAL OAKS CLUB DR", "Ped_Death_Count": 0, "Bike_Death_Count": 0, "Veh_Death_Count": 0, "Ped_Crash_Count": 2, "Bike_Crash_Count": 0, "Veh_Crash_Count": 1, "Total_Crash_Count": 3, "RoadLength": 2450.0838, "Miles": 0.464, "CrashRate": 6.47, "Total_Death_Count": 0, "Shape__Length": 2450.0838281252713 }, "geometry": { "type": "LineString", "coordinates": [ [ -95.585000775857225, 29.736553243051091 ], [ -95.584929050324078, 29.73600139454512 ], [ -95.584660272522342, 29.735113813213548 ], [ -95.584836845390598, 29.734629801719777 ], [ -95.584979508205748, 29.734245113968932 ], [ -95.585037057131217, 29.733848190346588 ], [ -95.58506339329864, 29.733474613470378 ], [ -95.584999832953429, 29.733249366555601 ], [ -95.584611344696555, 29.732116841226286 ], [ -95.584552697033573, 29.7317883489726 ], [ -95.584568238901156, 29.731489346803116 ], [ -95.584750015966364, 29.731029445074139 ], [ -95.584980273410437, 29.730625227961003 ], [ -95.585238175147239, 29.730075691375649 ] ] } },
{ "type": "Feature", "properties": { "OBJECTID": 407, "Full_Name": "RUNNELS ST", "Ped_Death_Count": 1, "Bike_Death_Count": 0, "Veh_Death_Count": 0, "Ped_Crash_Count": 1, "Bike_Crash_Count": 0, "Veh_Crash_Count": 3, "Total_Crash_Count": 4, "RoadLength": 2609.1285, "Miles": 0.4941, "CrashRate": 8.1, "Total_Death_Count": 1, "Shape__Length": 2609.1285131573522 }, "geometry": { "type": "LineString", "coordinates": [ [ -95.352001872312556, 29.763805553153336 ], [ -95.351864544591479, 29.763500187371733 ], [ -95.351691222388112, 29.763294849267695 ], [ -95.351525938690756, 29.763170933069762 ], [ -95.351035388978218, 29.762804104456318 ], [ -95.350467581265107, 29.762197787281192 ], [ -95.350218303812099, 29.762020486908188 ], [ -95.350055839823739, 29.761904932067512 ], [ -95.349923492707561, 29.761810799057077 ], [ -95.349851474474249, 29.761764439400203 ], [ -95.349723104892135, 29.761681805331602 ], [ -95.34963758956745, 29.761636291060171 ], [ -95.34945065751414, 29.761536799877671 ], [ -95.349283539174692, 29.761428540805042 ], [ -95.349277022594634, 29.761424633424735 ], [ -95.348463356311981, 29.760929527926763 ], [ -95.348165807888037, 29.760749440299691 ], [ -95.347876211143145, 29.760576084186038 ], [ -95.347051755655301, 29.760063518478827 ], [ -95.346531241587229, 29.759732132811418 ], [ -95.346011632909409, 29.759417990871185 ], [ -95.345758351059246, 29.759256702322546 ] ] } },
{ "type": "Feature", "properties": { "OBJECTID": 408, "Full_Name": "S BRAESWOOD BLVD", "Ped_Death_Count": 0, "Bike_Death_Count": 0, "Veh_Death_Count": 0, "Ped_Crash_Count": 1, "Bike_Crash_Count": 1, "Veh_Crash_Count": 2, "Total_Crash_Count": 4, "RoadLength": 2640.0002, "Miles": 0.5, "CrashRate": 8.0, "Total_Death_Count": 0, "Shape__Length": 2640.000158491911 }, "geometry": { "type": "LineString", "coordinates": [ [ -95.511701957393157, 29.675187897904078 ], [ -95.511875857037552, 29.675111409213727 ], [ -95.51279021819947, 29.674512326136632 ], [ -95.514213104970096, 29.673563774807985 ], [ -95.514818044544342, 29.673299614674928 ], [ -95.515570619027272, 29.673074776736133 ], [ -95.516400796480625, 29.672864157771937 ], [ -95.517347818494542, 29.672603903488767 ], [ -95.518421728497998, 29.672302379361803 ], [ -95.518830088511876, 29.672187720867523 ], [ -95.519117928169152, 29.672114765128793 ] ] } },
{ "type": "Feature", "properties": { "OBJECTID": 409, "Full_Name": "S BRAESWOOD BLVD", "Ped_Death_Count": 0, "Bike_Death_Count": 0, "Veh_Death_Count": 0, "Ped_Crash_Count": 1, "Bike_Crash_Count": 0, "Veh_Crash_Count": 1, "Total_Crash_Count": 2, "RoadLength": 2260.9902, "Miles": 0.4282, "CrashRate": 4.67, "Total_Death_Count": 0, "Shape__Length": 2260.9902054362046 }, "geometry": { "type": "LineString", "coordinates": [ [ -95.394636751236135, 29.706216739705454 ], [ -95.394967407270457, 29.705264438760494 ], [ -95.395032716735841, 29.705138887300137 ], [ -95.395106245624746, 29.705001583992651 ], [ -95.395284057086357, 29.704753633257507 ], [ -95.395700818562347, 29.704190825720207 ], [ -95.396604758489786, 29.702998367517242 ], [ -95.396861632083358, 29.702727242838769 ], [ -95.397248279175258, 29.70242367264844 ], [ -95.397492257092125, 29.702291349773471 ], [ -95.397930867947792, 29.702066188065327 ], [ -95.398385799992212, 29.701914159842691 ], [ -95.399075080434088, 29.701789341286773 ] ] } },
{ "type": "Feature", "properties": { "OBJECTID": 410, "Full_Name": "S BRAESWOOD BLVD", "Ped_Death_Count": 0, "Bike_Death_Count": 0, "Veh_Death_Count": 0, "Ped_Crash_Count": 1, "Bike_Crash_Count": 0, "Veh_Crash_Count": 2, "Total_Crash_Count": 3, "RoadLength": 2639.9999, "Miles": 0.5, "CrashRate": 6.0, "Total_Death_Count": 0, "Shape__Length": 2639.9998965015611 }, "geometry": { "type": "LineString", "coordinates": [ [ -95.41359365606931, 29.697243233559369 ], [ -95.413795914282289, 29.697284780594519 ], [ -95.414788133890426, 29.697455111063931 ], [ -95.41589728752605, 29.697479261198769 ], [ -95.416547481300128, 29.697422687985384 ], [ -95.416954447329275, 29.697334906794755 ], [ -95.417377973907747, 29.697176007340271 ], [ -95.417849961178362, 29.696989881242171 ], [ -95.418233331279779, 29.696750429334156 ], [ -95.418349368930009, 29.696616730595235 ], [ -95.418951470136207, 29.695953270710291 ], [ -95.419187290075854, 29.69573889924165 ], [ -95.419286056831595, 29.69566103833715 ], [ -95.419521764719846, 29.695506590684225 ], [ -95.419897713145289, 29.695339629574537 ], [ -95.420617646443006, 29.695274589386813 ], [ -95.421003662901555, 29.695314930752694 ] ] } },
{ "type": "Feature", "properties": { "OBJECTID": 411, "Full_Name": "S DAIRY ASHFORD RD", "Ped_Death_Count": 1, "Bike_Death_Count": 0, "Veh_Death_Count": 1, "Ped_Crash_Count": 2, "Bike_Crash_Count": 0, "Veh_Crash_Count": 4, "Total_Crash_Count": 6, "RoadLength": 2640.0, "Miles": 0.5, "CrashRate": 12.0, "Total_Death_Count": 2, "Shape__Length": 2640.0000248624297 }, "geometry": { "type": "LineString", "coordinates": [ [ -95.60591317790022, 29.739419123813885 ], [ -95.605911189775398, 29.739078818482721 ], [ -95.605908324368414, 29.738601493491089 ], [ -95.605888948132318, 29.738032875548289 ], [ -95.605838896948043, 29.736178188275382 ], [ -95.605830014677821, 29.735521151795261 ], [ -95.605812698372574, 29.735002288183555 ], [ -95.605806966869352, 29.7347214892586 ], [ -95.605796233711544, 29.733770290179983 ], [ -95.605792623724042, 29.733642363600406 ], [ -95.605784819345004, 29.733183949866664 ], [ -95.605777046502681, 29.732620836735979 ], [ -95.605770926693623, 29.732273678095218 ], [ -95.605771278962095, 29.732160360544846 ] ] } },
{ "type": "Feature", "properties": { "OBJECTID": 412, "Full_Name": "S ELDRIDGE PKWY", "Ped_Death_Count": 0, "Bike_Death_Count": 0, "Veh_Death_Count": 0, "Ped_Crash_Count": 2, "Bike_Crash_Count": 0, "Veh_Crash_Count": 1, "Total_Crash_Count": 3, "RoadLength": 2639.9999, "Miles": 0.5, "CrashRate": 6.0, "Total_Death_Count": 0, "Shape__Length": 2639.9999342925025 }, "geometry": { "type": "LineString", "coordinates": [ [ -95.625331451573999, 29.760062311958997 ], [ -95.625325284048813, 29.759545640467593 ], [ -95.625318293323076, 29.758269158303701 ], [ -95.625300088837704, 29.757212684688788 ], [ -95.625258685231529, 29.754908935528498 ], [ -95.62523011288917, 29.753031041287894 ], [ -95.625229839580143, 29.752802896334885 ] ] } },
{ "type": "Feature", "properties": { "OBJECTID": 413, "Full_Name": "S GESSNER RD", "Ped_Death_Count": 0, "Bike_Death_Count": 0, "Veh_Death_Count": 0, "Ped_Crash_Count": 3, "Bike_Crash_Count": 0, "Veh_Crash_Count": 0, "Total_Crash_Count": 3, "RoadLength": 2640.0, "Miles": 0.5, "CrashRate": 6.0, "Total_Death_Count": 0, "Shape__Length": 2639.9999655836964 }, "geometry": { "type": "LineString", "coordinates": [ [ -95.528541224200595, 29.68298448797805 ], [ -95.528534848295848, 29.682270131364255 ], [ -95.52852108500538, 29.681506390559914 ], [ -95.528511755174264, 29.680742232888548 ], [ -95.528500114227214, 29.679968648356745 ], [ -95.528494519918013, 29.679265184748658 ], [ -95.528482478491497, 29.678875332648282 ], [ -95.528464161219304, 29.678440015637712 ], [ -95.528434981420347, 29.678100238530295 ], [ -95.528435522804045, 29.677759312991483 ], [ -95.528361935497458, 29.676887650961344 ], [ -95.528311755300891, 29.676562898934435 ], [ -95.52824286810457, 29.675799689891306 ], [ -95.528238131078595, 29.675733750360418 ] ] } },
{ "type": "Feature", "properties": { "OBJECTID": 414, "Full_Name": "S GESSNER RD", "Ped_Death_Count": 0, "Bike_Death_Count": 0, "Veh_Death_Count": 0, "Ped_Crash_Count": 1, "Bike_Crash_Count": 0, "Veh_Crash_Count": 5, "Total_Crash_Count": 6, "RoadLength": 2639.9999, "Miles": 0.5, "CrashRate": 12.0, "Total_Death_Count": 0, "Shape__Length": 2639.999853826173 }, "geometry": { "type": "LineString", "coordinates": [ [ -95.532101864916896, 29.688842577069199 ], [ -95.532048937162116, 29.688811325118913 ], [ -95.531590998103098, 29.688540928332699 ], [ -95.530975659033189, 29.688185172528918 ], [ -95.5308128083051, 29.688093533946425 ], [ -95.530752511560621, 29.688059603748105 ], [ -95.530677186365693, 29.688018569357325 ], [ -95.530483616568077, 29.687913118278026 ], [ -95.530319361808793, 29.687823638825289 ], [ -95.52942357908293, 29.687194916123119 ], [ -95.528868129067234, 29.686489182766525 ], [ -95.528609276779292, 29.685756858531398 ], [ -95.528570805324506, 29.685051961423785 ], [ -95.528570577799101, 29.684724790065363 ], [ -95.528565855411856, 29.683862142757729 ], [ -95.528541929146385, 29.683063440102142 ], [ -95.528541224200595, 29.68298448797805 ] ] } },
{ "type": "Feature", "properties": { "OBJECTID": 415, "Full_Name": "S GESSNER RD", "Ped_Death_Count": 0, "Bike_Death_Count": 0, "Veh_Death_Count": 1, "Ped_Crash_Count": 1, "Bike_Crash_Count": 0, "Veh_Crash_Count": 2, "Total_Crash_Count": 3, "RoadLength": 2640.0001, "Miles": 0.5, "CrashRate": 6.0, "Total_Death_Count": 1, "Shape__Length": 2640.0000924256287 }, "geometry": { "type": "LineString", "coordinates": [ [ -95.537237625091137, 29.694364298465651 ], [ -95.537125462149376, 29.694040084989702 ], [ -95.536777999153344, 29.693348349632554 ], [ -95.536364266703742, 29.692680072866033 ], [ -95.536263417425459, 29.692532358866842 ], [ -95.535874031810209, 29.691962024104548 ], [ -95.535201139793585, 29.691139876816475 ], [ -95.534900173666088, 29.690872134609769 ], [ -95.53443969628259, 29.690462491926926 ], [ -95.534148871374526, 29.69020376690278 ], [ -95.533643874768643, 29.689848306515984 ], [ -95.532804342232239, 29.689257359253606 ], [ -95.532101864916896, 29.688842577069199 ] ] } },
{ "type": "Feature", "properties": { "OBJECTID": 416, "Full_Name": "S GESSNER RD", "Ped_Death_Count": 0, "Bike_Death_Count": 0, "Veh_Death_Count": 3, "Ped_Crash_Count": 1, "Bike_Crash_Count": 0, "Veh_Crash_Count": 6, "Total_Crash_Count": 7, "RoadLength": 2639.9999, "Miles": 0.5, "CrashRate": 14.0, "Total_Death_Count": 3, "Shape__Length": 2639.9999457165386 }, "geometry": { "type": "LineString", "coordinates": [ [ -95.537940463844805, 29.701567573600759 ], [ -95.537936559643299, 29.701365994086615 ], [ -95.537900389408534, 29.698896956759512 ], [ -95.537764508297926, 29.696526309462229 ], [ -95.537534611402521, 29.695222740590527 ], [ -95.537237625091137, 29.694364298465651 ] ] } },
{ "type": "Feature", "properties": { "OBJECTID": 417, "Full_Name": "S GESSNER RD", "Ped_Death_Count": 2, "Bike_Death_Count": 0, "Veh_Death_Count": 1, "Ped_Crash_Count": 4, "Bike_Crash_Count": 0, "Veh_Crash_Count": 1, "Total_Crash_Count": 5, "RoadLength": 2639.9999, "Miles": 0.5, "CrashRate": 10.0, "Total_Death_Count": 3, "Shape__Length": 2639.9998963145945 }, "geometry": { "type": "LineString", "coordinates": [ [ -95.538936250373141, 29.71599494435134 ], [ -95.538953805661421, 29.715483014768726 ], [ -95.538926778650406, 29.714637177397172 ], [ -95.538934787525292, 29.714487091510705 ], [ -95.538931572920021, 29.713631702827303 ], [ -95.538920078728225, 29.712700975196288 ], [ -95.538916758411816, 29.712538518267131 ], [ -95.538893645256081, 29.711407889588873 ], [ -95.538881345068233, 29.710836593969464 ], [ -95.538867258621579, 29.710301663654779 ], [ -95.538848374606843, 29.709623120330441 ], [ -95.538838970873243, 29.709330273250643 ], [ -95.538829111569655, 29.708955822090342 ], [ -95.53880041320653, 29.708737908091944 ] ] } },
{ "type": "Feature", "properties": { "OBJECTID": 418, "Full_Name": "S GESSNER RD", "Ped_Death_Count": 2, "Bike_Death_Count": 0, "Veh_Death_Count": 1, "Ped_Crash_Count": 4, "Bike_Crash_Count": 0, "Veh_Crash_Count": 6, "Total_Crash_Count": 10, "RoadLength": 2640.0, "Miles": 0.5, "CrashRate": 20.0, "Total_Death_Count": 3, "Shape__Length": 2640.0000316956753 }, "geometry": { "type": "LineString", "coordinates": [ [ -95.539096226151756, 29.723252446983494 ], [ -95.539093968946588, 29.722703960591687 ], [ -95.539088811800553, 29.722553141281608 ], [ -95.539080788003034, 29.722099956857917 ], [ -95.539076730620593, 29.721756379083779 ], [ -95.539073744655624, 29.72139779735722 ], [ -95.539069182901017, 29.720850521151352 ], [ -95.539059893605653, 29.719878044926979 ], [ -95.539059485649673, 29.719793046624321 ], [ -95.539058906626948, 29.719672049453397 ], [ -95.539058505240419, 29.719588290636302 ], [ -95.539049231762633, 29.719481314219195 ], [ -95.539039404996643, 29.719071762325829 ], [ -95.539001828035097, 29.718604384398585 ], [ -95.538966189672351, 29.717686873394744 ], [ -95.538932519642202, 29.716103734032831 ], [ -95.538936250373141, 29.71599494435134 ] ] } },
{ "type": "Feature", "properties": { "OBJECTID": 419, "Full_Name": "S KIRKWOOD RD", "Ped_Death_Count": 2, "Bike_Death_Count": 0, "Veh_Death_Count": 0, "Ped_Crash_Count": 2, "Bike_Crash_Count": 0, "Veh_Crash_Count": 1, "Total_Crash_Count": 3, "RoadLength": 2640.0, "Miles": 0.5, "CrashRate": 6.0, "Total_Death_Count": 2, "Shape__Length": 2639.9999682131211 }, "geometry": { "type": "LineString", "coordinates": [ [ -95.587364404147735, 29.678705502576282 ], [ -95.587333540171599, 29.6769805995825 ], [ -95.587279004679843, 29.675217049906749 ], [ -95.58726771650025, 29.674478155567275 ], [ -95.587259874602154, 29.673964909700864 ], [ -95.58725909827659, 29.673634400337161 ], [ -95.587283500315436, 29.67344952509508 ], [ -95.587412092104174, 29.672775892089216 ], [ -95.587660287821521, 29.671941424611958 ], [ -95.58784253148967, 29.671513107011865 ] ] } },
{ "type": "Feature", "properties": { "OBJECTID": 420, "Full_Name": "S KIRKWOOD RD", "Ped_Death_Count": 0, "Bike_Death_Count": 0, "Veh_Death_Count": 1, "Ped_Crash_Count": 1, "Bike_Crash_Count": 0, "Veh_Crash_Count": 2, "Total_Crash_Count": 3, "RoadLength": 2640.0001, "Miles": 0.5, "CrashRate": 6.0, "Total_Death_Count": 1, "Shape__Length": 2640.0001331387684 }, "geometry": { "type": "LineString", "coordinates": [ [ -95.587627525390488, 29.693222601437192 ], [ -95.587622766933677, 29.692563515395165 ], [ -95.587629344700517, 29.69236673859081 ], [ -95.58762878421166, 29.692226614116276 ], [ -95.587605051296777, 29.691793668296643 ], [ -95.587598948554088, 29.691022644777775 ], [ -95.587587382734256, 29.688925946492301 ], [ -95.58757747334117, 29.688054337929284 ], [ -95.587526778409014, 29.687317906173671 ], [ -95.587511051409194, 29.686540229567647 ], [ -95.587506755887404, 29.686252690843194 ], [ -95.587505570780891, 29.685964599522954 ] ] } },
{ "type": "Feature", "properties": { "OBJECTID": 421, "Full_Name": "S KIRKWOOD RD", "Ped_Death_Count": 0, "Bike_Death_Count": 1, "Veh_Death_Count": 0, "Ped_Crash_Count": 1, "Bike_Crash_Count": 1, "Veh_Crash_Count": 4, "Total_Crash_Count": 6, "RoadLength": 2640.0, "Miles": 0.5, "CrashRate": 12.0, "Total_Death_Count": 1, "Shape__Length": 2640.0000280578579 }, "geometry": { "type": "LineString", "coordinates": [ [ -95.587772421423267, 29.700480660955357 ], [ -95.587755798153097, 29.699881321376544 ], [ -95.587777024887842, 29.699554686658978 ], [ -95.58771154960813, 29.696811530715486 ], [ -95.58769776013817, 29.696035344284713 ], [ -95.587663534361141, 29.694866373095667 ], [ -95.587644735650585, 29.694102988805287 ], [ -95.587628356121442, 29.693337693749392 ], [ -95.587627525390488, 29.693222601437192 ] ] } },
{ "type": "Feature", "properties": { "OBJECTID": 422, "Full_Name": "S KIRKWOOD RD", "Ped_Death_Count": 2, "Bike_Death_Count": 1, "Veh_Death_Count": 0, "Ped_Crash_Count": 2, "Bike_Crash_Count": 1, "Veh_Crash_Count": 2, "Total_Crash_Count": 5, "RoadLength": 2640.0, "Miles": 0.5, "CrashRate": 10.0, "Total_Death_Count": 3, "Shape__Length": 2639.9999647150648 }, "geometry": { "type": "LineString", "coordinates": [ [ -95.588621125048718, 29.736651021067356 ], [ -95.588620153066614, 29.736520961970346 ], [ -95.588573432686687, 29.735741834372956 ], [ -95.588702415499341, 29.734688641611321 ], [ -95.589237700279924, 29.733043375556345 ], [ -95.589359988152907, 29.73255000528329 ], [ -95.589405147890787, 29.731853802573976 ], [ -95.589327399434737, 29.731063422082208 ], [ -95.589220239812846, 29.730238852134175 ], [ -95.589310783064249, 29.729500489469501 ], [ -95.589313123827608, 29.729488162372036 ] ] } },
{ "type": "Feature", "properties": { "OBJECTID": 423, "Full_Name": "S POST OAK RD", "Ped_Death_Count": 0, "Bike_Death_Count": 0, "Veh_Death_Count": 1, "Ped_Crash_Count": 2, "Bike_Crash_Count": 0, "Veh_Crash_Count": 3, "Total_Crash_Count": 5, "RoadLength": 2640.0, "Miles": 0.5, "CrashRate": 10.0, "Total_Death_Count": 1, "Shape__Length": 2640.0000212249897 }, "geometry": { "type": "LineString", "coordinates": [ [ -95.46272940195648, 29.668134337314299 ], [ -95.462831789590567, 29.667845975089445 ], [ -95.463210214103356, 29.666818005956834 ], [ -95.463297943774236, 29.666586434617383 ], [ -95.463368973927032, 29.666376696251927 ], [ -95.463633879320497, 29.665669330150227 ], [ -95.463741387452714, 29.665349748314494 ], [ -95.463819718380549, 29.664970898333841 ], [ -95.463997544846535, 29.664306072981692 ], [ -95.464056458131466, 29.663424207711188 ], [ -95.464061672827214, 29.662635826705458 ], [ -95.464067695495388, 29.661971224421954 ], [ -95.464056408058056, 29.661491448175813 ], [ -95.464048250357052, 29.661144723824115 ], [ -95.464044667861117, 29.661036986962586 ] ] } },
{ "type": "Feature", "properties": { "OBJECTID": 424, "Full_Name": "S POST OAK RD", "Ped_Death_Count": 1, "Bike_Death_Count": 0, "Veh_Death_Count": 0, "Ped_Crash_Count": 2, "Bike_Crash_Count": 0, "Veh_Crash_Count": 5, "Total_Crash_Count": 7, "RoadLength": 2640.0, "Miles": 0.5, "CrashRate": 14.0, "Total_Death_Count": 1, "Shape__Length": 2640.0000251670785 }, "geometry": { "type": "LineString", "coordinates": [ [ -95.464488773785405, 29.603246108705999 ], [ -95.46447337040486, 29.603120981920636 ], [ -95.464470858806592, 29.602303571847887 ], [ -95.464445669281204, 29.601679209867196 ], [ -95.464454647788102, 29.601215175911751 ], [ -95.464605401216502, 29.600640612799992 ], [ -95.464714862484612, 29.600336904469223 ], [ -95.464777544195258, 29.600162988532784 ], [ -95.464913190123823, 29.599786628242679 ], [ -95.465019687189155, 29.599587890816835 ], [ -95.465135408081011, 29.599371942788718 ], [ -95.465512336740076, 29.598630938016154 ], [ -95.465849785393402, 29.597959416605146 ], [ -95.46619629317388, 29.597200805575838 ], [ -95.466615844762757, 29.596352336507934 ] ] } },
{ "type": "Feature", "properties": { "OBJECTID": 425, "Full_Name": "S POST OAK RD", "Ped_Death_Count": 0, "Bike_Death_Count": 0, "Veh_Death_Count": 0, "Ped_Crash_Count": 2, "Bike_Crash_Count": 0, "Veh_Crash_Count": 2, "Total_Crash_Count": 4, "RoadLength": 2640.0, "Miles": 0.5, "CrashRate": 8.0, "Total_Death_Count": 0, "Shape__Length": 2639.9999773913255 }, "geometry": { "type": "LineString", "coordinates": [ [ -95.465130500409686, 29.624999340238212 ], [ -95.465136728285557, 29.624145400327059 ], [ -95.465132303611867, 29.623993962499817 ], [ -95.46510776820908, 29.623154068674236 ], [ -95.465084492684511, 29.622526594086882 ], [ -95.465064653074222, 29.621678056295579 ], [ -95.465080948601198, 29.620818872630892 ], [ -95.465061629895558, 29.620350247800857 ], [ -95.465027483077165, 29.619100409506082 ], [ -95.465020900664527, 29.619032803847041 ], [ -95.464996693464386, 29.618271586827813 ], [ -95.465013575596188, 29.618059902834801 ], [ -95.465015558008261, 29.617741740783845 ] ] } },
{ "type": "Feature", "properties": { "OBJECTID": 426, "Full_Name": "S POST OAK RD", "Ped_Death_Count": 2, "Bike_Death_Count": 0, "Veh_Death_Count": 2, "Ped_Crash_Count": 2, "Bike_Crash_Count": 0, "Veh_Crash_Count": 4, "Total_Crash_Count": 6, "RoadLength": 2639.9999, "Miles": 0.5, "CrashRate": 12.0, "Total_Death_Count": 4, "Shape__Length": 2639.9999245693693 }, "geometry": { "type": "LineString", "coordinates": [ [ -95.464044667861117, 29.661036986962586 ], [ -95.464004485735217, 29.659828751605421 ], [ -95.464004174052292, 29.659265542535717 ], [ -95.463972635241731, 29.658022175592201 ], [ -95.463938480676291, 29.656897407584584 ], [ -95.463932532303147, 29.656646934075031 ], [ -95.463932496110317, 29.656411751777767 ], [ -95.463926075306119, 29.655792273637115 ], [ -95.463920853336489, 29.655295432104126 ], [ -95.463909618786161, 29.654509805881101 ], [ -95.463906793932722, 29.654298512952 ], [ -95.463901301024734, 29.653887396909035 ], [ -95.463899841820933, 29.653778192224223 ] ] } },
{ "type": "Feature", "properties": { "OBJECTID": 427, "Full_Name": "S SHEPHERD DR", "Ped_Death_Count": 0, "Bike_Death_Count": 0, "Veh_Death_Count": 0, "Ped_Crash_Count": 2, "Bike_Crash_Count": 0, "Veh_Crash_Count": 2, "Total_Crash_Count": 4, "RoadLength": 2640.0, "Miles": 0.5, "CrashRate": 8.0, "Total_Death_Count": 0, "Shape__Length": 2639.9999752872159 }, "geometry": { "type": "LineString", "coordinates": [ [ -95.410654522847665, 29.746268810834774 ], [ -95.410642903060321, 29.74466994677373 ], [ -95.410621887349222, 29.744324422070036 ], [ -95.410756038370792, 29.744025886568224 ], [ -95.410728878619992, 29.742581516307446 ], [ -95.410732554603385, 29.742178909705451 ], [ -95.410717988438947, 29.741483108361155 ], [ -95.410711290141037, 29.740687854816887 ], [ -95.410712659496184, 29.739994252947895 ], [ -95.410710260615787, 29.739928986716514 ], [ -95.410709594833449, 29.739864056671294 ], [ -95.410694767085644, 29.739287786468498 ], [ -95.41069432305143, 29.739031935824169 ] ] } },
{ "type": "Feature", "properties": { "OBJECTID": 428, "Full_Name": "S VICTORY DR", "Ped_Death_Count": 0, "Bike_Death_Count": 0, "Veh_Death_Count": 0, "Ped_Crash_Count": 1, "Bike_Crash_Count": 0, "Veh_Crash_Count": 2, "Total_Crash_Count": 3, "RoadLength": 2639.9999, "Miles": 0.5, "CrashRate": 6.0, "Total_Death_Count": 0, "Shape__Length": 2639.9999270022049 }, "geometry": { "type": "LineString", "coordinates": [ [ -95.414878812351247, 29.870932139355936 ], [ -95.414919453471029, 29.870831125877707 ], [ -95.415455015602419, 29.870833638681287 ], [ -95.417378291316012, 29.870820547981179 ], [ -95.418139376058122, 29.870828378759743 ], [ -95.420677759486736, 29.870813672346024 ], [ -95.423126216749523, 29.870804528254681 ] ] } },
{ "type": "Feature", "properties": { "OBJECTID": 429, "Full_Name": "S WAYSIDE DR", "Ped_Death_Count": 0, "Bike_Death_Count": 0, "Veh_Death_Count": 1, "Ped_Crash_Count": 5, "Bike_Crash_Count": 0, "Veh_Crash_Count": 5, "Total_Crash_Count": 10, "RoadLength": 2639.9999, "Miles": 0.5, "CrashRate": 20.0, "Total_Death_Count": 1, "Shape__Length": 2639.9998661541463 }, "geometry": { "type": "LineString", "coordinates": [ [ -95.313259551196296, 29.719553969494314 ], [ -95.313307336732635, 29.719436164019427 ], [ -95.313522227775081, 29.718941846726828 ], [ -95.313591794995659, 29.718755790674102 ], [ -95.313819617374989, 29.718316639254507 ], [ -95.314078722197536, 29.717791371424148 ], [ -95.314896366204849, 29.71616217282277 ], [ -95.315248622374497, 29.715450821425733 ], [ -95.315317862810232, 29.715264869203807 ], [ -95.315365917770947, 29.71513581293754 ], [ -95.315412194208378, 29.715011532606027 ], [ -95.315477302390775, 29.714836676227598 ], [ -95.315819318126458, 29.714045986647257 ], [ -95.316277913126157, 29.712811056871466 ], [ -95.316282547128765, 29.712797699028574 ] ] } },
{ "type": "Feature", "properties": { "OBJECTID": 430, "Full_Name": "S WAYSIDE DR", "Ped_Death_Count": 1, "Bike_Death_Count": 0, "Veh_Death_Count": 0, "Ped_Crash_Count": 1, "Bike_Crash_Count": 0, "Veh_Crash_Count": 3, "Total_Crash_Count": 4, "RoadLength": 2640.0001, "Miles": 0.5, "CrashRate": 8.0, "Total_Death_Count": 1, "Shape__Length": 2640.0000841471283 }, "geometry": { "type": "LineString", "coordinates": [ [ -95.310465329522032, 29.726385198442348 ], [ -95.310701859909287, 29.725900558400639 ], [ -95.310874880746496, 29.725555042472799 ], [ -95.311039192951398, 29.725216661452517 ], [ -95.31126921424962, 29.724752863872524 ], [ -95.311572533728764, 29.723938216718029 ], [ -95.311823015875078, 29.723166055074678 ], [ -95.312088803758428, 29.722415427336397 ], [ -95.312393983526349, 29.721655673222273 ], [ -95.312702422452162, 29.720905452949943 ], [ -95.312892550589311, 29.720434798727876 ], [ -95.313014343672279, 29.72015847638157 ], [ -95.313259551196296, 29.719553969494314 ] ] } },
{ "type": "Feature", "properties": { "OBJECTID": 431, "Full_Name": "S WAYSIDE DR", "Ped_Death_Count": 0, "Bike_Death_Count": 0, "Veh_Death_Count": 0, "Ped_Crash_Count": 1, "Bike_Crash_Count": 1, "Veh_Crash_Count": 3, "Total_Crash_Count": 5, "RoadLength": 2640.0, "Miles": 0.5, "CrashRate": 10.0, "Total_Death_Count": 0, "Shape__Length": 2640.00002507319 }, "geometry": { "type": "LineString", "coordinates": [ [ -95.307728152137855, 29.733238467175063 ], [ -95.307769507037065, 29.733123201795561 ], [ -95.307865621232025, 29.732871054577167 ], [ -95.308167273236336, 29.732135737511289 ], [ -95.308242013885263, 29.732008950335722 ], [ -95.308343758772082, 29.731782153774354 ], [ -95.308784604471413, 29.730670560000771 ], [ -95.309124542479836, 29.729798694375848 ], [ -95.309366786665507, 29.729174861618883 ], [ -95.309976407012428, 29.727620921201151 ], [ -95.310373360005258, 29.726573637158985 ], [ -95.310465329522032, 29.726385198442348 ] ] } },
{ "type": "Feature", "properties": { "OBJECTID": 432, "Full_Name": "S WILCREST DR", "Ped_Death_Count": 1, "Bike_Death_Count": 0, "Veh_Death_Count": 0, "Ped_Crash_Count": 4, "Bike_Crash_Count": 0, "Veh_Crash_Count": 0, "Total_Crash_Count": 4, "RoadLength": 2640.0001, "Miles": 0.5, "CrashRate": 8.0, "Total_Death_Count": 1, "Shape__Length": 2640.0001142418314 }, "geometry": { "type": "LineString", "coordinates": [ [ -95.569486132693072, 29.659950483415876 ], [ -95.569671507579173, 29.659371355066554 ], [ -95.569895569647485, 29.658768558424114 ], [ -95.570024521934869, 29.658457245167032 ], [ -95.570200679489787, 29.6580105288045 ], [ -95.570522492171506, 29.657178412204757 ], [ -95.570605626757214, 29.656961138140339 ], [ -95.570670371210056, 29.656726832077631 ], [ -95.570714090589163, 29.656554084764313 ], [ -95.570770474615401, 29.656304556193778 ], [ -95.570790878769017, 29.656014904921339 ], [ -95.570822704160676, 29.655487857358466 ], [ -95.570693562863568, 29.654471497342655 ], [ -95.570577692706195, 29.654107086344947 ], [ -95.570409029669079, 29.65362080051208 ], [ -95.570013726588726, 29.652994690375099 ] ] } },
{ "type": "Feature", "properties": { "OBJECTID": 433, "Full_Name": "SAGE RD", "Ped_Death_Count": 1, "Bike_Death_Count": 0, "Veh_Death_Count": 0, "Ped_Crash_Count": 1, "Bike_Crash_Count": 0, "Veh_Crash_Count": 2, "Total_Crash_Count": 3, "RoadLength": 2640.0002, "Miles": 0.5, "CrashRate": 6.0, "Total_Death_Count": 1, "Shape__Length": 2640.0001689479345 }, "geometry": { "type": "LineString", "coordinates": [ [ -95.466903509736355, 29.740234152936335 ], [ -95.466879382298515, 29.740112965236786 ], [ -95.466839724333639, 29.739769227955563 ], [ -95.466806642399106, 29.738658551655238 ], [ -95.466780156908655, 29.738029421761571 ], [ -95.466770879976139, 29.737216130384422 ], [ -95.466769073599238, 29.737057630800816 ], [ -95.466765021214755, 29.736876985049317 ], [ -95.466751586850961, 29.736413332426853 ], [ -95.46673905797735, 29.735415199686319 ], [ -95.466687229103556, 29.733035401591799 ], [ -95.466685957626424, 29.732979170857611 ] ] } },
{ "type": "Feature", "properties": { "OBJECTID": 434, "Full_Name": "SAGE RD", "Ped_Death_Count": 2, "Bike_Death_Count": 0, "Veh_Death_Count": 0, "Ped_Crash_Count": 5, "Bike_Crash_Count": 0, "Veh_Crash_Count": 0, "Total_Crash_Count": 5, "RoadLength": 2639.9999, "Miles": 0.5, "CrashRate": 10.0, "Total_Death_Count": 2, "Shape__Length": 2639.9999462979545 }, "geometry": { "type": "LineString", "coordinates": [ [ -95.467108952913605, 29.747489215327402 ], [ -95.46708473396879, 29.746813033253279 ], [ -95.46706444145083, 29.74626327820258 ], [ -95.46705802335147, 29.746059041260803 ], [ -95.467044655400329, 29.745264487556625 ], [ -95.467034723172787, 29.7446740911601 ], [ -95.467010331828249, 29.743873161702979 ], [ -95.467007418088684, 29.743562234728309 ], [ -95.466989415878004, 29.742310869905712 ], [ -95.466986105091166, 29.7421386313978 ], [ -95.466948933207078, 29.740462298305594 ], [ -95.466903509736355, 29.740234152936335 ] ] } },
{ "type": "Feature", "properties": { "OBJECTID": 435, "Full_Name": "SAN JACINTO ST", "Ped_Death_Count": 0, "Bike_Death_Count": 0, "Veh_Death_Count": 0, "Ped_Crash_Count": 1, "Bike_Crash_Count": 0, "Veh_Crash_Count": 2, "Total_Crash_Count": 3, "RoadLength": 2639.9999, "Miles": 0.5, "CrashRate": 6.0, "Total_Death_Count": 0, "Shape__Length": 2639.999858409325 }, "geometry": { "type": "LineString", "coordinates": [ [ -95.371993448419829, 29.744800560312434 ], [ -95.37234064117132, 29.744345531920448 ], [ -95.372912076454114, 29.743621968136697 ], [ -95.373074210316986, 29.743416668254561 ], [ -95.37336086719111, 29.74306339476076 ], [ -95.373817226212978, 29.742474769091192 ], [ -95.37437621454049, 29.74175356224179 ], [ -95.374844500447253, 29.741194596339056 ], [ -95.375321647491461, 29.740593445822064 ], [ -95.375862340868011, 29.73987908299824 ], [ -95.376310887080251, 29.739314350766531 ], [ -95.37670561038756, 29.738818139975191 ] ] } },
{ "type": "Feature", "properties": { "OBJECTID": 436, "Full_Name": "SAN JACINTO ST", "Ped_Death_Count": 0, "Bike_Death_Count": 0, "Veh_Death_Count": 0, "Ped_Crash_Count": 1, "Bike_Crash_Count": 0, "Veh_Crash_Count": 8, "Total_Crash_Count": 9, "RoadLength": 2640.0003, "Miles": 0.5, "CrashRate": 18.0, "Total_Death_Count": 0, "Shape__Length": 2640.0002686205644 }, "geometry": { "type": "LineString", "coordinates": [ [ -95.36726105877419, 29.750764498958485 ], [ -95.367329940095928, 29.750677142207334 ], [ -95.367916100701592, 29.749928399518424 ], [ -95.368509303399506, 29.749196278314439 ], [ -95.369114276344845, 29.748435708177244 ], [ -95.369243495773631, 29.748335421973916 ], [ -95.369262838038296, 29.748320410292017 ], [ -95.369337979054819, 29.748216495708704 ], [ -95.369712183883252, 29.747698989259156 ], [ -95.370291598502362, 29.746958990137873 ], [ -95.370874128112504, 29.746219468335454 ], [ -95.371292609101502, 29.745691860931945 ], [ -95.371414172304071, 29.745530035260053 ], [ -95.371592070531818, 29.745296022289271 ], [ -95.371865482780947, 29.744968270025041 ], [ -95.371993448419829, 29.744800560312434 ] ] } },
{ "type": "Feature", "properties": { "OBJECTID": 437, "Full_Name": "SAN JACINTO ST", "Ped_Death_Count": 0, "Bike_Death_Count": 0, "Veh_Death_Count": 0, "Ped_Crash_Count": 1, "Bike_Crash_Count": 0, "Veh_Crash_Count": 4, "Total_Crash_Count": 5, "RoadLength": 2640.0, "Miles": 0.5, "CrashRate": 10.0, "Total_Death_Count": 0, "Shape__Length": 2639.9999632718286 }, "geometry": { "type": "LineString", "coordinates": [ [ -95.362528706211705, 29.756735643318141 ], [ -95.362597917051957, 29.756648993828108 ], [ -95.363191552610331, 29.755907734262905 ], [ -95.363769554401841, 29.755171899877748 ], [ -95.364374993802301, 29.754421148971691 ], [ -95.364962916439367, 29.753658178267933 ], [ -95.365545373950638, 29.752922455534293 ], [ -95.36614630683772, 29.752171574629706 ], [ -95.366728607009549, 29.751439757520746 ], [ -95.36726105877419, 29.750764498958485 ] ] } },
{ "type": "Feature", "properties": { "OBJECTID": 438, "Full_Name": "SAUNDERS RD", "Ped_Death_Count": 0, "Bike_Death_Count": 0, "Veh_Death_Count": 1, "Ped_Crash_Count": 1, "Bike_Crash_Count": 1, "Veh_Crash_Count": 4, "Total_Crash_Count": 6, "RoadLength": 2640.0002, "Miles": 0.5, "CrashRate": 12.0, "Total_Death_Count": 1, "Shape__Length": 2640.0001604206336 }, "geometry": { "type": "LineString", "coordinates": [ [ -95.333459012831, 29.86458023870178 ], [ -95.333143221478934, 29.864529457197275 ], [ -95.332866810864161, 29.864485007691833 ], [ -95.332705327072972, 29.864459039373909 ], [ -95.332491764193193, 29.864424695644125 ], [ -95.33198960969483, 29.864374467231904 ], [ -95.331807546204118, 29.864383143729544 ], [ -95.331609929506584, 29.864388662311796 ], [ -95.331230768990181, 29.86440576442266 ], [ -95.330985181605968, 29.864420735901213 ], [ -95.330762224406087, 29.864433754332744 ], [ -95.330573605585514, 29.864450443177333 ], [ -95.330410031230159, 29.864467818715756 ], [ -95.330315525766082, 29.864481619935656 ], [ -95.330260373315255, 29.864499347392169 ], [ -95.330125725542601, 29.864531050079879 ], [ -95.329300399787897, 29.864759889800471 ], [ -95.328391212273829, 29.865020923774317 ], [ -95.328070940016417, 29.865065256011608 ], [ -95.325256167575475, 29.865081446525924 ] ] } },
{ "type": "Feature", "properties": { "OBJECTID": 439, "Full_Name": "SCOTT ST", "Ped_Death_Count": 0, "Bike_Death_Count": 0, "Veh_Death_Count": 0, "Ped_Crash_Count": 1, "Bike_Crash_Count": 0, "Veh_Crash_Count": 3, "Total_Crash_Count": 4, "RoadLength": 2639.9999, "Miles": 0.5, "CrashRate": 8.0, "Total_Death_Count": 0, "Shape__Length": 2639.9999483527308 }, "geometry": { "type": "LineString", "coordinates": [ [ -95.368407823945219, 29.645748551254385 ], [ -95.368377436095358, 29.645167772954569 ], [ -95.368382771404967, 29.644317112305394 ], [ -95.368350516601552, 29.643542943147519 ], [ -95.368352006227838, 29.64329193342892 ], [ -95.368341249783725, 29.642997933670454 ], [ -95.368314569186268, 29.642241794260965 ], [ -95.368314359868378, 29.642113510253441 ], [ -95.368270360959983, 29.638490155705707 ] ] } },
{ "type": "Feature", "properties": { "OBJECTID": 440, "Full_Name": "SCOTT ST", "Ped_Death_Count": 1, "Bike_Death_Count": 0, "Veh_Death_Count": 0, "Ped_Crash_Count": 1, "Bike_Crash_Count": 0, "Veh_Crash_Count": 3, "Total_Crash_Count": 4, "RoadLength": 2640.0002, "Miles": 0.5, "CrashRate": 8.0, "Total_Death_Count": 1, "Shape__Length": 2640.0002128169276 }, "geometry": { "type": "LineString", "coordinates": [ [ -95.3680551944298, 29.660189876318565 ], [ -95.368040638414826, 29.659789595692924 ], [ -95.368023626423195, 29.659041303456434 ], [ -95.36801325116177, 29.658259849346457 ], [ -95.368035795528854, 29.657779373574456 ], [ -95.368046998793787, 29.657617725712598 ], [ -95.368154007779353, 29.657215754048675 ], [ -95.368242164413218, 29.657037143666624 ], [ -95.368290227103643, 29.656914875554179 ], [ -95.36849793751604, 29.656439152500731 ], [ -95.368574316519584, 29.656131612305323 ], [ -95.368610939332427, 29.655615238131304 ], [ -95.368602670858664, 29.655141392261058 ], [ -95.368596257933916, 29.654773787532022 ], [ -95.36859961539578, 29.654193655372715 ], [ -95.368587468438889, 29.653921821361259 ], [ -95.36854934199485, 29.653059249525032 ], [ -95.368549412823796, 29.653006893493924 ] ] } },
{ "type": "Feature", "properties": { "OBJECTID": 441, "Full_Name": "SCOTT ST", "Ped_Death_Count": 0, "Bike_Death_Count": 0, "Veh_Death_Count": 0, "Ped_Crash_Count": 1, "Bike_Crash_Count": 0, "Veh_Crash_Count": 2, "Total_Crash_Count": 3, "RoadLength": 2640.0, "Miles": 0.5, "CrashRate": 6.0, "Total_Death_Count": 0, "Shape__Length": 2639.9999784326756 }, "geometry": { "type": "LineString", "coordinates": [ [ -95.368212528667726, 29.667448041541501 ], [ -95.368213118571376, 29.667241555689955 ], [ -95.368188270466703, 29.666508838579972 ], [ -95.368171458063571, 29.665799189105698 ], [ -95.36814201108929, 29.66509463090836 ], [ -95.368145014657998, 29.664255739976962 ], [ -95.368143340649269, 29.66365488496746 ], [ -95.368112624525082, 29.662958832279596 ], [ -95.368110846434348, 29.662788647718198 ], [ -95.368103295701644, 29.662065954904005 ], [ -95.368079090263322, 29.661314877230609 ], [ -95.368068206548458, 29.660547700286191 ], [ -95.3680551944298, 29.660189876318565 ] ] } },
{ "type": "Feature", "properties": { "OBJECTID": 442, "Full_Name": "SCOTT ST", "Ped_Death_Count": 0, "Bike_Death_Count": 0, "Veh_Death_Count": 1, "Ped_Crash_Count": 2, "Bike_Crash_Count": 0, "Veh_Crash_Count": 3, "Total_Crash_Count": 5, "RoadLength": 2640.0, "Miles": 0.5, "CrashRate": 10.0, "Total_Death_Count": 1, "Shape__Length": 2640.0000119843389 }, "geometry": { "type": "LineString", "coordinates": [ [ -95.360921088095381, 29.695409159831499 ], [ -95.361006581943158, 29.695190349001209 ], [ -95.361295433228719, 29.694485048831321 ], [ -95.361466728344411, 29.694047491838713 ], [ -95.361643064281964, 29.693597053967935 ], [ -95.362229221048096, 29.692151857847985 ], [ -95.362812797693095, 29.690705399248621 ], [ -95.363116476331385, 29.689965930352489 ], [ -95.363332186649302, 29.689421101572499 ], [ -95.363588543519086, 29.688808079876143 ], [ -95.363692214796728, 29.688564205001271 ] ] } },
{ "type": "Feature", "properties": { "OBJECTID": 443, "Full_Name": "SCOTT ST", "Ped_Death_Count": 0, "Bike_Death_Count": 0, "Veh_Death_Count": 0, "Ped_Crash_Count": 1, "Bike_Crash_Count": 0, "Veh_Crash_Count": 2, "Total_Crash_Count": 3, "RoadLength": 2640.0, "Miles": 0.5, "CrashRate": 6.0, "Total_Death_Count": 0, "Shape__Length": 2639.999957009049 }, "geometry": { "type": "LineString", "coordinates": [ [ -95.359405606975173, 29.702390024510635 ], [ -95.359441531086219, 29.702296045183434 ], [ -95.359491122941662, 29.702139454497797 ], [ -95.359531560341154, 29.701919075068254 ], [ -95.359544347275772, 29.701743922120585 ], [ -95.359545547401254, 29.701573210419653 ], [ -95.35954247105775, 29.701385308203633 ], [ -95.3594842779777, 29.701097730891664 ], [ -95.359366118161802, 29.700685558832657 ], [ -95.359307041939289, 29.700485785754633 ], [ -95.359268646190472, 29.700289367779618 ], [ -95.35925211765317, 29.699930355339166 ], [ -95.359274834694219, 29.699704737858315 ], [ -95.359316178072703, 29.699505237699746 ], [ -95.359426950819724, 29.699141150310844 ], [ -95.359563671933628, 29.698780612589577 ], [ -95.359859375247296, 29.698063842839833 ], [ -95.359861595007771, 29.698057814576892 ], [ -95.360145548654032, 29.697341919027888 ], [ -95.360436335591757, 29.696626427928177 ], [ -95.360722929610446, 29.69591631505525 ], [ -95.360921088095381, 29.695409159831499 ] ] } },
{ "type": "Feature", "properties": { "OBJECTID": 444, "Full_Name": "SCOTT ST", "Ped_Death_Count": 0, "Bike_Death_Count": 0, "Veh_Death_Count": 0, "Ped_Crash_Count": 1, "Bike_Crash_Count": 0, "Veh_Crash_Count": 4, "Total_Crash_Count": 5, "RoadLength": 2640.0001, "Miles": 0.5, "CrashRate": 10.0, "Total_Death_Count": 0, "Shape__Length": 2640.000131598912 }, "geometry": { "type": "LineString", "coordinates": [ [ -95.3567186273565, 29.709260589523709 ], [ -95.356794237976345, 29.709066602804612 ], [ -95.357068491915783, 29.708369746302417 ], [ -95.357471395116036, 29.707356243944574 ], [ -95.357637440124748, 29.706950974749954 ], [ -95.357802869436341, 29.706512561957567 ], [ -95.35813449590826, 29.705644871893092 ], [ -95.358473424801275, 29.704762580045923 ], [ -95.359139540538209, 29.703086060606957 ], [ -95.359405606975173, 29.702390024510635 ] ] } },
{ "type": "Feature", "properties": { "OBJECTID": 445, "Full_Name": "SCOTT ST", "Ped_Death_Count": 0, "Bike_Death_Count": 0, "Veh_Death_Count": 0, "Ped_Crash_Count": 1, "Bike_Crash_Count": 0, "Veh_Crash_Count": 5, "Total_Crash_Count": 6, "RoadLength": 2640.0002, "Miles": 0.5, "CrashRate": 12.0, "Total_Death_Count": 0, "Shape__Length": 2640.0001938655209 }, "geometry": { "type": "LineString", "coordinates": [ [ -95.351238016298936, 29.722967991347176 ], [ -95.351412418424843, 29.722531132052271 ], [ -95.351657984005783, 29.721914967147026 ], [ -95.351795471933144, 29.721559980535567 ], [ -95.351820179219303, 29.721500994446188 ], [ -95.351929677843941, 29.721239583558102 ], [ -95.352126914796131, 29.720759548978705 ], [ -95.352237349041047, 29.720450277920712 ], [ -95.352559351497575, 29.719643649410123 ], [ -95.352901512172451, 29.718828896937215 ], [ -95.353114621921591, 29.718288210455881 ], [ -95.353348512883883, 29.717722066937977 ], [ -95.353491357970142, 29.717339944440003 ], [ -95.35368786621963, 29.716846514409159 ], [ -95.353845134614218, 29.716477794517765 ], [ -95.353981112930512, 29.716114769410471 ] ] } },
{ "type": "Feature", "properties": { "OBJECTID": 446, "Full_Name": "SCOTT ST", "Ped_Death_Count": 1, "Bike_Death_Count": 0, "Veh_Death_Count": 2, "Ped_Crash_Count": 1, "Bike_Crash_Count": 0, "Veh_Crash_Count": 3, "Total_Crash_Count": 4, "RoadLength": 2640.0, "Miles": 0.5, "CrashRate": 8.0, "Total_Death_Count": 3, "Shape__Length": 2640.0000099564845 }, "geometry": { "type": "LineString", "coordinates": [ [ -95.349566049623562, 29.729986523158598 ], [ -95.349811758757028, 29.729378496424733 ], [ -95.349880758153247, 29.729156192721561 ], [ -95.349876849682801, 29.728961641060444 ], [ -95.349897542008932, 29.728838898067469 ], [ -95.349923148133115, 29.728578754989972 ], [ -95.34991923015383, 29.728080678102394 ], [ -95.349891523674188, 29.727844212827474 ], [ -95.349915819592042, 29.727568387845473 ], [ -95.349917165935452, 29.727226959913526 ], [ -95.349924792399108, 29.727013751764179 ], [ -95.349921053406803, 29.726814461932182 ], [ -95.349898991051688, 29.726519821927951 ], [ -95.349939865143043, 29.72628854991812 ], [ -95.350086383630469, 29.725830792923805 ], [ -95.350516904042692, 29.724794143965486 ], [ -95.350934730061923, 29.723727684267946 ], [ -95.351238016298936, 29.722967991347176 ] ] } },
{ "type": "Feature", "properties": { "OBJECTID": 447, "Full_Name": "SCOTT ST", "Ped_Death_Count": 1, "Bike_Death_Count": 0, "Veh_Death_Count": 0, "Ped_Crash_Count": 5, "Bike_Crash_Count": 0, "Veh_Crash_Count": 2, "Total_Crash_Count": 7, "RoadLength": 2639.9999, "Miles": 0.5, "CrashRate": 14.0, "Total_Death_Count": 1, "Shape__Length": 2639.9998768375526 }, "geometry": { "type": "LineString", "coordinates": [ [ -95.346807416676029, 29.736831850516619 ], [ -95.347150471352464, 29.735957478291756 ], [ -95.347157934319824, 29.735938456557424 ], [ -95.347218672045969, 29.735814227076347 ], [ -95.347291761750967, 29.735664734422532 ], [ -95.347324673375951, 29.735597417348259 ], [ -95.347395483938811, 29.735452583498343 ], [ -95.347486070029404, 29.735267303612481 ], [ -95.34760000732247, 29.735034258737464 ], [ -95.347639023566842, 29.734900004749669 ], [ -95.347855417783819, 29.734332334708562 ], [ -95.348078729137256, 29.733704291285321 ], [ -95.348255267567637, 29.733234818689372 ], [ -95.348293044768383, 29.733153725541985 ], [ -95.348321447460037, 29.733086438758399 ], [ -95.348476772344668, 29.732712669949379 ], [ -95.348563603530394, 29.73249409999195 ], [ -95.34882074558503, 29.731878199510781 ], [ -95.349063127198562, 29.731247222282988 ], [ -95.349238296945359, 29.730787746092421 ], [ -95.349300648900325, 29.730625583046518 ], [ -95.349560196807488, 29.730001006915433 ], [ -95.349566049623562, 29.729986523158598 ] ] } },
{ "type": "Feature", "properties": { "OBJECTID": 448, "Full_Name": "SCOTTCREST DR", "Ped_Death_Count": 0, "Bike_Death_Count": 1, "Veh_Death_Count": 0, "Ped_Crash_Count": 1, "Bike_Crash_Count": 1, "Veh_Crash_Count": 2, "Total_Crash_Count": 4, "RoadLength": 1674.8254, "Miles": 0.3172, "CrashRate": 12.61, "Total_Death_Count": 1, "Shape__Length": 1674.8253828894706 }, "geometry": { "type": "LineString", "coordinates": [ [ -95.357278601358004, 29.704401394985815 ], [ -95.357999530422219, 29.702696492750107 ], [ -95.358140238904369, 29.702387483639541 ], [ -95.358309442887489, 29.701925511469739 ], [ -95.358427000715963, 29.70160251367988 ], [ -95.358586436645282, 29.701184296678342 ], [ -95.358689134215197, 29.700909630447153 ], [ -95.358840661611708, 29.700499695945432 ], [ -95.358897892324748, 29.700403074372996 ], [ -95.358974051554867, 29.700324042593365 ], [ -95.359268646190472, 29.700289367779618 ] ] } },
{ "type": "Feature", "properties": { "OBJECTID": 449, "Full_Name": "SH 6 S", "Ped_Death_Count": 1, "Bike_Death_Count": 0, "Veh_Death_Count": 0, "Ped_Crash_Count": 1, "Bike_Crash_Count": 1, "Veh_Crash_Count": 1, "Total_Crash_Count": 3, "RoadLength": 2640.0, "Miles": 0.5, "CrashRate": 6.0, "Total_Death_Count": 1, "Shape__Length": 2639.9999525731482 }, "geometry": { "type": "LineString", "coordinates": [ [ -95.64428201981832, 29.741885355444357 ], [ -95.644264627791856, 29.741712653538496 ], [ -95.644171417113824, 29.740976166527464 ], [ -95.644165032494897, 29.740899403173689 ], [ -95.644152739763371, 29.740413332403325 ], [ -95.644136985359282, 29.739549176070934 ], [ -95.644129308182372, 29.738910953394544 ], [ -95.644110928478753, 29.738111758467696 ], [ -95.644092280402404, 29.737081077176246 ], [ -95.644084559360465, 29.736414893737972 ], [ -95.644074748269645, 29.735587011336229 ], [ -95.644064812888487, 29.735266023848514 ], [ -95.644053014619701, 29.734994227910367 ], [ -95.644045799744973, 29.734740649502054 ], [ -95.644044183908321, 29.734631668572394 ] ] } },
{ "type": "Feature", "properties": { "OBJECTID": 450, "Full_Name": "SHADOWBRIAR DR", "Ped_Death_Count": 0, "Bike_Death_Count": 0, "Veh_Death_Count": 0, "Ped_Crash_Count": 1, "Bike_Crash_Count": 0, "Veh_Crash_Count": 2, "Total_Crash_Count": 3, "RoadLength": 2640.0001, "Miles": 0.5, "CrashRate": 6.0, "Total_Death_Count": 0, "Shape__Length": 2640.0001317657052 }, "geometry": { "type": "LineString", "coordinates": [ [ -95.598114478770341, 29.737170000454768 ], [ -95.598104019342259, 29.736721985199502 ], [ -95.598090442893266, 29.736273377144084 ], [ -95.598092247689635, 29.734305399063185 ], [ -95.598225985278773, 29.733899543666187 ], [ -95.598770780360752, 29.732953785993246 ], [ -95.599793729834801, 29.73117790689405 ], [ -95.599793422260959, 29.730251213094125 ] ] } },
{ "type": "Feature", "properties": { "OBJECTID": 451, "Full_Name": "SHADY LN", "Ped_Death_Count": 0, "Bike_Death_Count": 0, "Veh_Death_Count": 1, "Ped_Crash_Count": 1, "Bike_Crash_Count": 0, "Veh_Crash_Count": 2, "Total_Crash_Count": 3, "RoadLength": 2232.2591, "Miles": 0.4228, "CrashRate": 7.1, "Total_Death_Count": 1, "Shape__Length": 2232.2591178198713 }, "geometry": { "type": "LineString", "coordinates": [ [ -95.343120029985428, 29.858455209991227 ], [ -95.343119645363402, 29.859484161354764 ], [ -95.343126559858447, 29.859695691850114 ], [ -95.343128613575814, 29.860100366200665 ], [ -95.343131785694965, 29.860783841455255 ], [ -95.343123946805974, 29.861731359763361 ], [ -95.343125452371041, 29.862184814123086 ], [ -95.34314222219723, 29.862920112232825 ], [ -95.343142932106957, 29.863233557098088 ], [ -95.343163642806246, 29.864024463326402 ], [ -95.343165358431023, 29.864295830725716 ], [ -95.343169703676622, 29.864593252421916 ] ] } },
{ "type": "Feature", "properties": { "OBJECTID": 452, "Full_Name": "SILBER RD", "Ped_Death_Count": 1, "Bike_Death_Count": 0, "Veh_Death_Count": 0, "Ped_Crash_Count": 1, "Bike_Crash_Count": 0, "Veh_Crash_Count": 3, "Total_Crash_Count": 4, "RoadLength": 2640.0, "Miles": 0.5, "CrashRate": 8.0, "Total_Death_Count": 1, "Shape__Length": 2639.9999720671499 }, "geometry": { "type": "LineString", "coordinates": [ [ -95.467933253581833, 29.779416725056819 ], [ -95.467939402755775, 29.78039372388303 ], [ -95.467952774685784, 29.780952269372502 ], [ -95.467960823005441, 29.781295749210468 ], [ -95.467965202569758, 29.782220984248642 ], [ -95.467977948264817, 29.783654693755011 ], [ -95.467981738184804, 29.783767737001206 ], [ -95.467985775983777, 29.783888173957134 ], [ -95.46798904692146, 29.783985726903953 ], [ -95.467991771431116, 29.784066998123567 ], [ -95.467992269657287, 29.784081863242388 ], [ -95.467997454678041, 29.784199651392203 ], [ -95.468008467533664, 29.784449803248286 ], [ -95.468031882628267, 29.784768664772141 ], [ -95.468001752630101, 29.785414122594677 ], [ -95.468040786004977, 29.786303285980964 ], [ -95.4680427771913, 29.786674139671135 ] ] } },
{ "type": "Feature", "properties": { "OBJECTID": 453, "Full_Name": "SMITH ST", "Ped_Death_Count": 1, "Bike_Death_Count": 0, "Veh_Death_Count": 0, "Ped_Crash_Count": 2, "Bike_Crash_Count": 0, "Veh_Crash_Count": 6, "Total_Crash_Count": 8, "RoadLength": 2640.0, "Miles": 0.5, "CrashRate": 16.0, "Total_Death_Count": 1, "Shape__Length": 2640.0000296984731 }, "geometry": { "type": "LineString", "coordinates": [ [ -95.363129242912464, 29.764673282934211 ], [ -95.363859507268415, 29.764387625714232 ], [ -95.364104608801185, 29.764276119113408 ], [ -95.364202562854743, 29.764215375405303 ], [ -95.364284738953828, 29.764134030744231 ], [ -95.36439073093689, 29.764033158496243 ], [ -95.364780655406534, 29.763565345450019 ], [ -95.36537098595565, 29.762842460422181 ], [ -95.365978600097577, 29.762025187574285 ], [ -95.366601980034119, 29.761276822175187 ], [ -95.367186340060059, 29.76053498300254 ], [ -95.367789164462266, 29.759790410328407 ], [ -95.368307616916198, 29.759138665009278 ] ] } },
{ "type": "Feature", "properties": { "OBJECTID": 454, "Full_Name": "SMITH ST", "Ped_Death_Count": 0, "Bike_Death_Count": 0, "Veh_Death_Count": 0, "Ped_Crash_Count": 1, "Bike_Crash_Count": 0, "Veh_Crash_Count": 5, "Total_Crash_Count": 6, "RoadLength": 2639.9998, "Miles": 0.5, "CrashRate": 12.0, "Total_Death_Count": 0, "Shape__Length": 2639.9998472636398 }, "geometry": { "type": "LineString", "coordinates": [ [ -95.373029373563966, 29.753161605869611 ], [ -95.373103073077388, 29.753068635762755 ], [ -95.373684501373575, 29.752315326973736 ], [ -95.37399686972573, 29.751936711715764 ], [ -95.374101434503473, 29.751804197354978 ], [ -95.374205811565758, 29.751671921555694 ], [ -95.374283085487065, 29.751573990805237 ], [ -95.374663943399781, 29.751092573049423 ], [ -95.374873366426087, 29.750827854476302 ], [ -95.37546319078308, 29.750081658141458 ], [ -95.376049363121751, 29.7493420140719 ], [ -95.376602061165457, 29.748644129523637 ], [ -95.377046908997286, 29.748072888104875 ], [ -95.377513809589573, 29.747470450461446 ], [ -95.377746230702186, 29.747181305740519 ] ] } },
{ "type": "Feature", "properties": { "OBJECTID": 455, "Full_Name": "SMITH ST", "Ped_Death_Count": 0, "Bike_Death_Count": 0, "Veh_Death_Count": 0, "Ped_Crash_Count": 1, "Bike_Crash_Count": 0, "Veh_Crash_Count": 3, "Total_Crash_Count": 4, "RoadLength": 2640.0, "Miles": 0.5, "CrashRate": 8.0, "Total_Death_Count": 0, "Shape__Length": 2640.0000205184742 }, "geometry": { "type": "LineString", "coordinates": [ [ -95.368307616916198, 29.759138665009278 ], [ -95.368373313393178, 29.759056076922192 ], [ -95.36890521647112, 29.758365707724259 ], [ -95.36896854531112, 29.75828002855074 ], [ -95.369565068005585, 29.757547713407419 ], [ -95.369884154403692, 29.757120889353885 ], [ -95.370355175184514, 29.756511708298412 ], [ -95.370741640138121, 29.75603288231591 ], [ -95.371383300075621, 29.755249927293828 ], [ -95.372516038912607, 29.753809161115054 ], [ -95.373029373563966, 29.753161605869611 ] ] } },
{ "type": "Feature", "properties": { "OBJECTID": 456, "Full_Name": "SOUTH FWY", "Ped_Death_Count": 0, "Bike_Death_Count": 0, "Veh_Death_Count": 0, "Ped_Crash_Count": 1, "Bike_Crash_Count": 0, "Veh_Crash_Count": 1, "Total_Crash_Count": 2, "RoadLength": 2136.2698, "Miles": 0.4046, "CrashRate": 4.94, "Total_Death_Count": 0, "Shape__Length": 2136.2697823350431 }, "geometry": { "type": "LineString", "coordinates": [ [ -95.37418813269673, 29.701703734486983 ], [ -95.374239406392164, 29.701324417569779 ], [ -95.374341798587309, 29.700993553944148 ], [ -95.374401156073304, 29.700705862045364 ], [ -95.375090960308668, 29.698471039735161 ], [ -95.375323156206093, 29.697752249741047 ], [ -95.375855598171739, 29.696556620447733 ], [ -95.376068793059673, 29.696077869251067 ] ] } },
{ "type": "Feature", "properties": { "OBJECTID": 457, "Full_Name": "SOUTHMORE BLVD", "Ped_Death_Count": 0, "Bike_Death_Count": 0, "Veh_Death_Count": 0, "Ped_Crash_Count": 1, "Bike_Crash_Count": 0, "Veh_Crash_Count": 3, "Total_Crash_Count": 4, "RoadLength": 2640.0002, "Miles": 0.5, "CrashRate": 8.0, "Total_Death_Count": 0, "Shape__Length": 2640.0001589398644 }, "geometry": { "type": "LineString", "coordinates": [ [ -95.38058051847959, 29.724392906503205 ], [ -95.378623511006893, 29.723204490831119 ], [ -95.377552198577504, 29.722561338591575 ], [ -95.377194132840273, 29.722355839195995 ], [ -95.376890630996613, 29.722181652617969 ], [ -95.376680561187911, 29.722046448181363 ], [ -95.376384593720644, 29.721855957904957 ], [ -95.375433496192102, 29.721290928501205 ], [ -95.37493454965761, 29.720968028598513 ], [ -95.374343151726734, 29.720533718258732 ], [ -95.373962051932835, 29.72024618208053 ], [ -95.373827437469714, 29.72016343360956 ] ] } },
{ "type": "Feature", "properties": { "OBJECTID": 458, "Full_Name": "SOUTHWEST FWY", "Ped_Death_Count": 1, "Bike_Death_Count": 0, "Veh_Death_Count": 0, "Ped_Crash_Count": 1, "Bike_Crash_Count": 0, "Veh_Crash_Count": 2, "Total_Crash_Count": 3, "RoadLength": 2640.0002, "Miles": 0.5, "CrashRate": 6.0, "Total_Death_Count": 1, "Shape__Length": 2640.0002240316667 }, "geometry": { "type": "LineString", "coordinates": [ [ -95.500741025458723, 29.715827429684225 ], [ -95.501192292511689, 29.715419945717425 ], [ -95.50131231952922, 29.715332431005379 ], [ -95.50199606779168, 29.714690143115934 ], [ -95.502813673233916, 29.713959584006343 ], [ -95.50309554587713, 29.713706207009984 ], [ -95.504056132632243, 29.712847521292602 ], [ -95.504613430894111, 29.712368707242295 ], [ -95.505354635541508, 29.711717973141173 ], [ -95.505682247809517, 29.711421680127152 ], [ -95.506108565777524, 29.711024038728954 ], [ -95.506541703585782, 29.710626464687095 ] ] } },
{ "type": "Feature", "properties": { "OBJECTID": 459, "Full_Name": "SOUTHWEST FWY", "Ped_Death_Count": 0, "Bike_Death_Count": 0, "Veh_Death_Count": 0, "Ped_Crash_Count": 4, "Bike_Crash_Count": 0, "Veh_Crash_Count": 1, "Total_Crash_Count": 5, "RoadLength": 2639.9999, "Miles": 0.5, "CrashRate": 10.0, "Total_Death_Count": 0, "Shape__Length": 2639.9998924601787 }, "geometry": { "type": "LineString", "coordinates": [ [ -95.494882860926836, 29.720978761147936 ], [ -95.495123500473198, 29.720767661946368 ], [ -95.496211723398133, 29.719813008836784 ], [ -95.496817030801154, 29.719267846696642 ], [ -95.49736114218922, 29.718820422395638 ], [ -95.498590355532627, 29.717687707641165 ], [ -95.499095931108769, 29.717228672969288 ], [ -95.499400265031298, 29.716952349557594 ], [ -95.499535424866394, 29.716841082485708 ], [ -95.500475720273357, 29.716066991902352 ], [ -95.500741025458723, 29.715827429684225 ] ] } },
{ "type": "Feature", "properties": { "OBJECTID": 460, "Full_Name": "SOUTHWEST FWY", "Ped_Death_Count": 1, "Bike_Death_Count": 0, "Veh_Death_Count": 0, "Ped_Crash_Count": 2, "Bike_Crash_Count": 0, "Veh_Crash_Count": 1, "Total_Crash_Count": 3, "RoadLength": 2640.0001, "Miles": 0.5, "CrashRate": 6.0, "Total_Death_Count": 1, "Shape__Length": 2640.0001279129742 }, "geometry": { "type": "LineString", "coordinates": [ [ -95.487743662298769, 29.725197729033894 ], [ -95.488010392962565, 29.725145324786066 ], [ -95.488339075701319, 29.725042890186884 ], [ -95.488981641589376, 29.724824336510803 ], [ -95.4895902449516, 29.724515472654055 ], [ -95.490033763980463, 29.724225598469751 ], [ -95.490202383706219, 29.724097662601267 ], [ -95.490562227952438, 29.723788126189589 ], [ -95.490639791817358, 29.723723334472751 ], [ -95.490795603923118, 29.72359317760403 ], [ -95.490921520115165, 29.723487994403207 ], [ -95.491425476167549, 29.723067014441092 ], [ -95.49159063128765, 29.722929050696628 ], [ -95.493174643326682, 29.72154457512697 ], [ -95.494120646445396, 29.720699222730861 ] ] } },
{ "type": "Feature", "properties": { "OBJECTID": 461, "Full_Name": "SPACE CENTER BLVD", "Ped_Death_Count": 0, "Bike_Death_Count": 0, "Veh_Death_Count": 0, "Ped_Crash_Count": 1, "Bike_Crash_Count": 0, "Veh_Crash_Count": 2, "Total_Crash_Count": 3, "RoadLength": 2639.9999, "Miles": 0.5, "CrashRate": 6.0, "Total_Death_Count": 0, "Shape__Length": 2639.9999001040405 }, "geometry": { "type": "LineString", "coordinates": [ [ -95.116979859635279, 29.575429425926924 ], [ -95.116420435515806, 29.575205173119368 ], [ -95.115124319269853, 29.574641613053565 ], [ -95.113798540696394, 29.574084932829191 ], [ -95.111836532438602, 29.573279911862635 ], [ -95.110479196238458, 29.572768703367782 ], [ -95.109472323759746, 29.572334860886606 ], [ -95.10946883820057, 29.572333399008084 ] ] } },
{ "type": "Feature", "properties": { "OBJECTID": 462, "Full_Name": "SSGT MACARIO GARCIA DR", "Ped_Death_Count": 0, "Bike_Death_Count": 0, "Veh_Death_Count": 0, "Ped_Crash_Count": 1, "Bike_Crash_Count": 1, "Veh_Crash_Count": 2, "Total_Crash_Count": 4, "RoadLength": 2640.0, "Miles": 0.5, "CrashRate": 8.0, "Total_Death_Count": 0, "Shape__Length": 2640.000018569533 }, "geometry": { "type": "LineString", "coordinates": [ [ -95.304296379387907, 29.736335214403475 ], [ -95.303976556723654, 29.73709143797192 ], [ -95.303741513621844, 29.737621609093448 ], [ -95.3034501104257, 29.738322456573307 ], [ -95.303163148095905, 29.739031718033754 ], [ -95.302882128413287, 29.739707978108616 ], [ -95.302590863359356, 29.740404684123337 ], [ -95.302304639694043, 29.741093235640786 ], [ -95.302029254363589, 29.741744777628071 ], [ -95.301752224742401, 29.74242597475844 ], [ -95.301490066426496, 29.743077313838597 ], [ -95.301455686650826, 29.743158651872438 ] ] } },
{ "type": "Feature", "properties": { "OBJECTID": 463, "Full_Name": "ST JOSEPH PKWY", "Ped_Death_Count": 0, "Bike_Death_Count": 0, "Veh_Death_Count": 0, "Ped_Crash_Count": 2, "Bike_Crash_Count": 0, "Veh_Crash_Count": 5, "Total_Crash_Count": 7, "RoadLength": 2640.0001, "Miles": 0.5, "CrashRate": 14.0, "Total_Death_Count": 0, "Shape__Length": 2640.000059831591 }, "geometry": { "type": "LineString", "coordinates": [ [ -95.374543129508979, 29.752812796454453 ], [ -95.37446330507116, 29.752766548425928 ], [ -95.373684501373575, 29.752315326973736 ], [ -95.37281790992057, 29.751797953445902 ], [ -95.371978643264342, 29.751282376351124 ], [ -95.371119082193289, 29.750758902627986 ], [ -95.370244980152222, 29.750229702494465 ], [ -95.369371494144929, 29.749709485560629 ], [ -95.369213388467259, 29.749614613744978 ], [ -95.368509303399506, 29.749196278314439 ], [ -95.367691125429104, 29.748695144644369 ] ] } },
{ "type": "Feature", "properties": { "OBJECTID": 464, "Full_Name": "ST JOSEPH PKWY", "Ped_Death_Count": 0, "Bike_Death_Count": 0, "Veh_Death_Count": 1, "Ped_Crash_Count": 1, "Bike_Crash_Count": 0, "Veh_Crash_Count": 5, "Total_Crash_Count": 6, "RoadLength": 2640.0, "Miles": 0.5, "CrashRate": 12.0, "Total_Death_Count": 1, "Shape__Length": 2640.0000056636422 }, "geometry": { "type": "LineString", "coordinates": [ [ -95.367691125429104, 29.748695144644369 ], [ -95.367643873593678, 29.748666203086483 ], [ -95.366797064385054, 29.748153401216694 ], [ -95.365938188586426, 29.747643853607933 ], [ -95.365079274414185, 29.747120694998582 ], [ -95.36422776642172, 29.746596565303069 ], [ -95.36337313359391, 29.746075516148757 ], [ -95.362477885068913, 29.745569844891858 ], [ -95.362361885024583, 29.745489070096358 ], [ -95.362302932255076, 29.745448019051633 ], [ -95.36224306563993, 29.745413567875062 ], [ -95.362139481286903, 29.745353958242003 ], [ -95.362109755936601, 29.745337472589163 ], [ -95.361982713486952, 29.745267015734886 ], [ -95.361670772660986, 29.745086140733061 ], [ -95.36156260780561, 29.745018229834525 ], [ -95.361323891694681, 29.744868351747147 ], [ -95.360847460113561, 29.744569222581418 ] ] } },
{ "type": "Feature", "properties": { "OBJECTID": 465, "Full_Name": "STELLA LINK RD", "Ped_Death_Count": 0, "Bike_Death_Count": 0, "Veh_Death_Count": 0, "Ped_Crash_Count": 1, "Bike_Crash_Count": 0, "Veh_Crash_Count": 2, "Total_Crash_Count": 3, "RoadLength": 2639.9999, "Miles": 0.5, "CrashRate": 6.0, "Total_Death_Count": 0, "Shape__Length": 2639.9998603697522 }, "geometry": { "type": "LineString", "coordinates": [ [ -95.439981207097802, 29.682863422545331 ], [ -95.439969876068218, 29.680271604413395 ], [ -95.439948368547775, 29.67974728135086 ], [ -95.439948393938067, 29.679555821375271 ], [ -95.43994843386352, 29.679242135842703 ], [ -95.439948462073389, 29.679026079080597 ], [ -95.439970700677449, 29.678554985924752 ], [ -95.439938383716338, 29.677995515904133 ], [ -95.439903018775667, 29.677383278614439 ], [ -95.439874582869066, 29.676891015166579 ], [ -95.439878164088128, 29.676547932452479 ], [ -95.439885583273124, 29.676069082774898 ], [ -95.439879369385608, 29.675606207044407 ] ] } },
{ "type": "Feature", "properties": { "OBJECTID": 466, "Full_Name": "STERLINGSHIRE ST", "Ped_Death_Count": 0, "Bike_Death_Count": 0, "Veh_Death_Count": 1, "Ped_Crash_Count": 2, "Bike_Crash_Count": 0, "Veh_Crash_Count": 4, "Total_Crash_Count": 6, "RoadLength": 2639.9998, "Miles": 0.5, "CrashRate": 12.0, "Total_Death_Count": 1, "Shape__Length": 2639.9998226093185 }, "geometry": { "type": "LineString", "coordinates": [ [ -95.262759822638756, 29.854944122996251 ], [ -95.26239709552604, 29.854944978113711 ], [ -95.262093847293116, 29.854942630862759 ], [ -95.261957067280534, 29.854949697724987 ], [ -95.260902674249436, 29.854968773838337 ], [ -95.26051788491371, 29.854909509471316 ], [ -95.259012093591906, 29.854294811415148 ], [ -95.25871307521254, 29.854250067796876 ], [ -95.258175553703154, 29.854257913626597 ], [ -95.2579136710565, 29.85426173427436 ], [ -95.257117493606401, 29.854261352368251 ], [ -95.257011813497371, 29.854258403111942 ], [ -95.2563313611669, 29.854252754716246 ], [ -95.25553881926399, 29.854270662727842 ], [ -95.25473649929576, 29.854282232494143 ], [ -95.254599708620844, 29.8542813083411 ] ] } },
{ "type": "Feature", "properties": { "OBJECTID": 467, "Full_Name": "SUNFLOWER ST", "Ped_Death_Count": 0, "Bike_Death_Count": 0, "Veh_Death_Count": 2, "Ped_Crash_Count": 2, "Bike_Crash_Count": 0, "Veh_Crash_Count": 1, "Total_Crash_Count": 3, "RoadLength": 2640.0003, "Miles": 0.5, "CrashRate": 6.0, "Total_Death_Count": 2, "Shape__Length": 2640.0003375716115 }, "geometry": { "type": "LineString", "coordinates": [ [ -95.358210768998433, 29.67075460161189 ], [ -95.358072726045123, 29.670710879722723 ], [ -95.356815917143237, 29.670331108076685 ], [ -95.356344955962456, 29.670258047806882 ], [ -95.355691171887202, 29.670240151895129 ], [ -95.355403632662416, 29.670229035687193 ], [ -95.353437223893735, 29.669642619280587 ], [ -95.351602907135216, 29.669100372755437 ], [ -95.351445707251727, 29.669060563043917 ], [ -95.35129704851569, 29.669018349169477 ], [ -95.350968254028444, 29.668926435357271 ], [ -95.350269048809281, 29.668723807686632 ] ] } },
{ "type": "Feature", "properties": { "OBJECTID": 468, "Full_Name": "SYNOTT RD", "Ped_Death_Count": 0, "Bike_Death_Count": 0, "Veh_Death_Count": 0, "Ped_Crash_Count": 2, "Bike_Crash_Count": 0, "Veh_Crash_Count": 4, "Total_Crash_Count": 6, "RoadLength": 2639.9998, "Miles": 0.5, "CrashRate": 12.0, "Total_Death_Count": 0, "Shape__Length": 2639.999771348243 }, "geometry": { "type": "LineString", "coordinates": [ [ -95.614766500324876, 29.703675724592237 ], [ -95.614765438960106, 29.703504967427872 ], [ -95.614727441578495, 29.702472666440034 ], [ -95.614743057581705, 29.702029149868466 ], [ -95.614710951818168, 29.70126878743454 ], [ -95.614694377644796, 29.700861060230405 ], [ -95.614694773597563, 29.700534950303158 ], [ -95.614689309459564, 29.698830113812946 ], [ -95.614687696274402, 29.698507318810744 ], [ -95.614672660759979, 29.698120641492277 ], [ -95.614680259922068, 29.697431285024063 ], [ -95.61466649892408, 29.696731635592936 ], [ -95.614665849433663, 29.69641747401198 ] ] } },
{ "type": "Feature", "properties": { "OBJECTID": 469, "Full_Name": "T C JESTER BLVD", "Ped_Death_Count": 0, "Bike_Death_Count": 0, "Veh_Death_Count": 1, "Ped_Crash_Count": 1, "Bike_Crash_Count": 0, "Veh_Crash_Count": 2, "Total_Crash_Count": 3, "RoadLength": 2640.0, "Miles": 0.5, "CrashRate": 6.0, "Total_Death_Count": 1, "Shape__Length": 2639.9999644904788 }, "geometry": { "type": "LineString", "coordinates": [ [ -95.417437569314444, 29.770652560761988 ], [ -95.417437939440148, 29.771001020624524 ], [ -95.417463615162262, 29.771407008692645 ], [ -95.417590906232334, 29.771912110038752 ], [ -95.4178100993079, 29.772494633882737 ], [ -95.417917195034306, 29.773067426293487 ], [ -95.417960834630719, 29.774044748939382 ], [ -95.41797555055048, 29.774753815587939 ], [ -95.417985812908455, 29.77497983751806 ], [ -95.418003808605576, 29.77545619794676 ], [ -95.418055413840989, 29.776197240057886 ], [ -95.418078752766462, 29.776928614633096 ], [ -95.418069440055049, 29.77728579910039 ], [ -95.418065678802662, 29.777430079323295 ], [ -95.418062240920364, 29.777561910704716 ], [ -95.418054507712441, 29.777858531574854 ] ] } },
{ "type": "Feature", "properties": { "OBJECTID": 470, "Full_Name": "TAVENOR LN", "Ped_Death_Count": 0, "Bike_Death_Count": 0, "Veh_Death_Count": 0, "Ped_Crash_Count": 1, "Bike_Crash_Count": 1, "Veh_Crash_Count": 0, "Total_Crash_Count": 2, "RoadLength": 1622.3847, "Miles": 0.3073, "CrashRate": 6.51, "Total_Death_Count": 0, "Shape__Length": 1622.3847279785896 }, "geometry": { "type": "LineString", "coordinates": [ [ -95.271925254782786, 29.630009376049109 ], [ -95.271280760398298, 29.630015298055799 ], [ -95.270326408911842, 29.630029894479588 ], [ -95.266818912965007, 29.630075856469592 ] ] } },
{ "type": "Feature", "properties": { "OBJECTID": 471, "Full_Name": "TELEPHONE RD", "Ped_Death_Count": 0, "Bike_Death_Count": 0, "Veh_Death_Count": 0, "Ped_Crash_Count": 1, "Bike_Crash_Count": 0, "Veh_Crash_Count": 2, "Total_Crash_Count": 3, "RoadLength": 1968.1856, "Miles": 0.3728, "CrashRate": 8.05, "Total_Death_Count": 0, "Shape__Length": 1968.1855511042895 }, "geometry": { "type": "LineString", "coordinates": [ [ -95.28612223477829, 29.603291145350447 ], [ -95.286145627888615, 29.602907561548644 ], [ -95.286207980278334, 29.602463712883708 ], [ -95.286265184761632, 29.601385478729576 ], [ -95.286356067867118, 29.600641702156139 ], [ -95.286380776658078, 29.600236998413195 ], [ -95.286391750089436, 29.600057263846399 ], [ -95.286413063980746, 29.599708158441882 ], [ -95.28642480396266, 29.599294352630213 ], [ -95.286460711771667, 29.598594777980523 ], [ -95.28652326320352, 29.597891944664436 ] ] } },
{ "type": "Feature", "properties": { "OBJECTID": 472, "Full_Name": "TELEPHONE RD", "Ped_Death_Count": 1, "Bike_Death_Count": 0, "Veh_Death_Count": 0, "Ped_Crash_Count": 2, "Bike_Crash_Count": 0, "Veh_Crash_Count": 1, "Total_Crash_Count": 3, "RoadLength": 2640.0001, "Miles": 0.5, "CrashRate": 6.0, "Total_Death_Count": 1, "Shape__Length": 2640.0000694849841 }, "geometry": { "type": "LineString", "coordinates": [ [ -95.285667473126693, 29.610538168641533 ], [ -95.285723937345708, 29.609305376264846 ], [ -95.28586180511067, 29.607921705671494 ], [ -95.285871668260626, 29.607685949259778 ], [ -95.285905436068305, 29.607309551554717 ], [ -95.285925772904406, 29.60716958485272 ], [ -95.285982450930177, 29.606434168614385 ], [ -95.28603910375125, 29.60465436742416 ], [ -95.286050659726115, 29.604201578287231 ], [ -95.286117229439114, 29.603373229112929 ], [ -95.28612223477829, 29.603291145350447 ] ] } },
{ "type": "Feature", "properties": { "OBJECTID": 473, "Full_Name": "TELEPHONE RD", "Ped_Death_Count": 1, "Bike_Death_Count": 0, "Veh_Death_Count": 1, "Ped_Crash_Count": 1, "Bike_Crash_Count": 0, "Veh_Crash_Count": 4, "Total_Crash_Count": 5, "RoadLength": 2640.0002, "Miles": 0.5, "CrashRate": 10.0, "Total_Death_Count": 2, "Shape__Length": 2640.0001528859516 }, "geometry": { "type": "LineString", "coordinates": [ [ -95.285809835534522, 29.632287730378867 ], [ -95.28580615521787, 29.63227883035357 ], [ -95.285564743145585, 29.630734549833669 ], [ -95.285548249599245, 29.630167701006808 ], [ -95.285539006617157, 29.629852303996167 ], [ -95.285527117215139, 29.629615448459369 ], [ -95.285512445096089, 29.629132290420326 ], [ -95.285506164085987, 29.628729028272868 ], [ -95.28549277849055, 29.628208254377927 ], [ -95.285469113328972, 29.627287607862865 ], [ -95.285442989921577, 29.626271286905798 ], [ -95.285441728152492, 29.626231174801099 ], [ -95.285421738563116, 29.625455356375102 ], [ -95.285433376492065, 29.625044039826033 ] ] } },
{ "type": "Feature", "properties": { "OBJECTID": 474, "Full_Name": "TELEPHONE RD", "Ped_Death_Count": 4, "Bike_Death_Count": 0, "Veh_Death_Count": 0, "Ped_Crash_Count": 4, "Bike_Crash_Count": 1, "Veh_Crash_Count": 2, "Total_Crash_Count": 7, "RoadLength": 2640.0, "Miles": 0.5, "CrashRate": 14.0, "Total_Death_Count": 4, "Shape__Length": 2639.9999846146957 }, "geometry": { "type": "LineString", "coordinates": [ [ -95.285433376492065, 29.625044039826033 ], [ -95.285433918300498, 29.625024907304649 ], [ -95.285403804176184, 29.623754396663607 ], [ -95.285363061201906, 29.622181366508478 ], [ -95.285345891069852, 29.621441044649174 ], [ -95.285369871181885, 29.62122797983638 ], [ -95.285346368451215, 29.620961004392438 ], [ -95.285341420946779, 29.620784646281994 ], [ -95.285311235205995, 29.619661947217239 ], [ -95.285294288668013, 29.618643860576864 ], [ -95.28528641595706, 29.618483513938848 ], [ -95.285266130417313, 29.617831140865921 ], [ -95.285264353713771, 29.617787295171325 ] ] } },
{ "type": "Feature", "properties": { "OBJECTID": 475, "Full_Name": "TELEPHONE RD", "Ped_Death_Count": 2, "Bike_Death_Count": 0, "Veh_Death_Count": 0, "Ped_Crash_Count": 2, "Bike_Crash_Count": 0, "Veh_Crash_Count": 2, "Total_Crash_Count": 4, "RoadLength": 2640.0, "Miles": 0.5, "CrashRate": 8.0, "Total_Death_Count": 2, "Shape__Length": 2639.9999626091435 }, "geometry": { "type": "LineString", "coordinates": [ [ -95.288930201502566, 29.660690857730472 ], [ -95.28892739260138, 29.660616225959117 ], [ -95.288915661750224, 29.659696808458058 ], [ -95.288922398985875, 29.659397962612839 ], [ -95.288892084234192, 29.658377274490647 ], [ -95.288880976868001, 29.657491478947584 ], [ -95.288850513596472, 29.655814773597854 ], [ -95.288810495440103, 29.653473682365927 ], [ -95.288809820980219, 29.653431668627181 ] ] } },
{ "type": "Feature", "properties": { "OBJECTID": 476, "Full_Name": "TELEPHONE RD", "Ped_Death_Count": 0, "Bike_Death_Count": 0, "Veh_Death_Count": 0, "Ped_Crash_Count": 1, "Bike_Crash_Count": 0, "Veh_Crash_Count": 4, "Total_Crash_Count": 5, "RoadLength": 2640.0003, "Miles": 0.5, "CrashRate": 10.0, "Total_Death_Count": 0, "Shape__Length": 2640.0002876087678 }, "geometry": { "type": "LineString", "coordinates": [ [ -95.289085698249579, 29.667949270619065 ], [ -95.289083088768663, 29.66778897210704 ], [ -95.289077528803929, 29.667565039337909 ], [ -95.289049096660591, 29.666136497860496 ], [ -95.289032846492162, 29.665630210121211 ], [ -95.289022640829302, 29.665366201770542 ], [ -95.289025230980471, 29.664886377354826 ], [ -95.289024130516736, 29.664644236729089 ], [ -95.289012590657904, 29.663463632936843 ], [ -95.28900725140879, 29.663065733204416 ], [ -95.288977814748577, 29.662105124985491 ], [ -95.288952146802714, 29.661585607280763 ], [ -95.288945317496385, 29.661092551133073 ], [ -95.288930201502566, 29.660690857730472 ] ] } },
{ "type": "Feature", "properties": { "OBJECTID": 477, "Full_Name": "TELEPHONE RD", "Ped_Death_Count": 1, "Bike_Death_Count": 0, "Veh_Death_Count": 2, "Ped_Crash_Count": 3, "Bike_Crash_Count": 0, "Veh_Crash_Count": 5, "Total_Crash_Count": 8, "RoadLength": 2639.9998, "Miles": 0.5, "CrashRate": 16.0, "Total_Death_Count": 3, "Shape__Length": 2639.9998134485404 }, "geometry": { "type": "LineString", "coordinates": [ [ -95.289466152561403, 29.675169568942227 ], [ -95.289453400794528, 29.675150964600999 ], [ -95.289327222814478, 29.674832248661009 ], [ -95.289216555645041, 29.67453232353062 ], [ -95.289197236820797, 29.673896306056918 ], [ -95.289188208574146, 29.673191095069299 ], [ -95.289191872121464, 29.672442310927163 ], [ -95.289154218228845, 29.671926715135175 ], [ -95.28913904936158, 29.671718950049346 ], [ -95.289134745255026, 29.671568527280641 ], [ -95.289141215252556, 29.671468753458552 ], [ -95.289156530395132, 29.67123258020219 ], [ -95.289138919382694, 29.670306154331804 ], [ -95.28910028382532, 29.669358834510032 ], [ -95.289089213445322, 29.668165275971859 ], [ -95.289085698249579, 29.667949270619065 ] ] } },
{ "type": "Feature", "properties": { "OBJECTID": 478, "Full_Name": "TELEPHONE RD", "Ped_Death_Count": 0, "Bike_Death_Count": 0, "Veh_Death_Count": 0, "Ped_Crash_Count": 1, "Bike_Crash_Count": 1, "Veh_Crash_Count": 1, "Total_Crash_Count": 3, "RoadLength": 2640.0001, "Miles": 0.5, "CrashRate": 6.0, "Total_Death_Count": 0, "Shape__Length": 2640.0000835788787 }, "geometry": { "type": "LineString", "coordinates": [ [ -95.299833343161936, 29.694610487948786 ], [ -95.299758968282106, 29.694444430330392 ], [ -95.29936552283506, 29.693519384662938 ], [ -95.298999541724029, 29.692714323330023 ], [ -95.298869320301847, 29.692310789986163 ], [ -95.298797900371596, 29.69136538494233 ], [ -95.298771057987125, 29.690486156595494 ], [ -95.298771232648008, 29.689610866790193 ], [ -95.298714545161019, 29.689284904363724 ], [ -95.298686625284958, 29.68918290280855 ], [ -95.298662503844355, 29.689048795168134 ], [ -95.298596383800813, 29.688837606674774 ], [ -95.298425792877936, 29.68845557803342 ], [ -95.29805832434333, 29.687848431843552 ], [ -95.297919747500885, 29.687663051822113 ] ] } },
{ "type": "Feature", "properties": { "OBJECTID": 479, "Full_Name": "TELEPHONE RD", "Ped_Death_Count": 0, "Bike_Death_Count": 0, "Veh_Death_Count": 0, "Ped_Crash_Count": 1, "Bike_Crash_Count": 0, "Veh_Crash_Count": 2, "Total_Crash_Count": 3, "RoadLength": 2640.0002, "Miles": 0.5, "CrashRate": 6.0, "Total_Death_Count": 0, "Shape__Length": 2640.000161113966 }, "geometry": { "type": "LineString", "coordinates": [ [ -95.319831432787424, 29.71669396720856 ], [ -95.319647793855466, 29.716359014454014 ], [ -95.319295137101989, 29.715703178336145 ], [ -95.319172432479064, 29.715436293929489 ], [ -95.318727662457334, 29.715041434049922 ], [ -95.318544005176705, 29.714859506558525 ], [ -95.3178847346841, 29.714292718342254 ], [ -95.317250095435043, 29.713710164090603 ], [ -95.316306161063295, 29.712834783838122 ], [ -95.316277913126157, 29.712811056871466 ], [ -95.315889856794541, 29.712483717944572 ], [ -95.315600040079687, 29.712170511191669 ], [ -95.315488838754177, 29.711944388835239 ], [ -95.315446688843068, 29.711891367818517 ], [ -95.314976222692962, 29.710927072647117 ] ] } },
{ "type": "Feature", "properties": { "OBJECTID": 480, "Full_Name": "TELEPHONE RD", "Ped_Death_Count": 2, "Bike_Death_Count": 0, "Veh_Death_Count": 0, "Ped_Crash_Count": 3, "Bike_Crash_Count": 1, "Veh_Crash_Count": 1, "Total_Crash_Count": 5, "RoadLength": 2640.0, "Miles": 0.5, "CrashRate": 10.0, "Total_Death_Count": 2, "Shape__Length": 2639.999965372253 }, "geometry": { "type": "LineString", "coordinates": [ [ -95.309009229436015, 29.706355894784462 ], [ -95.308829165662473, 29.706238129448849 ], [ -95.308515381675093, 29.706082485706826 ], [ -95.308394293030233, 29.706010150426575 ], [ -95.308151351911306, 29.70582829452507 ], [ -95.307568280688358, 29.705403172321837 ], [ -95.306835931193817, 29.704835427528455 ], [ -95.306337354904301, 29.704460858005461 ], [ -95.305219090663954, 29.703582869762549 ], [ -95.304355372816303, 29.702747196274835 ], [ -95.303518898275982, 29.701531843366631 ], [ -95.303294208644843, 29.701192158606652 ] ] } },
{ "type": "Feature", "properties": { "OBJECTID": 481, "Full_Name": "TEXAS ST", "Ped_Death_Count": 0, "Bike_Death_Count": 0, "Veh_Death_Count": 0, "Ped_Crash_Count": 2, "Bike_Crash_Count": 0, "Veh_Crash_Count": 3, "Total_Crash_Count": 5, "RoadLength": 2640.0001, "Miles": 0.5, "CrashRate": 10.0, "Total_Death_Count": 0, "Shape__Length": 2640.0000745470979 }, "geometry": { "type": "LineString", "coordinates": [ [ -95.360789078599936, 29.758928671778158 ], [ -95.360787014881595, 29.758927477462827 ], [ -95.35994061685561, 29.758408648045354 ], [ -95.359084066041092, 29.757888747259894 ], [ -95.358234116711557, 29.757377513331516 ], [ -95.357847244806138, 29.7571578059605 ], [ -95.357361482959703, 29.756859398804011 ], [ -95.356507370428488, 29.756333495400344 ], [ -95.355967935721935, 29.755988625269303 ], [ -95.354788519339849, 29.755316880676741 ], [ -95.354538334700692, 29.755167753487072 ], [ -95.354235236561252, 29.754987085575667 ], [ -95.354225141757638, 29.75498106810333 ], [ -95.354056891959189, 29.754874615362883 ], [ -95.35394391866275, 29.754803136746858 ] ] } },
{ "type": "Feature", "properties": { "OBJECTID": 482, "Full_Name": "TIDWELL RD", "Ped_Death_Count": 0, "Bike_Death_Count": 0, "Veh_Death_Count": 0, "Ped_Crash_Count": 1, "Bike_Crash_Count": 0, "Veh_Crash_Count": 2, "Total_Crash_Count": 3, "RoadLength": 2639.9999, "Miles": 0.5, "CrashRate": 6.0, "Total_Death_Count": 0, "Shape__Length": 2639.9999466431627 }, "geometry": { "type": "LineString", "coordinates": [ [ -95.384436208053401, 29.84552187224568 ], [ -95.384300130075133, 29.845510689105176 ], [ -95.383707950996239, 29.845519747158349 ], [ -95.381466439987236, 29.84555378012567 ], [ -95.380752099446809, 29.845560395509406 ], [ -95.380592272029475, 29.845563480205914 ], [ -95.379950067537763, 29.845570357403336 ], [ -95.379648632733534, 29.845573990897506 ], [ -95.378996501124334, 29.845577903871835 ], [ -95.378840525034661, 29.845580966807645 ], [ -95.378404741498414, 29.845598246424657 ], [ -95.378189318593741, 29.84560251589388 ], [ -95.377915330801059, 29.845604532640927 ], [ -95.377742978476405, 29.845594339009899 ], [ -95.377031920364288, 29.845589118309931 ], [ -95.376876774560088, 29.845594189914696 ], [ -95.376111063374722, 29.845612282500426 ] ] } },
{ "type": "Feature", "properties": { "OBJECTID": 483, "Full_Name": "TIDWELL RD", "Ped_Death_Count": 1, "Bike_Death_Count": 0, "Veh_Death_Count": 0, "Ped_Crash_Count": 1, "Bike_Crash_Count": 1, "Veh_Crash_Count": 3, "Total_Crash_Count": 5, "RoadLength": 2640.0, "Miles": 0.5, "CrashRate": 10.0, "Total_Death_Count": 1, "Shape__Length": 2640.000045859736 }, "geometry": { "type": "LineString", "coordinates": [ [ -95.376111063374722, 29.845612282500426 ], [ -95.376099519131031, 29.845612555468509 ], [ -95.376033223030916, 29.845609219601034 ], [ -95.375775081089003, 29.845609575062916 ], [ -95.375699883755161, 29.845607542903455 ], [ -95.37562369125564, 29.845608571746688 ], [ -95.374847732407872, 29.845615385998936 ], [ -95.374755588606646, 29.845616754025862 ], [ -95.374689018267162, 29.845621128576273 ], [ -95.374451761017397, 29.845619346245908 ], [ -95.374374686198564, 29.845620348722367 ], [ -95.374294044061713, 29.845622029179133 ], [ -95.37362355127776, 29.845626283480065 ], [ -95.373460551001386, 29.845628050813062 ], [ -95.372792659627777, 29.845633915731053 ], [ -95.372630544821945, 29.8456357051023 ], [ -95.372289226046206, 29.845654078372039 ], [ -95.3718776295769, 29.845679071417301 ], [ -95.371766118950532, 29.845669799341213 ], [ -95.371539506118467, 29.845673905250273 ], [ -95.371031618305025, 29.845697623651148 ], [ -95.37061254335832, 29.845761203373581 ], [ -95.370403944689116, 29.845808246203966 ], [ -95.370001252142359, 29.845913228474597 ], [ -95.369999952774506, 29.845913604007574 ], [ -95.369610495909924, 29.846026268327769 ], [ -95.369351943639657, 29.846088937828796 ], [ -95.369189861797565, 29.846114655748792 ], [ -95.368861027311766, 29.846172913997606 ], [ -95.368692252380356, 29.846187641846686 ], [ -95.368482944890431, 29.846196638666083 ], [ -95.368329522279723, 29.846190555201186 ], [ -95.368210448890579, 29.846177293303651 ], [ -95.367859946975074, 29.846180007581722 ] ] } },
{ "type": "Feature", "properties": { "OBJECTID": 484, "Full_Name": "TIDWELL RD", "Ped_Death_Count": 0, "Bike_Death_Count": 0, "Veh_Death_Count": 2, "Ped_Crash_Count": 4, "Bike_Crash_Count": 0, "Veh_Crash_Count": 2, "Total_Crash_Count": 6, "RoadLength": 2640.0, "Miles": 0.5, "CrashRate": 12.0, "Total_Death_Count": 2, "Shape__Length": 2640.0000162459569 }, "geometry": { "type": "LineString", "coordinates": [ [ -95.343145733346432, 29.848148616678262 ], [ -95.342903341199019, 29.848150874821005 ], [ -95.34117880579511, 29.848190251361419 ], [ -95.339606192670061, 29.848224881056687 ], [ -95.338119927134002, 29.848255512525018 ], [ -95.337701127007435, 29.848291892038084 ], [ -95.337471365818743, 29.848325463368681 ], [ -95.337271856154985, 29.848365176210667 ], [ -95.337035243924447, 29.848419811706947 ], [ -95.336749155445148, 29.848494348298573 ], [ -95.336370215685179, 29.84859248594163 ], [ -95.33602722160191, 29.848661231261335 ], [ -95.335739779131487, 29.848697123259644 ], [ -95.335441663132414, 29.848713974035952 ], [ -95.335000645601525, 29.848717543256104 ], [ -95.334879315501297, 29.848719908846196 ] ] } },
{ "type": "Feature", "properties": { "OBJECTID": 485, "Full_Name": "TIDWELL RD", "Ped_Death_Count": 0, "Bike_Death_Count": 0, "Veh_Death_Count": 1, "Ped_Crash_Count": 3, "Bike_Crash_Count": 0, "Veh_Crash_Count": 6, "Total_Crash_Count": 9, "RoadLength": 2640.0002, "Miles": 0.5, "CrashRate": 18.0, "Total_Death_Count": 1, "Shape__Length": 2640.0002107566165 }, "geometry": { "type": "LineString", "coordinates": [ [ -95.334879315501297, 29.848719908846196 ], [ -95.33417754502203, 29.848733591606916 ], [ -95.333538847613866, 29.848720206762628 ], [ -95.333305973965608, 29.848724201716127 ], [ -95.333033390738038, 29.848728877919694 ], [ -95.331761702054493, 29.848734424482757 ], [ -95.328706700880232, 29.84874976297726 ], [ -95.327647171367758, 29.84874768816109 ], [ -95.327550136672173, 29.848745031092225 ], [ -95.327278337734938, 29.848691402086146 ], [ -95.327072041816649, 29.848649882866589 ], [ -95.326841119060845, 29.84858844246585 ], [ -95.326665463525387, 29.848528515422075 ], [ -95.32659425266921, 29.848501287056067 ] ] } },
{ "type": "Feature", "properties": { "OBJECTID": 486, "Full_Name": "TIDWELL RD", "Ped_Death_Count": 0, "Bike_Death_Count": 0, "Veh_Death_Count": 0, "Ped_Crash_Count": 3, "Bike_Crash_Count": 0, "Veh_Crash_Count": 7, "Total_Crash_Count": 10, "RoadLength": 2640.0, "Miles": 0.5, "CrashRate": 20.0, "Total_Death_Count": 0, "Shape__Length": 2640.0000299317567 }, "geometry": { "type": "LineString", "coordinates": [ [ -95.310022148891761, 29.848389044313304 ], [ -95.309960607387964, 29.848389839678322 ], [ -95.308746268049802, 29.848412341131876 ], [ -95.307260771469231, 29.848428765725608 ], [ -95.306745362878971, 29.848438455744049 ], [ -95.305889352931928, 29.848413739851512 ], [ -95.304664639331719, 29.848424004443537 ], [ -95.303677287424136, 29.848456064919613 ], [ -95.303443066241627, 29.848463686256881 ], [ -95.302151465701655, 29.84848942980986 ], [ -95.301696427977404, 29.848488860749534 ] ] } },
{ "type": "Feature", "properties": { "OBJECTID": 487, "Full_Name": "TIDWELL RD", "Ped_Death_Count": 1, "Bike_Death_Count": 1, "Veh_Death_Count": 0, "Ped_Crash_Count": 4, "Bike_Crash_Count": 1, "Veh_Crash_Count": 1, "Total_Crash_Count": 6, "RoadLength": 2640.0002, "Miles": 0.5, "CrashRate": 12.0, "Total_Death_Count": 2, "Shape__Length": 2640.0001753236547 }, "geometry": { "type": "LineString", "coordinates": [ [ -95.268764666960919, 29.849984774239115 ], [ -95.268556774905136, 29.849992486928802 ], [ -95.267469288674192, 29.850004084037053 ], [ -95.26641188141717, 29.850024823273305 ], [ -95.264611827058346, 29.850037696040456 ], [ -95.263812253765536, 29.850043406435873 ], [ -95.262336386654809, 29.850053933944825 ], [ -95.260437399244196, 29.850074227966125 ] ] } },
{ "type": "Feature", "properties": { "OBJECTID": 488, "Full_Name": "TIERWESTER ST", "Ped_Death_Count": 1, "Bike_Death_Count": 0, "Veh_Death_Count": 0, "Ped_Crash_Count": 3, "Bike_Crash_Count": 0, "Veh_Crash_Count": 1, "Total_Crash_Count": 4, "RoadLength": 1700.1888, "Miles": 0.322, "CrashRate": 12.42, "Total_Death_Count": 1, "Shape__Length": 1700.1888430505367 }, "geometry": { "type": "LineString", "coordinates": [ [ -95.371355108590848, 29.685684794231975 ], [ -95.371380202937033, 29.685624037626056 ], [ -95.371504305288525, 29.685306037147942 ], [ -95.371654058635045, 29.684946985225412 ], [ -95.371943581839517, 29.684260971575704 ], [ -95.372199234042171, 29.683599295760732 ], [ -95.372468680771334, 29.682920305070795 ], [ -95.372484904824034, 29.682879775393676 ], [ -95.37250076603577, 29.682836568451641 ], [ -95.37258010042757, 29.682647311711783 ], [ -95.372684446165678, 29.682349771281615 ], [ -95.372636631165292, 29.681440407621107 ], [ -95.372609381374716, 29.681208034123088 ] ] } },
{ "type": "Feature", "properties": { "OBJECTID": 489, "Full_Name": "TOWN PARK DR", "Ped_Death_Count": 0, "Bike_Death_Count": 0, "Veh_Death_Count": 0, "Ped_Crash_Count": 3, "Bike_Crash_Count": 0, "Veh_Crash_Count": 1, "Total_Crash_Count": 4, "RoadLength": 2640.0001, "Miles": 0.5, "CrashRate": 8.0, "Total_Death_Count": 0, "Shape__Length": 2640.000085014146 }, "geometry": { "type": "LineString", "coordinates": [ [ -95.53939393055181, 29.713623784621195 ], [ -95.539572175378595, 29.713620731054245 ], [ -95.539918123165705, 29.71363194328919 ], [ -95.540260698687163, 29.713665798650641 ], [ -95.540657139612961, 29.7137237764208 ], [ -95.541140577322068, 29.713827188198255 ], [ -95.541530045446549, 29.713937263151301 ], [ -95.541960304471587, 29.714034752160103 ], [ -95.542424776957148, 29.714083115974297 ], [ -95.542724373115604, 29.714080666141051 ], [ -95.543012843369141, 29.714057385352692 ], [ -95.543437090806108, 29.713986506170674 ], [ -95.543880082136738, 29.713828523747321 ], [ -95.544363591971731, 29.713617179750383 ], [ -95.544893696928654, 29.713380616774806 ], [ -95.545225507228082, 29.71323254228761 ], [ -95.546000099092183, 29.712888834151936 ], [ -95.546419084202498, 29.71269921253219 ], [ -95.547146061441751, 29.712381944993631 ], [ -95.547205093651527, 29.712359967594274 ] ] } },
{ "type": "Feature", "properties": { "OBJECTID": 490, "Full_Name": "TRAVIS ST", "Ped_Death_Count": 1, "Bike_Death_Count": 0, "Veh_Death_Count": 0, "Ped_Crash_Count": 2, "Bike_Crash_Count": 0, "Veh_Crash_Count": 3, "Total_Crash_Count": 5, "RoadLength": 2589.98, "Miles": 0.4905, "CrashRate": 10.19, "Total_Death_Count": 1, "Shape__Length": 2589.9800343144439 }, "geometry": { "type": "LineString", "coordinates": [ [ -95.360693434211115, 29.766727138367553 ], [ -95.360615604008814, 29.76621230977678 ], [ -95.360519317410919, 29.764356974593927 ], [ -95.360519304425011, 29.764356729618282 ], [ -95.360636595780804, 29.764031105931583 ], [ -95.361011063434447, 29.76352797201065 ], [ -95.361603615388532, 29.762780432788457 ], [ -95.362201950607982, 29.762021362094586 ], [ -95.36279578665858, 29.761269549604076 ], [ -95.363415635843282, 29.760499982798496 ], [ -95.363493488503067, 29.760400290083474 ] ] } },
{ "type": "Feature", "properties": { "OBJECTID": 491, "Full_Name": "TRAVIS ST", "Ped_Death_Count": 0, "Bike_Death_Count": 0, "Veh_Death_Count": 0, "Ped_Crash_Count": 1, "Bike_Crash_Count": 0, "Veh_Crash_Count": 2, "Total_Crash_Count": 3, "RoadLength": 2640.0003, "Miles": 0.5, "CrashRate": 6.0, "Total_Death_Count": 0, "Shape__Length": 2640.0002809700095 }, "geometry": { "type": "LineString", "coordinates": [ [ -95.372955890507711, 29.748457288866664 ], [ -95.37348019359402, 29.747786446454789 ], [ -95.373640044661997, 29.747585573155934 ], [ -95.374020958797345, 29.747106898136927 ], [ -95.374945750892195, 29.74593016751885 ], [ -95.37506266367221, 29.745793941634677 ], [ -95.375516193507906, 29.745211291819157 ], [ -95.376470788560297, 29.744003139215121 ], [ -95.376998283028513, 29.743328036062604 ], [ -95.377443593167129, 29.742772888529306 ], [ -95.377678293169495, 29.742480442111425 ] ] } },
{ "type": "Feature", "properties": { "OBJECTID": 492, "Full_Name": "TRAVIS ST", "Ped_Death_Count": 0, "Bike_Death_Count": 0, "Veh_Death_Count": 0, "Ped_Crash_Count": 2, "Bike_Crash_Count": 0, "Veh_Crash_Count": 5, "Total_Crash_Count": 7, "RoadLength": 2639.9997, "Miles": 0.5, "CrashRate": 14.0, "Total_Death_Count": 0, "Shape__Length": 2639.9996971194737 }, "geometry": { "type": "LineString", "coordinates": [ [ -95.368222196596363, 29.754427015590029 ], [ -95.368752662316211, 29.753755598105123 ], [ -95.369084253238682, 29.753337120391727 ], [ -95.369346829097083, 29.753013438520192 ], [ -95.369941523253701, 29.752256124939862 ], [ -95.370537933217719, 29.75151502838872 ], [ -95.370598260186625, 29.751422556679746 ], [ -95.371119082193289, 29.750758902627986 ], [ -95.371713450292091, 29.750019840796327 ], [ -95.371851793835461, 29.749842271736476 ], [ -95.371939809385466, 29.749729300414597 ], [ -95.372305873949358, 29.749259434325488 ], [ -95.37289507272078, 29.748535104328603 ], [ -95.372955890507711, 29.748457288866664 ] ] } },
{ "type": "Feature", "properties": { "OBJECTID": 493, "Full_Name": "TRAVIS ST", "Ped_Death_Count": 0, "Bike_Death_Count": 0, "Veh_Death_Count": 0, "Ped_Crash_Count": 4, "Bike_Crash_Count": 1, "Veh_Crash_Count": 2, "Total_Crash_Count": 7, "RoadLength": 2640.0, "Miles": 0.5, "CrashRate": 14.0, "Total_Death_Count": 0, "Shape__Length": 2640.0000231500057 }, "geometry": { "type": "LineString", "coordinates": [ [ -95.363493488503067, 29.760400290083474 ], [ -95.36402134922352, 29.759724338315021 ], [ -95.364615879717689, 29.758982876907716 ], [ -95.365215404185705, 29.758226006277539 ], [ -95.365801197227825, 29.757471734003555 ], [ -95.365872777850598, 29.757375763943081 ], [ -95.36639180475288, 29.75673827715271 ], [ -95.366974409830604, 29.755998638676694 ], [ -95.367581312165555, 29.755250482627154 ], [ -95.368164187649356, 29.754500437800051 ], [ -95.368222196596363, 29.754427015590029 ] ] } },
{ "type": "Feature", "properties": { "OBJECTID": 494, "Full_Name": "TROUT ST", "Ped_Death_Count": 0, "Bike_Death_Count": 0, "Veh_Death_Count": 0, "Ped_Crash_Count": 1, "Bike_Crash_Count": 0, "Veh_Crash_Count": 1, "Total_Crash_Count": 2, "RoadLength": 1405.5733, "Miles": 0.2662, "CrashRate": 7.51, "Total_Death_Count": 0, "Shape__Length": 1405.5732795185622 }, "geometry": { "type": "LineString", "coordinates": [ [ -95.333105714110943, 29.854210892500131 ], [ -95.331970890638345, 29.854234390654529 ], [ -95.330101639792332, 29.854279274934594 ], [ -95.328951765666474, 29.854310653697826 ], [ -95.328673176886028, 29.854314945849584 ] ] } },
{ "type": "Feature", "properties": { "OBJECTID": 495, "Full_Name": "TUAM ST", "Ped_Death_Count": 0, "Bike_Death_Count": 0, "Veh_Death_Count": 0, "Ped_Crash_Count": 1, "Bike_Crash_Count": 0, "Veh_Crash_Count": 5, "Total_Crash_Count": 6, "RoadLength": 2553.0236, "Miles": 0.4835, "CrashRate": 12.41, "Total_Death_Count": 0, "Shape__Length": 2553.0236416434482 }, "geometry": { "type": "LineString", "coordinates": [ [ -95.383975970345759, 29.748308258553347 ], [ -95.383777183026538, 29.748372679269085 ], [ -95.383608613238465, 29.748358160277331 ], [ -95.383277839874822, 29.748163172246866 ], [ -95.382419572498506, 29.747659979117259 ], [ -95.381574139127963, 29.747131819642622 ], [ -95.380715170375581, 29.746622158228774 ], [ -95.379865133110982, 29.746096891429552 ], [ -95.379549605002026, 29.745915296813909 ], [ -95.37900922646061, 29.745594633581394 ], [ -95.378152674664278, 29.74507776721698 ], [ -95.377297276103192, 29.744564580255869 ] ] } },
{ "type": "Feature", "properties": { "OBJECTID": 496, "Full_Name": "W 19TH ST", "Ped_Death_Count": 0, "Bike_Death_Count": 0, "Veh_Death_Count": 0, "Ped_Crash_Count": 3, "Bike_Crash_Count": 0, "Veh_Crash_Count": 1, "Total_Crash_Count": 4, "RoadLength": 2640.0001, "Miles": 0.5, "CrashRate": 8.0, "Total_Death_Count": 0, "Shape__Length": 2640.0000603234953 }, "geometry": { "type": "LineString", "coordinates": [ [ -95.397923577796362, 29.802953114901342 ], [ -95.39919342663481, 29.802929487814776 ], [ -95.401406503288911, 29.802905705131575 ], [ -95.403614456821643, 29.802884761545883 ], [ -95.405866779341324, 29.802840745987059 ], [ -95.406246603737728, 29.802835039684684 ] ] } },
{ "type": "Feature", "properties": { "OBJECTID": 497, "Full_Name": "W 23RD ST", "Ped_Death_Count": 0, "Bike_Death_Count": 0, "Veh_Death_Count": 0, "Ped_Crash_Count": 1, "Bike_Crash_Count": 0, "Veh_Crash_Count": 2, "Total_Crash_Count": 3, "RoadLength": 2640.0001, "Miles": 0.5, "CrashRate": 6.0, "Total_Death_Count": 0, "Shape__Length": 2640.0000562735581 }, "geometry": { "type": "LineString", "coordinates": [ [ -95.399284199468525, 29.80699708663159 ], [ -95.399427700633112, 29.807005789893768 ], [ -95.401493735081061, 29.806973082298406 ], [ -95.403695557455947, 29.806941889711364 ], [ -95.405886444174641, 29.806919628066641 ], [ -95.406057440611619, 29.806910804455189 ], [ -95.407607037398378, 29.806884096244708 ] ] } },
{ "type": "Feature", "properties": { "OBJECTID": 498, "Full_Name": "W 34TH ST", "Ped_Death_Count": 0, "Bike_Death_Count": 0, "Veh_Death_Count": 0, "Ped_Crash_Count": 3, "Bike_Crash_Count": 0, "Veh_Crash_Count": 4, "Total_Crash_Count": 7, "RoadLength": 2640.0001, "Miles": 0.5, "CrashRate": 14.0, "Total_Death_Count": 0, "Shape__Length": 2640.000114623183 }, "geometry": { "type": "LineString", "coordinates": [ [ -95.465364551852034, 29.819507498066148 ], [ -95.465514164850518, 29.819511443071818 ], [ -95.465919718055233, 29.819503895837045 ], [ -95.466250081119099, 29.819503769267534 ], [ -95.466627084349355, 29.819496729304209 ], [ -95.468056602085085, 29.819484156455349 ], [ -95.469171560528153, 29.819433274528361 ], [ -95.470061341755709, 29.819396053923892 ], [ -95.471220212628964, 29.819403821991465 ], [ -95.471424615155698, 29.81940162032625 ], [ -95.471750900695355, 29.819395044589211 ], [ -95.472724393199258, 29.819368845898023 ], [ -95.473265420139214, 29.819346436763489 ], [ -95.473685897486206, 29.819356554762368 ] ] } },
{ "type": "Feature", "properties": { "OBJECTID": 499, "Full_Name": "W 43RD ST", "Ped_Death_Count": 0, "Bike_Death_Count": 0, "Veh_Death_Count": 0, "Ped_Crash_Count": 1, "Bike_Crash_Count": 0, "Veh_Crash_Count": 4, "Total_Crash_Count": 5, "RoadLength": 2640.0001, "Miles": 0.5, "CrashRate": 10.0, "Total_Death_Count": 0, "Shape__Length": 2640.0001244193118 }, "geometry": { "type": "LineString", "coordinates": [ [ -95.487040175950327, 29.833096526106132 ], [ -95.487327913851914, 29.833049388462335 ], [ -95.48885316512164, 29.833016215414872 ], [ -95.489825745193613, 29.833032515167623 ], [ -95.490255519340536, 29.833090657296587 ], [ -95.490416015093075, 29.833130930149508 ], [ -95.490825498557442, 29.833308469412241 ], [ -95.491118908536819, 29.83342153434447 ], [ -95.492018883054797, 29.833768329041234 ], [ -95.49263258531559, 29.834018138427751 ], [ -95.493080078599647, 29.834187944524579 ], [ -95.49365451651876, 29.834414080067575 ], [ -95.493701759401517, 29.834431044358531 ], [ -95.494352294268396, 29.834682627349682 ], [ -95.494756788129195, 29.834839056849997 ], [ -95.49491175208864, 29.83490132349548 ] ] } },
{ "type": "Feature", "properties": { "OBJECTID": 500, "Full_Name": "W AIRPORT BLVD", "Ped_Death_Count": 0, "Bike_Death_Count": 0, "Veh_Death_Count": 0, "Ped_Crash_Count": 2, "Bike_Crash_Count": 0, "Veh_Crash_Count": 2, "Total_Crash_Count": 4, "RoadLength": 2640.0001, "Miles": 0.5, "CrashRate": 8.0, "Total_Death_Count": 0, "Shape__Length": 2640.0001408739708 }, "geometry": { "type": "LineString", "coordinates": [ [ -95.502977711071409, 29.644326613587783 ], [ -95.503156478475773, 29.644325338454347 ], [ -95.504231586795157, 29.644330356426963 ], [ -95.505046608057086, 29.644295724824378 ], [ -95.505820852275136, 29.644280836400874 ], [ -95.50640755105897, 29.644269299498465 ], [ -95.506988527180923, 29.644273014598728 ], [ -95.507476315515632, 29.644257755168418 ], [ -95.507916074000093, 29.644256125710609 ], [ -95.508292837396809, 29.644232206627105 ], [ -95.509490096233662, 29.644229074930561 ], [ -95.509542218220659, 29.644227794843552 ], [ -95.509960489694336, 29.644217528526891 ], [ -95.510825171397073, 29.644212987728206 ], [ -95.511286092089719, 29.644205730107071 ] ] } },
{ "type": "Feature", "properties": { "OBJECTID": 501, "Full_Name": "W ALABAMA ST", "Ped_Death_Count": 0, "Bike_Death_Count": 0, "Veh_Death_Count": 0, "Ped_Crash_Count": 2, "Bike_Crash_Count": 0, "Veh_Crash_Count": 1, "Total_Crash_Count": 3, "RoadLength": 2640.0001, "Miles": 0.5, "CrashRate": 6.0, "Total_Death_Count": 0, "Shape__Length": 2640.0001328125104 }, "geometry": { "type": "LineString", "coordinates": [ [ -95.414338059489552, 29.738534789448327 ], [ -95.416358604049819, 29.738521047616107 ], [ -95.417541600697675, 29.738500876844206 ], [ -95.418745571622892, 29.738482262800662 ], [ -95.419941379540077, 29.738460476235005 ], [ -95.420878152252868, 29.73845478922366 ], [ -95.42100182829185, 29.738453000543174 ], [ -95.421103676429354, 29.738451526770096 ], [ -95.421874806240865, 29.738432000069039 ], [ -95.422655911582368, 29.73842775466429 ] ] } },
{ "type": "Feature", "properties": { "OBJECTID": 502, "Full_Name": "W ALABAMA ST", "Ped_Death_Count": 0, "Bike_Death_Count": 0, "Veh_Death_Count": 0, "Ped_Crash_Count": 1, "Bike_Crash_Count": 0, "Veh_Crash_Count": 2, "Total_Crash_Count": 3, "RoadLength": 2640.0, "Miles": 0.5, "CrashRate": 6.0, "Total_Death_Count": 0, "Shape__Length": 2639.9999843429055 }, "geometry": { "type": "LineString", "coordinates": [ [ -95.389383196471556, 29.738793775266888 ], [ -95.389867088643413, 29.738792723615383 ], [ -95.390252104583737, 29.738787009325197 ], [ -95.391173564921971, 29.738776401711508 ], [ -95.392561095200094, 29.738763128913661 ], [ -95.393741501213768, 29.738754109905216 ], [ -95.394741658132844, 29.738736966702781 ], [ -95.395714550793642, 29.738719819096815 ], [ -95.397492530094553, 29.738715329534749 ], [ -95.397701513689071, 29.738712719558865 ] ] } },
{ "type": "Feature", "properties": { "OBJECTID": 503, "Full_Name": "W BELLFORT AVE", "Ped_Death_Count": 0, "Bike_Death_Count": 0, "Veh_Death_Count": 0, "Ped_Crash_Count": 3, "Bike_Crash_Count": 0, "Veh_Crash_Count": 1, "Total_Crash_Count": 4, "RoadLength": 2639.9998, "Miles": 0.5, "CrashRate": 8.0, "Total_Death_Count": 0, "Shape__Length": 2639.999774575057 }, "geometry": { "type": "LineString", "coordinates": [ [ -95.567374124241525, 29.654435171495667 ], [ -95.567451593346405, 29.654458744852192 ], [ -95.567957366195131, 29.654611973856067 ], [ -95.5684632812941, 29.654760951287688 ], [ -95.568799954390244, 29.654864171699238 ], [ -95.570271515210592, 29.655303725521573 ], [ -95.570822704160676, 29.655487857358466 ], [ -95.571872568340652, 29.655839312305893 ], [ -95.573543891418097, 29.656375602232945 ], [ -95.574664252492923, 29.656700869035646 ], [ -95.575207185789722, 29.656861667959024 ] ] } },
{ "type": "Feature", "properties": { "OBJECTID": 504, "Full_Name": "W BELLFORT AVE", "Ped_Death_Count": 1, "Bike_Death_Count": 0, "Veh_Death_Count": 1, "Ped_Crash_Count": 2, "Bike_Crash_Count": 0, "Veh_Crash_Count": 5, "Total_Crash_Count": 7, "RoadLength": 2640.0001, "Miles": 0.5, "CrashRate": 14.0, "Total_Death_Count": 2, "Shape__Length": 2640.0001370851696 }, "geometry": { "type": "LineString", "coordinates": [ [ -95.559379859291795, 29.652642588098264 ], [ -95.560178061282983, 29.652641384207886 ], [ -95.560913651226642, 29.652685890900184 ], [ -95.562147067504696, 29.652888632897596 ], [ -95.563518072194569, 29.653241296052308 ], [ -95.563932772608567, 29.653370241086382 ], [ -95.564792251467779, 29.653624616060185 ], [ -95.565009205149636, 29.653691452577984 ], [ -95.565235059899393, 29.653779829516445 ], [ -95.565449696390857, 29.653847582505382 ], [ -95.565597958322471, 29.653894383237525 ], [ -95.565825732252506, 29.653966281846571 ], [ -95.566019005977623, 29.654027290964795 ], [ -95.56635874361659, 29.654124119793167 ], [ -95.566811123163589, 29.654259558149302 ], [ -95.567085527909654, 29.654347351038417 ], [ -95.567374124241525, 29.654435171495667 ] ] } },
{ "type": "Feature", "properties": { "OBJECTID": 505, "Full_Name": "W BELLFORT AVE", "Ped_Death_Count": 0, "Bike_Death_Count": 0, "Veh_Death_Count": 0, "Ped_Crash_Count": 2, "Bike_Crash_Count": 0, "Veh_Crash_Count": 3, "Total_Crash_Count": 5, "RoadLength": 2639.9998, "Miles": 0.5, "CrashRate": 10.0, "Total_Death_Count": 0, "Shape__Length": 2639.9998107440551 }, "geometry": { "type": "LineString", "coordinates": [ [ -95.510522218963942, 29.655998458452629 ], [ -95.510900822218446, 29.655994919445433 ], [ -95.511491469932068, 29.655994930662125 ], [ -95.511992163967548, 29.655990505683491 ], [ -95.512965401336288, 29.655981898874629 ], [ -95.513113558915236, 29.655960830538955 ], [ -95.513583815073545, 29.655903494509914 ], [ -95.514179225826979, 29.655828005945249 ], [ -95.51448504566315, 29.655794678352969 ], [ -95.515540214389532, 29.655661568748474 ], [ -95.516913521430553, 29.655647734617428 ], [ -95.516988492866972, 29.655640110932957 ], [ -95.518807521597992, 29.655617791988831 ] ] } },
{ "type": "Feature", "properties": { "OBJECTID": 506, "Full_Name": "W BELLFORT AVE", "Ped_Death_Count": 0, "Bike_Death_Count": 0, "Veh_Death_Count": 1, "Ped_Crash_Count": 2, "Bike_Crash_Count": 0, "Veh_Crash_Count": 2, "Total_Crash_Count": 4, "RoadLength": 2640.0001, "Miles": 0.5, "CrashRate": 8.0, "Total_Death_Count": 1, "Shape__Length": 2640.0000738544895 }, "geometry": { "type": "LineString", "coordinates": [ [ -95.50223179274883, 29.656248810114494 ], [ -95.502294306495742, 29.656228516191579 ], [ -95.503303543442939, 29.656067111475924 ], [ -95.504916126261662, 29.656029793192339 ], [ -95.505136297043947, 29.656027697643793 ], [ -95.505253111079256, 29.656027939285973 ], [ -95.50597318435257, 29.656029423916067 ], [ -95.506441290723686, 29.656029490236143 ], [ -95.506988650704784, 29.656019986880302 ], [ -95.50710597155998, 29.656017948280439 ], [ -95.507670106673984, 29.656017775574298 ], [ -95.508425821299724, 29.656017540220496 ], [ -95.508673084058856, 29.656011117718602 ], [ -95.50972765741929, 29.656005883451208 ], [ -95.510522218963942, 29.655998458452629 ] ] } },
{ "type": "Feature", "properties": { "OBJECTID": 507, "Full_Name": "W BELLFORT AVE", "Ped_Death_Count": 0, "Bike_Death_Count": 0, "Veh_Death_Count": 0, "Ped_Crash_Count": 3, "Bike_Crash_Count": 0, "Veh_Crash_Count": 1, "Total_Crash_Count": 4, "RoadLength": 2640.0, "Miles": 0.5, "CrashRate": 8.0, "Total_Death_Count": 0, "Shape__Length": 2639.9999828141508 }, "geometry": { "type": "LineString", "coordinates": [ [ -95.494076088749225, 29.65714377567442 ], [ -95.494884238441131, 29.657125291972527 ], [ -95.496303991562598, 29.657156068136018 ], [ -95.498104641066362, 29.65711451415492 ], [ -95.498546514741335, 29.657119094817165 ], [ -95.498918395481411, 29.657114781864429 ], [ -95.499568282351589, 29.657029998550339 ], [ -95.500134203999878, 29.65689687008506 ], [ -95.500898403821083, 29.656681658669687 ], [ -95.50223179274883, 29.656248810114494 ] ] } },
{ "type": "Feature", "properties": { "OBJECTID": 508, "Full_Name": "W BELLFORT AVE", "Ped_Death_Count": 0, "Bike_Death_Count": 0, "Veh_Death_Count": 2, "Ped_Crash_Count": 1, "Bike_Crash_Count": 0, "Veh_Crash_Count": 3, "Total_Crash_Count": 4, "RoadLength": 2639.9999, "Miles": 0.5, "CrashRate": 8.0, "Total_Death_Count": 2, "Shape__Length": 2639.999873870498 }, "geometry": { "type": "LineString", "coordinates": [ [ -95.417847681010272, 29.6730206179692 ], [ -95.418324062026556, 29.67300531464419 ], [ -95.419169336258605, 29.672986159790508 ], [ -95.419453622858242, 29.672979716711048 ], [ -95.420365635668347, 29.67297028094076 ], [ -95.420433201460739, 29.672970871584855 ], [ -95.420655498910776, 29.672965539729823 ], [ -95.42081305165928, 29.672965241251664 ], [ -95.421581202577457, 29.672933907482459 ], [ -95.422321852677882, 29.672878646497768 ], [ -95.422472361420304, 29.672856237275354 ], [ -95.422886173938025, 29.672765805062468 ], [ -95.423547318809469, 29.672597727952557 ], [ -95.424366768132458, 29.67232674541798 ], [ -95.424779067852427, 29.672219300372312 ], [ -95.425647208240562, 29.672037525501587 ], [ -95.426009141624661, 29.671979526387652 ] ] } },
{ "type": "Feature", "properties": { "OBJECTID": 509, "Full_Name": "W CAVALCADE ST", "Ped_Death_Count": 1, "Bike_Death_Count": 0, "Veh_Death_Count": 0, "Ped_Crash_Count": 1, "Bike_Crash_Count": 0, "Veh_Crash_Count": 3, "Total_Crash_Count": 4, "RoadLength": 2640.0001, "Miles": 0.5, "CrashRate": 8.0, "Total_Death_Count": 1, "Shape__Length": 2640.0000999357458 }, "geometry": { "type": "LineString", "coordinates": [ [ -95.372049994921412, 29.803882293655846 ], [ -95.37234312076049, 29.803900415444414 ], [ -95.372482139663418, 29.803909010186377 ], [ -95.372618665596661, 29.803917450671147 ], [ -95.372980358247958, 29.80393981030404 ], [ -95.373390594191065, 29.803937642841472 ], [ -95.374768356703854, 29.803930818587311 ], [ -95.375603168631514, 29.803938136935407 ], [ -95.376428132788803, 29.803931730745582 ], [ -95.377270861109039, 29.803903277448114 ], [ -95.378105778892063, 29.803909376231022 ], [ -95.378940586270204, 29.803933444967253 ], [ -95.380124028152323, 29.80393677994412 ], [ -95.380370570687163, 29.803928524382243 ] ] } },
{ "type": "Feature", "properties": { "OBJECTID": 510, "Full_Name": "W CROSSTIMBERS ST", "Ped_Death_Count": 0, "Bike_Death_Count": 0, "Veh_Death_Count": 0, "Ped_Crash_Count": 1, "Bike_Crash_Count": 0, "Veh_Crash_Count": 2, "Total_Crash_Count": 3, "RoadLength": 2639.9999, "Miles": 0.5, "CrashRate": 6.0, "Total_Death_Count": 0, "Shape__Length": 2639.9998753057071 }, "geometry": { "type": "LineString", "coordinates": [ [ -95.399806473226477, 29.828167195300917 ], [ -95.401208800057091, 29.828141454480651 ], [ -95.402161536734539, 29.828116221011484 ], [ -95.402757980603042, 29.828106997333187 ], [ -95.405059798106862, 29.82806783694582 ], [ -95.405678552137914, 29.82807535208083 ], [ -95.406664019104625, 29.828042506296235 ], [ -95.407032964889112, 29.828002786563427 ], [ -95.407627837691507, 29.827838302023974 ], [ -95.407767672505869, 29.827786554920092 ], [ -95.408062566151116, 29.827680580562632 ] ] } },
{ "type": "Feature", "properties": { "OBJECTID": 511, "Full_Name": "W DALLAS ST", "Ped_Death_Count": 0, "Bike_Death_Count": 0, "Veh_Death_Count": 0, "Ped_Crash_Count": 2, "Bike_Crash_Count": 0, "Veh_Crash_Count": 1, "Total_Crash_Count": 3, "RoadLength": 2640.0, "Miles": 0.5, "CrashRate": 6.0, "Total_Death_Count": 0, "Shape__Length": 2640.0000486267609 }, "geometry": { "type": "LineString", "coordinates": [ [ -95.371844683590851, 29.757832508799179 ], [ -95.371959197181752, 29.75781573186142 ], [ -95.372739585844258, 29.75781367211777 ], [ -95.37358747324528, 29.757802758828017 ], [ -95.374089690117486, 29.757785411199528 ], [ -95.374292470030056, 29.757775589185488 ], [ -95.374370151766783, 29.757775145644938 ], [ -95.374572169405312, 29.757773991644584 ], [ -95.374767812047438, 29.757772873376211 ], [ -95.374996787652208, 29.757771564386854 ], [ -95.375139868798797, 29.757770746762922 ], [ -95.376039381850703, 29.757763739342717 ], [ -95.376268886736284, 29.757757865982196 ], [ -95.376943236387675, 29.757746131351489 ], [ -95.37706994539235, 29.757743555597663 ], [ -95.377816590516304, 29.757728378790613 ], [ -95.378165677549262, 29.757767997550385 ], [ -95.378447946892962, 29.75784430540525 ], [ -95.378688551885972, 29.757886232456137 ], [ -95.378861038390482, 29.757905203052747 ], [ -95.379368840770283, 29.757897615326723 ], [ -95.380139932701965, 29.757894140165003 ] ] } },
{ "type": "Feature", "properties": { "OBJECTID": 512, "Full_Name": "W DALLAS ST", "Ped_Death_Count": 0, "Bike_Death_Count": 1, "Veh_Death_Count": 2, "Ped_Crash_Count": 1, "Bike_Crash_Count": 1, "Veh_Crash_Count": 5, "Total_Crash_Count": 7, "RoadLength": 2639.9999, "Miles": 0.5, "CrashRate": 14.0, "Total_Death_Count": 3, "Shape__Length": 2639.9999356284479 }, "geometry": { "type": "LineString", "coordinates": [ [ -95.388432663663693, 29.757557698954642 ], [ -95.388947161435354, 29.757545885681321 ], [ -95.389588440766289, 29.757538445247462 ], [ -95.389751647782745, 29.757532737450482 ], [ -95.390710926514387, 29.757498103116589 ], [ -95.391299326327228, 29.757486873254482 ], [ -95.391795410079922, 29.757473760597968 ], [ -95.392271194981831, 29.757462618893616 ], [ -95.393027821346138, 29.757455801616079 ], [ -95.393464716829953, 29.757448624888905 ], [ -95.39401133433806, 29.757433919720867 ], [ -95.394744611170182, 29.75741609099633 ], [ -95.395588271011135, 29.757395465049076 ], [ -95.396026254503596, 29.757387924717872 ], [ -95.396372684484902, 29.757381813893257 ], [ -95.396750190377958, 29.757373296402012 ] ] } },
{ "type": "Feature", "properties": { "OBJECTID": 513, "Full_Name": "W FUQUA ST", "Ped_Death_Count": 1, "Bike_Death_Count": 0, "Veh_Death_Count": 0, "Ped_Crash_Count": 2, "Bike_Crash_Count": 0, "Veh_Crash_Count": 1, "Total_Crash_Count": 3, "RoadLength": 2639.9998, "Miles": 0.5, "CrashRate": 6.0, "Total_Death_Count": 1, "Shape__Length": 2639.9998496499193 }, "geometry": { "type": "LineString", "coordinates": [ [ -95.419591815917059, 29.613628044232392 ], [ -95.421054304112829, 29.613629749943925 ], [ -95.422695193294786, 29.613608284033337 ], [ -95.42372886629785, 29.613594639501002 ], [ -95.424179823924803, 29.61360029849028 ], [ -95.427684969520683, 29.613553288976508 ], [ -95.427899866143662, 29.613552511653868 ] ] } },
{ "type": "Feature", "properties": { "OBJECTID": 514, "Full_Name": "W FUQUA ST", "Ped_Death_Count": 1, "Bike_Death_Count": 0, "Veh_Death_Count": 1, "Ped_Crash_Count": 2, "Bike_Crash_Count": 0, "Veh_Crash_Count": 1, "Total_Crash_Count": 3, "RoadLength": 2640.0002, "Miles": 0.5, "CrashRate": 6.0, "Total_Death_Count": 2, "Shape__Length": 2640.000179361798 }, "geometry": { "type": "LineString", "coordinates": [ [ -95.427899866143662, 29.613552511653868 ], [ -95.429906736769496, 29.613545232980613 ], [ -95.430701101644487, 29.613539619158281 ], [ -95.432201753362705, 29.613520507952671 ], [ -95.432840701834039, 29.61351236647252 ], [ -95.433332048559876, 29.613506104332942 ], [ -95.43447104155176, 29.613491577229933 ], [ -95.435242362452982, 29.613481736019445 ], [ -95.435929810415985, 29.613471435425932 ], [ -95.436208006917411, 29.61346726593688 ] ] } },
{ "type": "Feature", "properties": { "OBJECTID": 515, "Full_Name": "W GRAY ST", "Ped_Death_Count": 0, "Bike_Death_Count": 0, "Veh_Death_Count": 0, "Ped_Crash_Count": 1, "Bike_Crash_Count": 1, "Veh_Crash_Count": 3, "Total_Crash_Count": 5, "RoadLength": 2270.371, "Miles": 0.43, "CrashRate": 11.63, "Total_Death_Count": 0, "Shape__Length": 2270.3709712277696 }, "geometry": { "type": "LineString", "coordinates": [ [ -95.40355371425764, 29.753134151859307 ], [ -95.404750914835418, 29.753114668408774 ], [ -95.406419902184481, 29.753089715884141 ], [ -95.408349915454167, 29.75305732897878 ], [ -95.410707429547315, 29.753006124418945 ] ] } },
{ "type": "Feature", "properties": { "OBJECTID": 516, "Full_Name": "W GREENS RD", "Ped_Death_Count": 0, "Bike_Death_Count": 0, "Veh_Death_Count": 2, "Ped_Crash_Count": 1, "Bike_Crash_Count": 1, "Veh_Crash_Count": 2, "Total_Crash_Count": 4, "RoadLength": 2496.5474, "Miles": 0.4728, "CrashRate": 8.46, "Total_Death_Count": 2, "Shape__Length": 2496.5474280918525 }, "geometry": { "type": "LineString", "coordinates": [ [ -95.416440874528817, 29.949027376095156 ], [ -95.416771152483079, 29.94903619168635 ], [ -95.416911518560013, 29.949039938011367 ], [ -95.417162835743966, 29.949046645218207 ], [ -95.417382987988262, 29.949052520301279 ], [ -95.417955626197582, 29.949058262495164 ], [ -95.41832159928812, 29.949049356333717 ], [ -95.419708281629099, 29.949025531168477 ], [ -95.420293240140424, 29.949010333883955 ], [ -95.421169881825989, 29.948987555742896 ], [ -95.422174202594434, 29.948993420345392 ], [ -95.423875231186287, 29.948965610441281 ], [ -95.424183699089724, 29.948960341974999 ], [ -95.424322111847587, 29.948963336228466 ] ] } },
{ "type": "Feature", "properties": { "OBJECTID": 517, "Full_Name": "W HARDY RD", "Ped_Death_Count": 0, "Bike_Death_Count": 0, "Veh_Death_Count": 0, "Ped_Crash_Count": 1, "Bike_Crash_Count": 1, "Veh_Crash_Count": 3, "Total_Crash_Count": 5, "RoadLength": 2639.9999, "Miles": 0.5, "CrashRate": 10.0, "Total_Death_Count": 0, "Shape__Length": 2639.9999315980972 }, "geometry": { "type": "LineString", "coordinates": [ [ -95.385352735712274, 29.947276960382009 ], [ -95.385491766940191, 29.947837628699318 ], [ -95.386274563189318, 29.950994272014935 ], [ -95.386408914922981, 29.951536030961339 ], [ -95.386535973821438, 29.952002923242976 ], [ -95.3866146579754, 29.952226289314645 ], [ -95.386704521515227, 29.952460012150414 ], [ -95.386795458253673, 29.952663594092936 ], [ -95.386862750597544, 29.952801170027481 ], [ -95.38694429058026, 29.952944158675621 ], [ -95.387036832665814, 29.953102528627564 ], [ -95.387777654379008, 29.954056372061199 ], [ -95.387840491767733, 29.954122143318124 ] ] } },
{ "type": "Feature", "properties": { "OBJECTID": 518, "Full_Name": "W HOLCOMBE BLVD", "Ped_Death_Count": 0, "Bike_Death_Count": 0, "Veh_Death_Count": 0, "Ped_Crash_Count": 1, "Bike_Crash_Count": 0, "Veh_Crash_Count": 3, "Total_Crash_Count": 4, "RoadLength": 2640.0, "Miles": 0.5, "CrashRate": 8.0, "Total_Death_Count": 0, "Shape__Length": 2640.0000102043705 }, "geometry": { "type": "LineString", "coordinates": [ [ -95.405066045516079, 29.706246051738923 ], [ -95.407916064731353, 29.706219724469509 ], [ -95.409108077190083, 29.706218855719488 ], [ -95.410809254599101, 29.706216188369385 ], [ -95.412047795372558, 29.706207947918248 ], [ -95.41259102939344, 29.706204826373682 ], [ -95.413382122008684, 29.706195926375475 ] ] } },
{ "type": "Feature", "properties": { "OBJECTID": 519, "Full_Name": "W LAKE HOUSTON PKWY", "Ped_Death_Count": 0, "Bike_Death_Count": 0, "Veh_Death_Count": 0, "Ped_Crash_Count": 1, "Bike_Crash_Count": 1, "Veh_Crash_Count": 1, "Total_Crash_Count": 3, "RoadLength": 2639.9998, "Miles": 0.5, "CrashRate": 6.0, "Total_Death_Count": 0, "Shape__Length": 2639.9998093993549 }, "geometry": { "type": "LineString", "coordinates": [ [ -95.182185979316287, 30.046154862385624 ], [ -95.182728795929179, 30.046835249456489 ], [ -95.182953020985209, 30.047227692654097 ], [ -95.183551705621298, 30.048254431306127 ], [ -95.183709961852756, 30.048585603742996 ], [ -95.183974839659371, 30.04910789132521 ], [ -95.184431339960312, 30.049982096029144 ], [ -95.185005335389093, 30.051364501121466 ], [ -95.185159893025912, 30.05179455991664 ], [ -95.185400450442486, 30.052614252638527 ], [ -95.185406284937486, 30.05263386080842 ], [ -95.185453879666213, 30.052793813033212 ] ] } },
{ "type": "Feature", "properties": { "OBJECTID": 520, "Full_Name": "W LITTLE YORK RD", "Ped_Death_Count": 1, "Bike_Death_Count": 0, "Veh_Death_Count": 1, "Ped_Crash_Count": 1, "Bike_Crash_Count": 0, "Veh_Crash_Count": 5, "Total_Crash_Count": 6, "RoadLength": 2640.0, "Miles": 0.5, "CrashRate": 12.0, "Total_Death_Count": 2, "Shape__Length": 2640.0000071843615 }, "geometry": { "type": "LineString", "coordinates": [ [ -95.482346844076233, 29.865760263620842 ], [ -95.482458193086003, 29.865759991910554 ], [ -95.483207704106633, 29.865758156492593 ], [ -95.483841967763524, 29.865756600483813 ], [ -95.484578442347868, 29.865755578256074 ], [ -95.486771484234595, 29.865752510479755 ], [ -95.486903227592919, 29.865751260055017 ], [ -95.488613635556902, 29.86573501947122 ], [ -95.489275122289456, 29.865737023405003 ], [ -95.489624282713478, 29.865738080982435 ], [ -95.49067591134056, 29.865721347713418 ] ] } },
{ "type": "Feature", "properties": { "OBJECTID": 521, "Full_Name": "W LITTLE YORK RD", "Ped_Death_Count": 0, "Bike_Death_Count": 1, "Veh_Death_Count": 1, "Ped_Crash_Count": 1, "Bike_Crash_Count": 1, "Veh_Crash_Count": 3, "Total_Crash_Count": 5, "RoadLength": 2639.9999, "Miles": 0.5, "CrashRate": 10.0, "Total_Death_Count": 2, "Shape__Length": 2639.9999197832085 }, "geometry": { "type": "LineString", "coordinates": [ [ -95.442116500648766, 29.863488976648295 ], [ -95.442306661286452, 29.863487428544435 ], [ -95.443098998189129, 29.863484453187247 ], [ -95.443771142983124, 29.863488821170915 ], [ -95.443818514854584, 29.863483856218139 ], [ -95.443981870915579, 29.863479297032786 ], [ -95.444675950065189, 29.863480046587842 ], [ -95.446403408150289, 29.863478635776257 ], [ -95.446728589250554, 29.863476732847811 ], [ -95.446961842861739, 29.863469874960252 ], [ -95.447223502986105, 29.863458929201293 ], [ -95.44754244045896, 29.863412525833294 ], [ -95.447863294514832, 29.863358218578565 ], [ -95.448855212140288, 29.863176838198708 ], [ -95.449091786908994, 29.863143263058085 ], [ -95.450409279402265, 29.863170777350462 ] ] } },
{ "type": "Feature", "properties": { "OBJECTID": 522, "Full_Name": "W LITTLE YORK RD", "Ped_Death_Count": 1, "Bike_Death_Count": 0, "Veh_Death_Count": 0, "Ped_Crash_Count": 4, "Bike_Crash_Count": 0, "Veh_Crash_Count": 2, "Total_Crash_Count": 6, "RoadLength": 2639.9999, "Miles": 0.5, "CrashRate": 12.0, "Total_Death_Count": 1, "Shape__Length": 2639.9999093139918 }, "geometry": { "type": "LineString", "coordinates": [ [ -95.410214474402181, 29.869846499870611 ], [ -95.41047055397047, 29.86984100722302 ], [ -95.410833123928072, 29.869768140792218 ], [ -95.411449157947317, 29.869638038031017 ], [ -95.412589088931753, 29.869240655722184 ], [ -95.412957574328331, 29.869105373543729 ], [ -95.414250421545916, 29.868608173993323 ], [ -95.414494762645901, 29.86852088979564 ], [ -95.414807263491397, 29.868417071950176 ], [ -95.416268651015187, 29.867878285901714 ], [ -95.41671037047908, 29.867721730959666 ], [ -95.417970477602879, 29.867265040534541 ] ] } },
{ "type": "Feature", "properties": { "OBJECTID": 523, "Full_Name": "W LITTLE YORK RD", "Ped_Death_Count": 0, "Bike_Death_Count": 0, "Veh_Death_Count": 0, "Ped_Crash_Count": 3, "Bike_Crash_Count": 0, "Veh_Crash_Count": 3, "Total_Crash_Count": 6, "RoadLength": 2640.0002, "Miles": 0.5, "CrashRate": 12.0, "Total_Death_Count": 0, "Shape__Length": 2640.0002091362476 }, "geometry": { "type": "LineString", "coordinates": [ [ -95.401887337438652, 29.869865525324073 ], [ -95.402547150558505, 29.869860360754032 ], [ -95.402966759904785, 29.869855428932485 ], [ -95.403765635627749, 29.869848523598879 ], [ -95.404138619453008, 29.869849082582277 ], [ -95.404668108037285, 29.869844394655622 ], [ -95.406339426668026, 29.869853992527162 ], [ -95.407423395368752, 29.869894170914058 ], [ -95.407640927989249, 29.869896619824992 ], [ -95.407810009107706, 29.869896937809099 ], [ -95.407935752257913, 29.869893288833545 ], [ -95.408145690203654, 29.869895390944041 ], [ -95.408771634828696, 29.86989076560365 ], [ -95.409025507867611, 29.869871661879191 ], [ -95.40967166157246, 29.869858139969804 ], [ -95.410214474402181, 29.869846499870611 ] ] } },
{ "type": "Feature", "properties": { "OBJECTID": 524, "Full_Name": "W LOOP S", "Ped_Death_Count": 1, "Bike_Death_Count": 0, "Veh_Death_Count": 2, "Ped_Crash_Count": 3, "Bike_Crash_Count": 0, "Veh_Crash_Count": 6, "Total_Crash_Count": 9, "RoadLength": 2640.0, "Miles": 0.5, "CrashRate": 18.0, "Total_Death_Count": 3, "Shape__Length": 2639.9999878904355 }, "geometry": { "type": "LineString", "coordinates": [ [ -95.46019682210887, 29.675634649523481 ], [ -95.46020624924958, 29.675608083291142 ], [ -95.460363671513875, 29.675149597737033 ], [ -95.460907696391644, 29.673630760873177 ], [ -95.461273949765769, 29.672918311431172 ], [ -95.461546004789071, 29.672147973831592 ], [ -95.461891138759441, 29.671172135241811 ], [ -95.461987514999464, 29.67089743829909 ], [ -95.46204747470496, 29.670726535112784 ], [ -95.462172775529012, 29.670335270262125 ], [ -95.462391914956271, 29.669733119944116 ], [ -95.462462029577722, 29.669541093512848 ], [ -95.462612755497389, 29.669024630454093 ], [ -95.46269143064616, 29.668716990011145 ] ] } },
{ "type": "Feature", "properties": { "OBJECTID": 525, "Full_Name": "W MONTGOMERY RD", "Ped_Death_Count": 0, "Bike_Death_Count": 0, "Veh_Death_Count": 1, "Ped_Crash_Count": 1, "Bike_Crash_Count": 0, "Veh_Crash_Count": 5, "Total_Crash_Count": 6, "RoadLength": 2640.0, "Miles": 0.5, "CrashRate": 12.0, "Total_Death_Count": 1, "Shape__Length": 2639.9999630826665 }, "geometry": { "type": "LineString", "coordinates": [ [ -95.444166240795795, 29.878067246863061 ], [ -95.444895365190206, 29.878805182327397 ], [ -95.445180117404774, 29.879098045766536 ], [ -95.445868645085426, 29.879755446834572 ], [ -95.446806772264722, 29.880759632583171 ], [ -95.447175468057651, 29.881115163556174 ], [ -95.448461160502234, 29.882412094864097 ], [ -95.449498758709552, 29.883522353086153 ], [ -95.449568569498425, 29.883591603239065 ] ] } },
{ "type": "Feature", "properties": { "OBJECTID": 526, "Full_Name": "W TIDWELL RD", "Ped_Death_Count": 0, "Bike_Death_Count": 0, "Veh_Death_Count": 0, "Ped_Crash_Count": 1, "Bike_Crash_Count": 1, "Veh_Crash_Count": 4, "Total_Crash_Count": 6, "RoadLength": 2640.0001, "Miles": 0.5, "CrashRate": 12.0, "Total_Death_Count": 0, "Shape__Length": 2640.0000747093541 }, "geometry": { "type": "LineString", "coordinates": [ [ -95.506184658177958, 29.851687983527388 ], [ -95.506367461968509, 29.851699387652964 ], [ -95.506901297656924, 29.85172060765526 ], [ -95.507410101252148, 29.851717848446619 ], [ -95.507918832756189, 29.851682830679515 ], [ -95.508532978686347, 29.851599978361779 ], [ -95.508971032669308, 29.851490787937216 ], [ -95.509266648252378, 29.851417099247993 ], [ -95.509608928575972, 29.851355593739441 ], [ -95.509775773269624, 29.851329521285184 ], [ -95.509888248518735, 29.851305400569835 ], [ -95.510234551888345, 29.851206877466055 ], [ -95.510304161154508, 29.851190156267954 ], [ -95.510615236114617, 29.851115464228389 ], [ -95.510914873092318, 29.851043436289519 ], [ -95.511056203287211, 29.851021068046599 ], [ -95.511593224632065, 29.850957440289765 ], [ -95.513019423141657, 29.850927386615933 ], [ -95.514053283938324, 29.850937156323802 ], [ -95.514409219373448, 29.850934217235935 ] ] } },
{ "type": "Feature", "properties": { "OBJECTID": 527, "Full_Name": "W TIDWELL RD", "Ped_Death_Count": 0, "Bike_Death_Count": 0, "Veh_Death_Count": 0, "Ped_Crash_Count": 1, "Bike_Crash_Count": 0, "Veh_Crash_Count": 5, "Total_Crash_Count": 6, "RoadLength": 2640.0, "Miles": 0.5, "CrashRate": 12.0, "Total_Death_Count": 0, "Shape__Length": 2640.000009059188 }, "geometry": { "type": "LineString", "coordinates": [ [ -95.473363463048997, 29.848880542649617 ], [ -95.473901038309464, 29.84889876511722 ], [ -95.474969003974877, 29.849008718003653 ], [ -95.475633710470589, 29.849117695176712 ], [ -95.476616921084144, 29.849442124251844 ], [ -95.477557839009037, 29.849871389786742 ], [ -95.47855110148268, 29.850224965531762 ], [ -95.479729847496827, 29.850487084950114 ], [ -95.480082107298202, 29.85052522847209 ], [ -95.4810584250679, 29.850570116958373 ], [ -95.481361458410021, 29.850570929483546 ] ] } },
{ "type": "Feature", "properties": { "OBJECTID": 528, "Full_Name": "W TIDWELL RD", "Ped_Death_Count": 1, "Bike_Death_Count": 0, "Veh_Death_Count": 1, "Ped_Crash_Count": 1, "Bike_Crash_Count": 0, "Veh_Crash_Count": 2, "Total_Crash_Count": 3, "RoadLength": 2640.0003, "Miles": 0.5, "CrashRate": 6.0, "Total_Death_Count": 2, "Shape__Length": 2640.0003032393702 }, "geometry": { "type": "LineString", "coordinates": [ [ -95.407700936615612, 29.847189324277021 ], [ -95.408282874704241, 29.84717980551806 ], [ -95.409050515507801, 29.847179903385456 ], [ -95.411116501807129, 29.847158714942271 ], [ -95.412079041608933, 29.847155573919469 ], [ -95.412524588422997, 29.847154117578633 ], [ -95.413816051037188, 29.847041072299707 ], [ -95.415263802238641, 29.847035904678254 ], [ -95.416022019703462, 29.847034253055352 ] ] } },
{ "type": "Feature", "properties": { "OBJECTID": 529, "Full_Name": "WALKER ST", "Ped_Death_Count": 1, "Bike_Death_Count": 0, "Veh_Death_Count": 1, "Ped_Crash_Count": 3, "Bike_Crash_Count": 0, "Veh_Crash_Count": 8, "Total_Crash_Count": 11, "RoadLength": 2639.9999, "Miles": 0.5, "CrashRate": 22.0, "Total_Death_Count": 2, "Shape__Length": 2639.9999087309657 }, "geometry": { "type": "LineString", "coordinates": [ [ -95.370066911520922, 29.761145123163491 ], [ -95.369900357898231, 29.761046240128604 ], [ -95.36950041429445, 29.760804397008627 ], [ -95.368832098288877, 29.760419279081553 ], [ -95.368620150321377, 29.760288441954739 ], [ -95.367789164462266, 29.759790410328407 ], [ -95.366923270311773, 29.759265520219966 ], [ -95.366076356593169, 29.758740009716771 ], [ -95.365215404185705, 29.758226006277539 ], [ -95.364324987159407, 29.757678488432926 ], [ -95.363718198804804, 29.75731729631989 ], [ -95.36345794895584, 29.757154545578221 ], [ -95.363223174258849, 29.75701653916412 ] ] } },
{ "type": "Feature", "properties": { "OBJECTID": 530, "Full_Name": "WALKER ST", "Ped_Death_Count": 0, "Bike_Death_Count": 0, "Veh_Death_Count": 0, "Ped_Crash_Count": 1, "Bike_Crash_Count": 0, "Veh_Crash_Count": 1, "Total_Crash_Count": 2, "RoadLength": 2112.9699, "Miles": 0.4002, "CrashRate": 5.0, "Total_Death_Count": 0, "Shape__Length": 2112.9698541384182 }, "geometry": { "type": "LineString", "coordinates": [ [ -95.363223174258849, 29.75701653916412 ], [ -95.362597917051957, 29.756648993828108 ], [ -95.361743766533962, 29.756126759368161 ], [ -95.360887581822766, 29.755606398323952 ], [ -95.360014001646135, 29.75509881012059 ], [ -95.359160622289934, 29.754600527054993 ], [ -95.359007354219571, 29.754501340811988 ], [ -95.358896653975663, 29.754429918285194 ], [ -95.358617325213231, 29.754323507375943 ], [ -95.358457418350966, 29.75424415315668 ], [ -95.358372019054059, 29.754146367479013 ], [ -95.357723096364268, 29.753761627945071 ] ] } },
{ "type": "Feature", "properties": { "OBJECTID": 531, "Full_Name": "WARD ST", "Ped_Death_Count": 0, "Bike_Death_Count": 0, "Veh_Death_Count": 0, "Ped_Crash_Count": 1, "Bike_Crash_Count": 0, "Veh_Crash_Count": 2, "Total_Crash_Count": 3, "RoadLength": 2640.0, "Miles": 0.5, "CrashRate": 6.0, "Total_Death_Count": 0, "Shape__Length": 2640.0000412368927 }, "geometry": { "type": "LineString", "coordinates": [ [ -95.355385274681069, 29.690054382612111 ], [ -95.355117898894008, 29.689968554663253 ], [ -95.354328761473738, 29.68973315159505 ], [ -95.353519121451001, 29.689488078204949 ], [ -95.353439372967173, 29.68938577578113 ], [ -95.352777204248582, 29.689174985487732 ], [ -95.352035049355223, 29.688953490421603 ], [ -95.35128112706154, 29.688722487436017 ], [ -95.350748956895387, 29.688552402843506 ], [ -95.350556850091507, 29.688498682742917 ], [ -95.349810310078198, 29.688267115120123 ], [ -95.349057938188821, 29.688031679579122 ], [ -95.348310461118771, 29.687815911902248 ], [ -95.347594626474091, 29.687587276800109 ] ] } },
{ "type": "Feature", "properties": { "OBJECTID": 532, "Full_Name": "WASHINGTON AVE", "Ped_Death_Count": 0, "Bike_Death_Count": 0, "Veh_Death_Count": 1, "Ped_Crash_Count": 4, "Bike_Crash_Count": 0, "Veh_Crash_Count": 7, "Total_Crash_Count": 11, "RoadLength": 2639.9999, "Miles": 0.5, "CrashRate": 22.0, "Total_Death_Count": 1, "Shape__Length": 2639.9999078148976 }, "geometry": { "type": "LineString", "coordinates": [ [ -95.408209943283495, 29.770474927966333 ], [ -95.408344072150769, 29.770473207142071 ], [ -95.409463616712756, 29.77047047847881 ], [ -95.409787302607512, 29.770457327146314 ], [ -95.410583349951651, 29.770462288977459 ], [ -95.411524719039718, 29.7704370813079 ], [ -95.412493461832028, 29.770426881633963 ], [ -95.413417318407184, 29.77042824168954 ], [ -95.414374388532707, 29.770477233364531 ], [ -95.414947144808238, 29.770502741652543 ], [ -95.415355189477111, 29.770521527308038 ], [ -95.415714982214169, 29.770549245511361 ], [ -95.416346183987997, 29.770597723716943 ], [ -95.416523532736221, 29.770606635543931 ] ] } },
{ "type": "Feature", "properties": { "OBJECTID": 533, "Full_Name": "WAUGH DR", "Ped_Death_Count": 0, "Bike_Death_Count": 0, "Veh_Death_Count": 0, "Ped_Crash_Count": 1, "Bike_Crash_Count": 0, "Veh_Crash_Count": 3, "Total_Crash_Count": 4, "RoadLength": 2640.0, "Miles": 0.5, "CrashRate": 8.0, "Total_Death_Count": 0, "Shape__Length": 2639.9999997788968 }, "geometry": { "type": "LineString", "coordinates": [ [ -95.39814362143288, 29.758670276615934 ], [ -95.398140954266182, 29.758247250925514 ], [ -95.398117525334726, 29.757332373477649 ], [ -95.398076809134537, 29.755334245329284 ], [ -95.398060337233545, 29.754636593546756 ], [ -95.398032434665282, 29.753944827490354 ], [ -95.398017491782227, 29.753228906036995 ], [ -95.398039387014734, 29.752658320274186 ], [ -95.397929208997525, 29.752410019391615 ], [ -95.397833696743106, 29.752200547106501 ], [ -95.397534360429162, 29.751703150850023 ], [ -95.397473416484928, 29.751644969482665 ], [ -95.397376867509237, 29.751580962670769 ], [ -95.397372283640891, 29.751573615414237 ] ] } },
{ "type": "Feature", "properties": { "OBJECTID": 534, "Full_Name": "WAYFOREST DR", "Ped_Death_Count": 0, "Bike_Death_Count": 0, "Veh_Death_Count": 0, "Ped_Crash_Count": 1, "Bike_Crash_Count": 0, "Veh_Crash_Count": 2, "Total_Crash_Count": 3, "RoadLength": 2120.9262, "Miles": 0.4017, "CrashRate": 7.47, "Total_Death_Count": 0, "Shape__Length": 2120.9262121324496 }, "geometry": { "type": "LineString", "coordinates": [ [ -95.393160785240639, 29.948159627023408 ], [ -95.393180341038345, 29.949369231160855 ], [ -95.393179170846452, 29.949528510916963 ], [ -95.393185145731337, 29.950654565312472 ], [ -95.393192441134374, 29.950811895342817 ], [ -95.393199803848091, 29.951284569302622 ], [ -95.393208040829904, 29.951556111630207 ], [ -95.393214134231485, 29.952262461605315 ], [ -95.3932202522967, 29.952915628672702 ], [ -95.393238594680227, 29.953897872255212 ], [ -95.393242655793159, 29.953991204357749 ] ] } },
{ "type": "Feature", "properties": { "OBJECTID": 535, "Full_Name": "WAYSIDE DR", "Ped_Death_Count": 1, "Bike_Death_Count": 0, "Veh_Death_Count": 0, "Ped_Crash_Count": 1, "Bike_Crash_Count": 1, "Veh_Crash_Count": 1, "Total_Crash_Count": 3, "RoadLength": 2640.0, "Miles": 0.5, "CrashRate": 6.0, "Total_Death_Count": 1, "Shape__Length": 2639.9999912024368 }, "geometry": { "type": "LineString", "coordinates": [ [ -95.306300476184788, 29.736923915930166 ], [ -95.305906479881969, 29.737825689650748 ], [ -95.305745893580337, 29.738232588889083 ], [ -95.305582059360376, 29.738609288318258 ], [ -95.305446381151128, 29.738945481450024 ], [ -95.305149638827956, 29.739662768173783 ], [ -95.304878122793113, 29.740339294115756 ], [ -95.30456329096431, 29.741031207001733 ], [ -95.304291317308184, 29.741720157206835 ], [ -95.304008985361861, 29.742386074261024 ], [ -95.303738177837062, 29.743037178729921 ], [ -95.303469795231507, 29.743707307761579 ], [ -95.303451416495506, 29.743744036474922 ] ] } },
{ "type": "Feature", "properties": { "OBJECTID": 536, "Full_Name": "WAYSIDE DR", "Ped_Death_Count": 2, "Bike_Death_Count": 1, "Veh_Death_Count": 0, "Ped_Crash_Count": 2, "Bike_Crash_Count": 1, "Veh_Crash_Count": 1, "Total_Crash_Count": 4, "RoadLength": 2639.9999, "Miles": 0.5, "CrashRate": 8.0, "Total_Death_Count": 3, "Shape__Length": 2639.9998631225885 }, "geometry": { "type": "LineString", "coordinates": [ [ -95.303451416495506, 29.743744036474922 ], [ -95.303405648555795, 29.743835501206092 ], [ -95.303196151835564, 29.744362202660234 ], [ -95.302897488218747, 29.745107025402802 ], [ -95.302604451068191, 29.745806679753187 ], [ -95.302336623375496, 29.74647216296114 ], [ -95.302073159737219, 29.747127310249969 ], [ -95.301782131303426, 29.747771233083288 ], [ -95.301498452960757, 29.74843279355024 ], [ -95.301230482797763, 29.749101757595945 ], [ -95.300958770534947, 29.749763646322016 ], [ -95.300682934260166, 29.750428905874205 ], [ -95.30062245267473, 29.750570693403798 ] ] } },
{ "type": "Feature", "properties": { "OBJECTID": 537, "Full_Name": "WEBSTER ST", "Ped_Death_Count": 0, "Bike_Death_Count": 0, "Veh_Death_Count": 1, "Ped_Crash_Count": 1, "Bike_Crash_Count": 1, "Veh_Crash_Count": 9, "Total_Crash_Count": 11, "RoadLength": 2639.9999, "Miles": 0.5, "CrashRate": 22.0, "Total_Death_Count": 1, "Shape__Length": 2639.999893997986 }, "geometry": { "type": "LineString", "coordinates": [ [ -95.374305703069354, 29.749383316473107 ], [ -95.373754422240808, 29.749047368432983 ], [ -95.37289507272078, 29.748535104328603 ], [ -95.372018046784248, 29.748007459911033 ], [ -95.371140967314957, 29.747469995064769 ], [ -95.370291598502362, 29.746958990137873 ], [ -95.369422765570931, 29.746435068348468 ], [ -95.369332005577974, 29.746377127145191 ], [ -95.368572226467265, 29.745916758217064 ], [ -95.368058132154957, 29.745604195822164 ], [ -95.36770109029537, 29.74539255639694 ], [ -95.367464495306578, 29.74525204003308 ] ] } },
{ "type": "Feature", "properties": { "OBJECTID": 538, "Full_Name": "WEST RD", "Ped_Death_Count": 0, "Bike_Death_Count": 0, "Veh_Death_Count": 0, "Ped_Crash_Count": 1, "Bike_Crash_Count": 0, "Veh_Crash_Count": 5, "Total_Crash_Count": 6, "RoadLength": 1844.3035, "Miles": 0.3493, "CrashRate": 17.18, "Total_Death_Count": 0, "Shape__Length": 1844.3034809747126 }, "geometry": { "type": "LineString", "coordinates": [ [ -95.408724568293962, 29.915163501637867 ], [ -95.408845996813199, 29.915162030260053 ], [ -95.409632564347902, 29.915152493817519 ], [ -95.410944966867362, 29.915127920349377 ], [ -95.411558644982975, 29.915118754867873 ], [ -95.412170792676989, 29.915106703339411 ], [ -95.412396573302431, 29.915109313680265 ], [ -95.41255363483846, 29.915111128355829 ], [ -95.412711416150543, 29.915112952158189 ], [ -95.412930682322497, 29.91511548585537 ], [ -95.414090365705547, 29.915079053477527 ], [ -95.414445377228745, 29.915073926292862 ], [ -95.414544738638043, 29.915071561437426 ] ] } },
{ "type": "Feature", "properties": { "OBJECTID": 539, "Full_Name": "WESTHEIMER RD", "Ped_Death_Count": 0, "Bike_Death_Count": 0, "Veh_Death_Count": 1, "Ped_Crash_Count": 1, "Bike_Crash_Count": 1, "Veh_Crash_Count": 2, "Total_Crash_Count": 4, "RoadLength": 2639.9999, "Miles": 0.5, "CrashRate": 8.0, "Total_Death_Count": 1, "Shape__Length": 2639.9998806325812 }, "geometry": { "type": "LineString", "coordinates": [ [ -95.641758406476896, 29.735618881844431 ], [ -95.641880783045565, 29.735616077979955 ], [ -95.642360683782655, 29.735608776278248 ], [ -95.642725754904248, 29.735604931572226 ], [ -95.642985927168638, 29.735607876058136 ], [ -95.644074748269645, 29.735587011336229 ], [ -95.647006813086733, 29.735546046607865 ], [ -95.647548379734715, 29.735537885030254 ], [ -95.648006374946732, 29.735516767375213 ], [ -95.648412244053659, 29.73547262552886 ], [ -95.649379126329862, 29.735345067519852 ], [ -95.650005926754659, 29.735109659715466 ] ] } },
{ "type": "Feature", "properties": { "OBJECTID": 540, "Full_Name": "WESTHEIMER RD", "Ped_Death_Count": 2, "Bike_Death_Count": 0, "Veh_Death_Count": 0, "Ped_Crash_Count": 3, "Bike_Crash_Count": 0, "Veh_Crash_Count": 4, "Total_Crash_Count": 7, "RoadLength": 2640.0002, "Miles": 0.5, "CrashRate": 14.0, "Total_Death_Count": 2, "Shape__Length": 2640.0002093836274 }, "geometry": { "type": "LineString", "coordinates": [ [ -95.633440901938187, 29.735730143842634 ], [ -95.634335966400158, 29.735718965096449 ], [ -95.635150023523352, 29.73570664566132 ], [ -95.635725703650692, 29.735699548397324 ], [ -95.636325919873258, 29.735695835732518 ], [ -95.636600365778207, 29.735691916570325 ], [ -95.637803758063313, 29.735681904939838 ], [ -95.638145762732364, 29.735672874239345 ], [ -95.63821279433138, 29.735668858160768 ], [ -95.638808422670621, 29.735658627871146 ], [ -95.640030345050619, 29.735639758869485 ], [ -95.64069464619682, 29.73563805813265 ], [ -95.640835510851062, 29.735635125801419 ], [ -95.641229542851022, 29.735628105746049 ], [ -95.641414019000351, 29.735626772565467 ], [ -95.641758406476896, 29.735618881844431 ] ] } },
{ "type": "Feature", "properties": { "OBJECTID": 541, "Full_Name": "WESTHEIMER RD", "Ped_Death_Count": 1, "Bike_Death_Count": 0, "Veh_Death_Count": 1, "Ped_Crash_Count": 1, "Bike_Crash_Count": 0, "Veh_Crash_Count": 5, "Total_Crash_Count": 6, "RoadLength": 2639.9999, "Miles": 0.5, "CrashRate": 12.0, "Total_Death_Count": 2, "Shape__Length": 2639.9998792220863 }, "geometry": { "type": "LineString", "coordinates": [ [ -95.609467981888073, 29.736107850353591 ], [ -95.611455082049304, 29.736070439616086 ], [ -95.612435821954662, 29.736042627214161 ], [ -95.612606329160272, 29.73603561799613 ], [ -95.613537345714803, 29.736009090171539 ], [ -95.614253019228727, 29.735981531148155 ], [ -95.614885160788035, 29.735974016861714 ], [ -95.615184793352128, 29.735972658083853 ], [ -95.615962319286339, 29.735967407426124 ], [ -95.61694155669862, 29.735954460627262 ], [ -95.617512959756439, 29.735945726875165 ], [ -95.617784113861703, 29.735946250903542 ] ] } },
{ "type": "Feature", "properties": { "OBJECTID": 542, "Full_Name": "WESTHEIMER RD", "Ped_Death_Count": 1, "Bike_Death_Count": 0, "Veh_Death_Count": 1, "Ped_Crash_Count": 3, "Bike_Crash_Count": 0, "Veh_Crash_Count": 4, "Total_Crash_Count": 7, "RoadLength": 2640.0002, "Miles": 0.5, "CrashRate": 14.0, "Total_Death_Count": 2, "Shape__Length": 2640.0001533741838 }, "geometry": { "type": "LineString", "coordinates": [ [ -95.601150923345827, 29.736229732708441 ], [ -95.603083920388158, 29.736212821915103 ], [ -95.603965025067012, 29.736201747311334 ], [ -95.604711846382529, 29.7361984011125 ], [ -95.605299619235311, 29.736179882320652 ], [ -95.605838896948043, 29.736178188275382 ], [ -95.607050290594273, 29.736165031308243 ], [ -95.607291711654582, 29.73615798889751 ], [ -95.608725602372246, 29.736133474867351 ], [ -95.609071585155547, 29.736124130653973 ], [ -95.609368522693302, 29.736109721678051 ], [ -95.609467981888073, 29.736107850353591 ] ] } },
{ "type": "Feature", "properties": { "OBJECTID": 543, "Full_Name": "WESTHEIMER RD", "Ped_Death_Count": 0, "Bike_Death_Count": 0, "Veh_Death_Count": 0, "Ped_Crash_Count": 2, "Bike_Crash_Count": 0, "Veh_Crash_Count": 3, "Total_Crash_Count": 5, "RoadLength": 2640.0, "Miles": 0.5, "CrashRate": 10.0, "Total_Death_Count": 0, "Shape__Length": 2639.9999603727774 }, "geometry": { "type": "LineString", "coordinates": [ [ -95.592833778499227, 29.736370899761152 ], [ -95.593075695767794, 29.736363407227238 ], [ -95.59438407642007, 29.736336467489259 ], [ -95.594702901796708, 29.736331685288619 ], [ -95.595693767588131, 29.736312094586509 ], [ -95.59682898189827, 29.736291136818142 ], [ -95.597072162126352, 29.736289014477176 ], [ -95.597276766521887, 29.736285911894448 ], [ -95.598090442893266, 29.736273377144084 ], [ -95.600798444499617, 29.736232813438527 ], [ -95.601150923345827, 29.736229732708441 ] ] } },
{ "type": "Feature", "properties": { "OBJECTID": 544, "Full_Name": "WESTHEIMER RD", "Ped_Death_Count": 1, "Bike_Death_Count": 0, "Veh_Death_Count": 1, "Ped_Crash_Count": 10, "Bike_Crash_Count": 0, "Veh_Crash_Count": 6, "Total_Crash_Count": 16, "RoadLength": 2639.9999, "Miles": 0.5, "CrashRate": 32.0, "Total_Death_Count": 2, "Shape__Length": 2639.9999092414837 }, "geometry": { "type": "LineString", "coordinates": [ [ -95.584519380187743, 29.736563899288203 ], [ -95.585000775857225, 29.736553243051091 ], [ -95.586242596977243, 29.736544205195312 ], [ -95.58722817133463, 29.736528627427202 ], [ -95.587760868840107, 29.736529181657215 ], [ -95.588620153066614, 29.736520961970346 ], [ -95.589358794875238, 29.736509667252914 ], [ -95.589524648439166, 29.736501845870034 ], [ -95.589645489636268, 29.736498901626742 ], [ -95.591096203031711, 29.736445512018069 ], [ -95.591732039380304, 29.73641352139613 ], [ -95.592585231238914, 29.736381036697264 ], [ -95.59260505324886, 29.736377983631279 ], [ -95.592833778499227, 29.736370899761152 ] ] } },
{ "type": "Feature", "properties": { "OBJECTID": 545, "Full_Name": "WESTHEIMER RD", "Ped_Death_Count": 0, "Bike_Death_Count": 0, "Veh_Death_Count": 0, "Ped_Crash_Count": 6, "Bike_Crash_Count": 1, "Veh_Crash_Count": 7, "Total_Crash_Count": 14, "RoadLength": 2639.9998, "Miles": 0.5, "CrashRate": 28.0, "Total_Death_Count": 0, "Shape__Length": 2639.9998469444486 }, "geometry": { "type": "LineString", "coordinates": [ [ -95.576201922943198, 29.736690767828186 ], [ -95.579448425258647, 29.736653475487273 ], [ -95.581200557599658, 29.736628030506711 ], [ -95.582268982692739, 29.736613690901379 ], [ -95.584519380187743, 29.736563899288203 ] ] } },
{ "type": "Feature", "properties": { "OBJECTID": 546, "Full_Name": "WESTHEIMER RD", "Ped_Death_Count": 0, "Bike_Death_Count": 0, "Veh_Death_Count": 0, "Ped_Crash_Count": 3, "Bike_Crash_Count": 0, "Veh_Crash_Count": 13, "Total_Crash_Count": 16, "RoadLength": 2640.0001, "Miles": 0.5, "CrashRate": 32.0, "Total_Death_Count": 0, "Shape__Length": 2640.0001020352806 }, "geometry": { "type": "LineString", "coordinates": [ [ -95.567884859814498, 29.736815797565328 ], [ -95.568559841129954, 29.736812980328036 ], [ -95.569600984583502, 29.73678691256309 ], [ -95.570646060339627, 29.736772236447472 ], [ -95.571760520537211, 29.73674802868964 ], [ -95.572524763051916, 29.736741220463482 ], [ -95.57273646571025, 29.736735336585816 ], [ -95.573449207604313, 29.736719669544755 ], [ -95.573730041951691, 29.736711786536389 ], [ -95.575566562664676, 29.736708703712498 ], [ -95.576167193660638, 29.736691166494317 ], [ -95.576201922943198, 29.736690767828186 ] ] } },
{ "type": "Feature", "properties": { "OBJECTID": 547, "Full_Name": "WESTHEIMER RD", "Ped_Death_Count": 1, "Bike_Death_Count": 0, "Veh_Death_Count": 2, "Ped_Crash_Count": 3, "Bike_Crash_Count": 0, "Veh_Crash_Count": 8, "Total_Crash_Count": 11, "RoadLength": 2640.0, "Miles": 0.5, "CrashRate": 22.0, "Total_Death_Count": 3, "Shape__Length": 2640.0000119764622 }, "geometry": { "type": "LineString", "coordinates": [ [ -95.559567180106541, 29.736915817424592 ], [ -95.5598522142283, 29.736918513814636 ], [ -95.56016475517724, 29.736914259791327 ], [ -95.5605300462, 29.736916432111727 ], [ -95.560777886758387, 29.736914689290376 ], [ -95.560893301589431, 29.736910201873727 ], [ -95.561712367276783, 29.736891605730957 ], [ -95.56230449786149, 29.736886936405117 ], [ -95.563140505523037, 29.736877446848347 ], [ -95.563486157868056, 29.736867481458567 ], [ -95.564202962979635, 29.736859501088023 ], [ -95.565139969036267, 29.73684963226594 ], [ -95.566906288532579, 29.736823345003362 ], [ -95.56767484115197, 29.736816673059931 ], [ -95.567884859814498, 29.736815797565328 ] ] } },
{ "type": "Feature", "properties": { "OBJECTID": 548, "Full_Name": "WESTHEIMER RD", "Ped_Death_Count": 1, "Bike_Death_Count": 0, "Veh_Death_Count": 2, "Ped_Crash_Count": 2, "Bike_Crash_Count": 0, "Veh_Crash_Count": 2, "Total_Crash_Count": 4, "RoadLength": 2640.0001, "Miles": 0.5, "CrashRate": 8.0, "Total_Death_Count": 3, "Shape__Length": 2640.0000517043209 }, "geometry": { "type": "LineString", "coordinates": [ [ -95.542931892884894, 29.737134367912805 ], [ -95.543660704182187, 29.737125245602865 ], [ -95.544873610839289, 29.737108667127309 ], [ -95.545864547403355, 29.737092348222873 ], [ -95.548378448589204, 29.737063786642675 ], [ -95.549365462773835, 29.737050667009672 ], [ -95.551249798816258, 29.737024768812205 ] ] } },
{ "type": "Feature", "properties": { "OBJECTID": 549, "Full_Name": "WESTHEIMER RD", "Ped_Death_Count": 2, "Bike_Death_Count": 0, "Veh_Death_Count": 0, "Ped_Crash_Count": 3, "Bike_Crash_Count": 1, "Veh_Crash_Count": 1, "Total_Crash_Count": 5, "RoadLength": 2639.9999, "Miles": 0.5, "CrashRate": 10.0, "Total_Death_Count": 2, "Shape__Length": 2639.9999457557715 }, "geometry": { "type": "LineString", "coordinates": [ [ -95.534615207875689, 29.737252291554451 ], [ -95.534793374870773, 29.737251141323785 ], [ -95.534851171557975, 29.737245129975864 ], [ -95.535663638282543, 29.737227133253615 ], [ -95.535866832926018, 29.737221676047035 ], [ -95.537328082041981, 29.737194633938305 ], [ -95.537692893463856, 29.737185231093122 ], [ -95.538096021354562, 29.737184489786426 ], [ -95.538873163737819, 29.737184578366694 ], [ -95.539424788062249, 29.737195277742654 ], [ -95.540440168808743, 29.737169862043899 ], [ -95.541411770727535, 29.737149951826094 ], [ -95.542269195270151, 29.737142659895053 ], [ -95.542931892884894, 29.737134367912805 ] ] } },
{ "type": "Feature", "properties": { "OBJECTID": 550, "Full_Name": "WESTHEIMER RD", "Ped_Death_Count": 1, "Bike_Death_Count": 0, "Veh_Death_Count": 1, "Ped_Crash_Count": 2, "Bike_Crash_Count": 0, "Veh_Crash_Count": 2, "Total_Crash_Count": 4, "RoadLength": 2640.0002, "Miles": 0.5, "CrashRate": 8.0, "Total_Death_Count": 2, "Shape__Length": 2640.0001998407424 }, "geometry": { "type": "LineString", "coordinates": [ [ -95.52629764764248, 29.73730595079115 ], [ -95.52703473924683, 29.737302988028631 ], [ -95.528142801639319, 29.737289791218 ], [ -95.528554834617836, 29.737291191374904 ], [ -95.528805420281813, 29.737293650566269 ], [ -95.528994663577421, 29.737298555650082 ], [ -95.53143886485968, 29.737287303969374 ], [ -95.532436995288521, 29.737251006380259 ], [ -95.532841643672626, 29.737245325051994 ], [ -95.533680016469987, 29.737258326662008 ], [ -95.534615207875689, 29.737252291554451 ] ] } },
{ "type": "Feature", "properties": { "OBJECTID": 551, "Full_Name": "WESTHEIMER RD", "Ped_Death_Count": 1, "Bike_Death_Count": 1, "Veh_Death_Count": 3, "Ped_Crash_Count": 5, "Bike_Crash_Count": 1, "Veh_Crash_Count": 7, "Total_Crash_Count": 13, "RoadLength": 2640.0, "Miles": 0.5, "CrashRate": 26.0, "Total_Death_Count": 5, "Shape__Length": 2640.0000107413539 }, "geometry": { "type": "LineString", "coordinates": [ [ -95.517980440419294, 29.737413353479891 ], [ -95.518851543390866, 29.737399713983635 ], [ -95.519762014254553, 29.737389212738375 ], [ -95.520471756429515, 29.737382031812366 ], [ -95.52116823915506, 29.73739525984395 ], [ -95.522115726441868, 29.737377555740117 ], [ -95.52260068850218, 29.73736899779151 ], [ -95.523001976999382, 29.737364727525247 ], [ -95.52497548529027, 29.737336804658078 ], [ -95.525837092359438, 29.73730779946483 ], [ -95.52629764764248, 29.73730595079115 ] ] } },
{ "type": "Feature", "properties": { "OBJECTID": 552, "Full_Name": "WESTHEIMER RD", "Ped_Death_Count": 5, "Bike_Death_Count": 0, "Veh_Death_Count": 1, "Ped_Crash_Count": 9, "Bike_Crash_Count": 1, "Veh_Crash_Count": 2, "Total_Crash_Count": 12, "RoadLength": 2640.0, "Miles": 0.5, "CrashRate": 24.0, "Total_Death_Count": 6, "Shape__Length": 2640.0000175255691 }, "geometry": { "type": "LineString", "coordinates": [ [ -95.509662667404783, 29.737509359698802 ], [ -95.510079339771579, 29.737506099372901 ], [ -95.511061536919044, 29.737507878038787 ], [ -95.512267362195388, 29.73747879924694 ], [ -95.514195226711578, 29.737451938116873 ], [ -95.515713343283451, 29.73745048770558 ], [ -95.51685886627692, 29.73743120319519 ], [ -95.517108675971954, 29.737426997201453 ], [ -95.517980440419294, 29.737413353479891 ] ] } },
{ "type": "Feature", "properties": { "OBJECTID": 553, "Full_Name": "WESTHEIMER RD", "Ped_Death_Count": 3, "Bike_Death_Count": 0, "Veh_Death_Count": 1, "Ped_Crash_Count": 4, "Bike_Crash_Count": 0, "Veh_Crash_Count": 5, "Total_Crash_Count": 9, "RoadLength": 2640.0, "Miles": 0.5, "CrashRate": 18.0, "Total_Death_Count": 4, "Shape__Length": 2639.9999620388121 }, "geometry": { "type": "LineString", "coordinates": [ [ -95.501345675538488, 29.737590782923828 ], [ -95.501915796355064, 29.737586400299946 ], [ -95.503391676833758, 29.73756568462964 ], [ -95.504136830914959, 29.737556213459492 ], [ -95.50504426617249, 29.737552962165861 ], [ -95.506043141514439, 29.737570152298371 ], [ -95.506363456493261, 29.737570516644411 ], [ -95.506803823869191, 29.737549798220726 ], [ -95.507180965974044, 29.737531051345709 ], [ -95.507393106790431, 29.737529276163507 ], [ -95.507879268113967, 29.73752990943586 ], [ -95.50937656482941, 29.73751159794605 ], [ -95.509662667404783, 29.737509359698802 ] ] } },
{ "type": "Feature", "properties": { "OBJECTID": 554, "Full_Name": "WESTHEIMER RD", "Ped_Death_Count": 6, "Bike_Death_Count": 0, "Veh_Death_Count": 0, "Ped_Crash_Count": 14, "Bike_Crash_Count": 1, "Veh_Crash_Count": 6, "Total_Crash_Count": 21, "RoadLength": 2639.9998, "Miles": 0.5, "CrashRate": 42.0, "Total_Death_Count": 6, "Shape__Length": 2639.99979066673 }, "geometry": { "type": "LineString", "coordinates": [ [ -95.493029517253646, 29.737676211807077 ], [ -95.493538745050088, 29.737668675775982 ], [ -95.495107440133054, 29.737694699208465 ], [ -95.495744869380985, 29.737662059286194 ], [ -95.49635516374336, 29.737664956799772 ], [ -95.496921156948176, 29.737653436922525 ], [ -95.497248909014175, 29.737662008607973 ], [ -95.497358157951567, 29.737664866815873 ], [ -95.498325056158166, 29.737644828847994 ], [ -95.499189459047898, 29.737627862619565 ], [ -95.499400582463466, 29.737623718502999 ], [ -95.50090569503196, 29.737594162839059 ], [ -95.501345675538488, 29.737590782923828 ] ] } },
{ "type": "Feature", "properties": { "OBJECTID": 555, "Full_Name": "WESTHEIMER RD", "Ped_Death_Count": 5, "Bike_Death_Count": 2, "Veh_Death_Count": 0, "Ped_Crash_Count": 9, "Bike_Crash_Count": 2, "Veh_Crash_Count": 2, "Total_Crash_Count": 13, "RoadLength": 2640.0002, "Miles": 0.5, "CrashRate": 26.0, "Total_Death_Count": 7, "Shape__Length": 2640.0001836371789 }, "geometry": { "type": "LineString", "coordinates": [ [ -95.484712368838217, 29.737822094316641 ], [ -95.485306035443429, 29.737814234434857 ], [ -95.487211451523194, 29.737788995548119 ], [ -95.488557215045674, 29.737767980159489 ], [ -95.489851818266743, 29.737734852196343 ], [ -95.491599881358795, 29.737703972950399 ], [ -95.492857433526865, 29.737678758381421 ], [ -95.493029517253646, 29.737676211807077 ] ] } },
{ "type": "Feature", "properties": { "OBJECTID": 556, "Full_Name": "WESTHEIMER RD", "Ped_Death_Count": 2, "Bike_Death_Count": 0, "Veh_Death_Count": 0, "Ped_Crash_Count": 8, "Bike_Crash_Count": 0, "Veh_Crash_Count": 6, "Total_Crash_Count": 14, "RoadLength": 2639.9999, "Miles": 0.5, "CrashRate": 28.0, "Total_Death_Count": 2, "Shape__Length": 2639.9999088448144 }, "geometry": { "type": "LineString", "coordinates": [ [ -95.476397982841917, 29.737908525173946 ], [ -95.476574836725106, 29.737919621546627 ], [ -95.476968843804286, 29.737922435646041 ], [ -95.477231784559436, 29.737912165520026 ], [ -95.477723245071871, 29.737908596547538 ], [ -95.477993428767988, 29.737882717243995 ], [ -95.47842105695041, 29.73789669391682 ], [ -95.479396865688727, 29.737874263595973 ], [ -95.479538185662179, 29.737886223011532 ], [ -95.480113781024414, 29.737881197760089 ], [ -95.481497494803065, 29.73785763430535 ], [ -95.482479530936047, 29.737832003526641 ], [ -95.483793425583144, 29.737822071660101 ], [ -95.484287921529102, 29.737827711119476 ], [ -95.484667408291358, 29.737822689152583 ], [ -95.484712368838217, 29.737822094316641 ] ] } },
{ "type": "Feature", "properties": { "OBJECTID": 557, "Full_Name": "WESTHEIMER RD", "Ped_Death_Count": 1, "Bike_Death_Count": 0, "Veh_Death_Count": 3, "Ped_Crash_Count": 3, "Bike_Crash_Count": 0, "Veh_Crash_Count": 4, "Total_Crash_Count": 7, "RoadLength": 2640.0001, "Miles": 0.5, "CrashRate": 14.0, "Total_Death_Count": 4, "Shape__Length": 2640.0000658556069 }, "geometry": { "type": "LineString", "coordinates": [ [ -95.468499450340246, 29.739935508400958 ], [ -95.469433866796891, 29.739618027705799 ], [ -95.470650537515212, 29.739204634414513 ], [ -95.472525736844233, 29.738546577017949 ], [ -95.472862897192527, 29.738439641868851 ], [ -95.473883457708212, 29.738086733062584 ], [ -95.474252672152417, 29.737997125013617 ], [ -95.47464146568673, 29.737951207509251 ], [ -95.476348556457381, 29.737905423474452 ], [ -95.476397982841917, 29.737908525173946 ] ] } },
{ "type": "Feature", "properties": { "OBJECTID": 558, "Full_Name": "WESTHEIMER RD", "Ped_Death_Count": 2, "Bike_Death_Count": 0, "Veh_Death_Count": 3, "Ped_Crash_Count": 6, "Bike_Crash_Count": 1, "Veh_Crash_Count": 3, "Total_Crash_Count": 10, "RoadLength": 2639.9999, "Miles": 0.5, "CrashRate": 20.0, "Total_Death_Count": 5, "Shape__Length": 2639.9999201699138 }, "geometry": { "type": "LineString", "coordinates": [ [ -95.460313521522366, 29.740885307724444 ], [ -95.460512846377583, 29.740882297589785 ], [ -95.460900128900008, 29.740840727678687 ], [ -95.461348358016195, 29.740821910147602 ], [ -95.461900305651213, 29.740794315207914 ], [ -95.462071072657437, 29.740785778060506 ], [ -95.464188239356616, 29.740679907121194 ], [ -95.465958258011995, 29.740562623502004 ], [ -95.466948933207078, 29.740462298305594 ], [ -95.468499450340246, 29.739935508400958 ] ] } },
{ "type": "Feature", "properties": { "OBJECTID": 559, "Full_Name": "WESTHEIMER RD", "Ped_Death_Count": 2, "Bike_Death_Count": 0, "Veh_Death_Count": 0, "Ped_Crash_Count": 3, "Bike_Crash_Count": 0, "Veh_Crash_Count": 7, "Total_Crash_Count": 10, "RoadLength": 2640.0, "Miles": 0.5, "CrashRate": 20.0, "Total_Death_Count": 2, "Shape__Length": 2639.9999969055366 }, "geometry": { "type": "LineString", "coordinates": [ [ -95.452017134774053, 29.741411345146989 ], [ -95.452110266613658, 29.741406169682637 ], [ -95.45261444504871, 29.741377506659099 ], [ -95.45343868156786, 29.741318217416424 ], [ -95.453930128060037, 29.74128334428201 ], [ -95.454590521340862, 29.741242525661228 ], [ -95.45556383285934, 29.741181094489757 ], [ -95.4577181639158, 29.741028395039415 ], [ -95.458081695769408, 29.741013439107487 ], [ -95.458191393441169, 29.741008926671832 ], [ -95.458292431517833, 29.741005938165923 ], [ -95.458680671786723, 29.740994454591828 ], [ -95.459376520593651, 29.740955868460357 ], [ -95.459644474734347, 29.740931869699974 ], [ -95.46026340466257, 29.740886065076118 ], [ -95.460313521522366, 29.740885307724444 ] ] } },
{ "type": "Feature", "properties": { "OBJECTID": 560, "Full_Name": "WESTHEIMER RD", "Ped_Death_Count": 0, "Bike_Death_Count": 0, "Veh_Death_Count": 0, "Ped_Crash_Count": 1, "Bike_Crash_Count": 0, "Veh_Crash_Count": 3, "Total_Crash_Count": 4, "RoadLength": 2640.0002, "Miles": 0.5, "CrashRate": 8.0, "Total_Death_Count": 0, "Shape__Length": 2640.0001760358305 }, "geometry": { "type": "LineString", "coordinates": [ [ -95.410516205263221, 29.742600224530154 ], [ -95.410728878619992, 29.742581516307446 ], [ -95.410768546747946, 29.742579183244569 ], [ -95.411335415443133, 29.742581468096141 ], [ -95.411530630195273, 29.742576917664643 ], [ -95.411929742279639, 29.742575869140843 ], [ -95.412313865132248, 29.742554854664238 ], [ -95.413114950942898, 29.742535222894436 ], [ -95.41359470114746, 29.742536330147662 ], [ -95.413923035387768, 29.742522076955225 ], [ -95.414714605005571, 29.742483642082252 ], [ -95.415516856178556, 29.742429294619761 ], [ -95.416389693914965, 29.742395505635454 ], [ -95.417575543654038, 29.742379520412307 ], [ -95.418777887210268, 29.74231842825434 ], [ -95.418826024777019, 29.742315845314732 ] ] } },
{ "type": "Feature", "properties": { "OBJECTID": 561, "Full_Name": "WESTHEIMER RD", "Ped_Death_Count": 0, "Bike_Death_Count": 0, "Veh_Death_Count": 0, "Ped_Crash_Count": 4, "Bike_Crash_Count": 0, "Veh_Crash_Count": 2, "Total_Crash_Count": 6, "RoadLength": 2640.0001, "Miles": 0.5, "CrashRate": 12.0, "Total_Death_Count": 0, "Shape__Length": 2640.0000843469506 }, "geometry": { "type": "LineString", "coordinates": [ [ -95.394303911535744, 29.744184046115866 ], [ -95.394373833304414, 29.74415268098867 ], [ -95.394803138344031, 29.743931486611118 ], [ -95.395757121002646, 29.743409435957659 ], [ -95.395846299549945, 29.743372483421268 ], [ -95.39591183455417, 29.743347354256024 ], [ -95.396941244442345, 29.742862439933518 ], [ -95.397033060203142, 29.74282649812783 ], [ -95.397139255037573, 29.742810697757005 ], [ -95.397544467318639, 29.742802939883717 ], [ -95.398174027962128, 29.74279517011129 ], [ -95.398857209888178, 29.742793528058954 ], [ -95.399253999272048, 29.742794436172108 ], [ -95.399310678899397, 29.742795859329995 ], [ -95.399367431033781, 29.742797484803589 ], [ -95.400482097272274, 29.742789816638894 ], [ -95.401251510738291, 29.742789347249548 ], [ -95.402067878033108, 29.742786825269153 ], [ -95.40220662523852, 29.742783439276661 ] ] } },
{ "type": "Feature", "properties": { "OBJECTID": 562, "Full_Name": "WESTHEIMER RD", "Ped_Death_Count": 1, "Bike_Death_Count": 0, "Veh_Death_Count": 0, "Ped_Crash_Count": 5, "Bike_Crash_Count": 0, "Veh_Crash_Count": 1, "Total_Crash_Count": 6, "RoadLength": 2640.0, "Miles": 0.5, "CrashRate": 12.0, "Total_Death_Count": 1, "Shape__Length": 2640.0000459672492 }, "geometry": { "type": "LineString", "coordinates": [ [ -95.386144878478959, 29.744565856365085 ], [ -95.387231268376155, 29.744536796381567 ], [ -95.388843616174697, 29.744509991055992 ], [ -95.389077328353736, 29.74451114063633 ], [ -95.389382748466033, 29.744534676762008 ], [ -95.389658345120495, 29.744619893725531 ], [ -95.389781152557418, 29.744648549021488 ], [ -95.389917375700804, 29.744667772685826 ], [ -95.390043766088965, 29.744674539867177 ], [ -95.390520618034017, 29.74467267076259 ], [ -95.391253831139096, 29.744673184105505 ], [ -95.391825562282222, 29.744672948884606 ], [ -95.392131921991449, 29.744657859128523 ], [ -95.392338290769871, 29.744648757091497 ], [ -95.392641625148372, 29.74464231437954 ], [ -95.393115096577176, 29.744655063876721 ], [ -95.393287625169023, 29.744653863846942 ], [ -95.393443969080806, 29.744589388912456 ], [ -95.393820728603899, 29.744400785555495 ], [ -95.394303911535744, 29.744184046115866 ] ] } },
{ "type": "Feature", "properties": { "OBJECTID": 563, "Full_Name": "WESTPARK DR", "Ped_Death_Count": 3, "Bike_Death_Count": 0, "Veh_Death_Count": 1, "Ped_Crash_Count": 4, "Bike_Crash_Count": 0, "Veh_Crash_Count": 5, "Total_Crash_Count": 9, "RoadLength": 2639.9998, "Miles": 0.5, "CrashRate": 18.0, "Total_Death_Count": 4, "Shape__Length": 2639.9998007215863 }, "geometry": { "type": "LineString", "coordinates": [ [ -95.532492465764534, 29.720431635390213 ], [ -95.533347577938116, 29.720372372181675 ], [ -95.534326752646066, 29.72026124183682 ], [ -95.535296605901934, 29.720350041190411 ], [ -95.535424040978839, 29.720377106588305 ], [ -95.536272141384401, 29.720582302054435 ], [ -95.536451626423741, 29.720647642915271 ], [ -95.536535800184424, 29.720679191252831 ], [ -95.537079050713075, 29.720932121769366 ], [ -95.537360688836159, 29.721094089368634 ], [ -95.537492709536934, 29.721169951401436 ], [ -95.537944124504435, 29.72148512132522 ], [ -95.538104086054702, 29.721596948336316 ], [ -95.538290747432868, 29.721715340433008 ], [ -95.538616352914019, 29.721903896776663 ], [ -95.539080788003034, 29.722099956857917 ], [ -95.539609367805241, 29.722289840219734 ], [ -95.539753715204256, 29.722353932066824 ], [ -95.540083300314706, 29.722470478625151 ], [ -95.540156669422004, 29.722496707004346 ] ] } },
{ "type": "Feature", "properties": { "OBJECTID": 564, "Full_Name": "WESTPARK DR", "Ped_Death_Count": 1, "Bike_Death_Count": 0, "Veh_Death_Count": 0, "Ped_Crash_Count": 1, "Bike_Crash_Count": 0, "Veh_Crash_Count": 2, "Total_Crash_Count": 3, "RoadLength": 2639.9999, "Miles": 0.5, "CrashRate": 6.0, "Total_Death_Count": 1, "Shape__Length": 2639.9999486033053 }, "geometry": { "type": "LineString", "coordinates": [ [ -95.524215613412792, 29.721140477842965 ], [ -95.525115716746043, 29.721065517106528 ], [ -95.526334839609007, 29.720927467626463 ], [ -95.526548519027187, 29.720908448965659 ], [ -95.527445363278972, 29.720833531677616 ], [ -95.529075092608451, 29.720721334728811 ], [ -95.530373107085865, 29.720611117518068 ], [ -95.53134451871918, 29.720531023683971 ], [ -95.532352430523247, 29.720441340316697 ], [ -95.532492465764534, 29.720431635390213 ] ] } },
{ "type": "Feature", "properties": { "OBJECTID": 565, "Full_Name": "WESTPARK DR", "Ped_Death_Count": 1, "Bike_Death_Count": 0, "Veh_Death_Count": 1, "Ped_Crash_Count": 1, "Bike_Crash_Count": 0, "Veh_Crash_Count": 4, "Total_Crash_Count": 5, "RoadLength": 2640.0001, "Miles": 0.5, "CrashRate": 10.0, "Total_Death_Count": 2, "Shape__Length": 2640.0001192462414 }, "geometry": { "type": "LineString", "coordinates": [ [ -95.507652148733158, 29.722486055296052 ], [ -95.507705448689961, 29.722481620191896 ], [ -95.50877737647248, 29.722401108044185 ], [ -95.509260130854315, 29.722364847732507 ], [ -95.509913356169349, 29.722304451663785 ], [ -95.510792589168801, 29.722222740588954 ], [ -95.512326416507904, 29.722100164089287 ], [ -95.513941819722547, 29.721975254019878 ], [ -95.514726070793159, 29.721914344272022 ], [ -95.515934200167663, 29.721816891346762 ] ] } },
{ "type": "Feature", "properties": { "OBJECTID": 566, "Full_Name": "WESTPARK DR", "Ped_Death_Count": 1, "Bike_Death_Count": 1, "Veh_Death_Count": 0, "Ped_Crash_Count": 1, "Bike_Crash_Count": 1, "Veh_Crash_Count": 3, "Total_Crash_Count": 5, "RoadLength": 2639.9999, "Miles": 0.5, "CrashRate": 10.0, "Total_Death_Count": 2, "Shape__Length": 2639.9999114955344 }, "geometry": { "type": "LineString", "coordinates": [ [ -95.499370298826804, 29.72315519459471 ], [ -95.501038718680263, 29.723004201179126 ], [ -95.50121499229563, 29.722992061583632 ], [ -95.501976165562809, 29.722939639789121 ], [ -95.502726859110311, 29.722866483444776 ], [ -95.503485502451397, 29.722813079907141 ], [ -95.504376008343215, 29.722749990725042 ], [ -95.505982935471494, 29.722624954911662 ], [ -95.507652148733158, 29.722486055296052 ] ] } },
{ "type": "Feature", "properties": { "OBJECTID": 567, "Full_Name": "WESTPARK DR", "Ped_Death_Count": 0, "Bike_Death_Count": 0, "Veh_Death_Count": 1, "Ped_Crash_Count": 1, "Bike_Crash_Count": 0, "Veh_Crash_Count": 4, "Total_Crash_Count": 5, "RoadLength": 2640.0, "Miles": 0.5, "CrashRate": 10.0, "Total_Death_Count": 1, "Shape__Length": 2639.9999673787752 }, "geometry": { "type": "LineString", "coordinates": [ [ -95.491081992315515, 29.723755623079157 ], [ -95.491251841162139, 29.72374500083022 ], [ -95.491581285866303, 29.723724397008503 ], [ -95.492070031870753, 29.723693829807555 ], [ -95.492814507598695, 29.72364768224886 ], [ -95.493787018994993, 29.723587393332927 ], [ -95.493984659329172, 29.723569863221694 ], [ -95.494023381294795, 29.723567352806491 ], [ -95.495078144272426, 29.723487959101618 ], [ -95.495440738683214, 29.723453321376212 ], [ -95.497356002152216, 29.723337461724824 ], [ -95.499370298826804, 29.72315519459471 ] ] } },
{ "type": "Feature", "properties": { "OBJECTID": 568, "Full_Name": "WESTPARK DR", "Ped_Death_Count": 0, "Bike_Death_Count": 0, "Veh_Death_Count": 0, "Ped_Crash_Count": 2, "Bike_Crash_Count": 0, "Veh_Crash_Count": 3, "Total_Crash_Count": 5, "RoadLength": 2640.0, "Miles": 0.5, "CrashRate": 10.0, "Total_Death_Count": 0, "Shape__Length": 2639.9999858689976 }, "geometry": { "type": "LineString", "coordinates": [ [ -95.482797106618634, 29.72439718366897 ], [ -95.482933815075938, 29.724385930994409 ], [ -95.484277768928081, 29.724287689533615 ], [ -95.485268799025135, 29.724190461241285 ], [ -95.489069970771823, 29.72390434762579 ], [ -95.490562227952438, 29.723788126189589 ], [ -95.490691106784141, 29.723780067096968 ], [ -95.491005277561172, 29.723760420300916 ], [ -95.491081992315515, 29.723755623079157 ] ] } },
{ "type": "Feature", "properties": { "OBJECTID": 569, "Full_Name": "WESTRIDGE ST", "Ped_Death_Count": 0, "Bike_Death_Count": 0, "Veh_Death_Count": 0, "Ped_Crash_Count": 2, "Bike_Crash_Count": 1, "Veh_Crash_Count": 1, "Total_Crash_Count": 4, "RoadLength": 2639.9999, "Miles": 0.5, "CrashRate": 8.0, "Total_Death_Count": 0, "Shape__Length": 2639.9999463191052 }, "geometry": { "type": "LineString", "coordinates": [ [ -95.413881028987433, 29.6820915138819 ], [ -95.414481331692016, 29.682105698961294 ], [ -95.415513137292294, 29.682130074666674 ], [ -95.415713137898976, 29.682133274183379 ], [ -95.415814328065295, 29.682134932310412 ], [ -95.416340320984972, 29.682143553328213 ], [ -95.417374850974781, 29.682160501713561 ], [ -95.417957577028673, 29.682169624319194 ], [ -95.419130358777267, 29.682190218042525 ], [ -95.419648826544162, 29.682198915454908 ], [ -95.420486946561141, 29.682222356534176 ], [ -95.421290138797161, 29.682244816371607 ], [ -95.421596573603139, 29.68224027525287 ], [ -95.421834950687668, 29.682253014305257 ], [ -95.422192677926205, 29.682258915335893 ] ] } },
{ "type": "Feature", "properties": { "OBJECTID": 570, "Full_Name": "WHEELER ST", "Ped_Death_Count": 0, "Bike_Death_Count": 0, "Veh_Death_Count": 0, "Ped_Crash_Count": 1, "Bike_Crash_Count": 0, "Veh_Crash_Count": 2, "Total_Crash_Count": 3, "RoadLength": 2640.0, "Miles": 0.5, "CrashRate": 6.0, "Total_Death_Count": 0, "Shape__Length": 2639.9999707252296 }, "geometry": { "type": "LineString", "coordinates": [ [ -95.357249529382173, 29.720491299931634 ], [ -95.356975382715248, 29.720486348725533 ], [ -95.356773030167133, 29.720480843048783 ], [ -95.356500624832904, 29.720496694444019 ], [ -95.355977631046329, 29.720519863044039 ], [ -95.355646349727465, 29.720510847954138 ], [ -95.355283434355087, 29.720459162731533 ], [ -95.354840154626515, 29.720346756082677 ], [ -95.352559351497575, 29.719643649410123 ], [ -95.351222763132483, 29.719225561633646 ], [ -95.350819431890756, 29.719110476301346 ], [ -95.349668533518795, 29.71876274601868 ], [ -95.349288647083711, 29.718646775710123 ] ] } },
{ "type": "Feature", "properties": { "OBJECTID": 571, "Full_Name": "WHEELER ST", "Ped_Death_Count": 0, "Bike_Death_Count": 0, "Veh_Death_Count": 0, "Ped_Crash_Count": 1, "Bike_Crash_Count": 1, "Veh_Crash_Count": 0, "Total_Crash_Count": 2, "RoadLength": 2072.0743, "Miles": 0.3924, "CrashRate": 5.1, "Total_Death_Count": 0, "Shape__Length": 2072.074315904691 }, "geometry": { "type": "LineString", "coordinates": [ [ -95.382975672323184, 29.734127394864824 ], [ -95.382120714554134, 29.733600180019174 ], [ -95.38127381230214, 29.733099001510972 ], [ -95.380657573027321, 29.732723277154175 ], [ -95.380547653873364, 29.732658227900135 ], [ -95.380471456764511, 29.732605902970608 ], [ -95.38038872107434, 29.732549088358759 ], [ -95.380229380846203, 29.732462842878121 ], [ -95.380122527356619, 29.732405007194849 ], [ -95.380010178001896, 29.732344194837523 ], [ -95.37952011542292, 29.732053963500515 ], [ -95.378689989260792, 29.731554556220761 ], [ -95.377843840834473, 29.731042192020723 ], [ -95.377597289219622, 29.730898591563886 ] ] } },
{ "type": "Feature", "properties": { "OBJECTID": 572, "Full_Name": "WHEELER ST", "Ped_Death_Count": 0, "Bike_Death_Count": 0, "Veh_Death_Count": 0, "Ped_Crash_Count": 1, "Bike_Crash_Count": 0, "Veh_Crash_Count": 5, "Total_Crash_Count": 6, "RoadLength": 2640.0, "Miles": 0.5, "CrashRate": 12.0, "Total_Death_Count": 0, "Shape__Length": 2639.9999704596321 }, "geometry": { "type": "LineString", "coordinates": [ [ -95.377597289219622, 29.730898591563886 ], [ -95.376241808313509, 29.730109096056033 ], [ -95.376091486523407, 29.730032258713578 ], [ -95.374381974389763, 29.728982932648009 ], [ -95.37379460109527, 29.728632203855717 ], [ -95.373504822082253, 29.728459724014854 ], [ -95.373232317365037, 29.728297525082816 ], [ -95.372962963363278, 29.728137199074521 ], [ -95.372677103670966, 29.727967047656417 ], [ -95.371809320310561, 29.727445105548469 ], [ -95.370966949244462, 29.726941623256767 ], [ -95.3707343250517, 29.72679743539037 ] ] } },
{ "type": "Feature", "properties": { "OBJECTID": 573, "Full_Name": "WILCREST DR", "Ped_Death_Count": 0, "Bike_Death_Count": 0, "Veh_Death_Count": 2, "Ped_Crash_Count": 3, "Bike_Crash_Count": 0, "Veh_Crash_Count": 4, "Total_Crash_Count": 7, "RoadLength": 2639.9998, "Miles": 0.5, "CrashRate": 14.0, "Total_Death_Count": 2, "Shape__Length": 2639.9997766916554 }, "geometry": { "type": "LineString", "coordinates": [ [ -95.571075655984075, 29.694401047354638 ], [ -95.571065854728545, 29.693971717734339 ], [ -95.57107189125179, 29.693230194600186 ], [ -95.571060541617271, 29.692444273170576 ], [ -95.571042770669138, 29.6920412984101 ], [ -95.571035537415781, 29.691802612358718 ], [ -95.571011848764954, 29.691478716686493 ], [ -95.570968904650499, 29.691173597374089 ], [ -95.570912741408605, 29.690830876865551 ], [ -95.570651446833921, 29.689826938029302 ], [ -95.570549610684637, 29.689454496189242 ], [ -95.570256407341148, 29.688374438114938 ], [ -95.570089091612758, 29.68777586332002 ], [ -95.570032577097706, 29.687568536748657 ], [ -95.569953902346029, 29.68727677662962 ], [ -95.569945962743162, 29.687245988279869 ] ] } },
{ "type": "Feature", "properties": { "OBJECTID": 574, "Full_Name": "WILCREST DR", "Ped_Death_Count": 0, "Bike_Death_Count": 0, "Veh_Death_Count": 0, "Ped_Crash_Count": 1, "Bike_Crash_Count": 0, "Veh_Crash_Count": 3, "Total_Crash_Count": 4, "RoadLength": 2639.9999, "Miles": 0.5, "CrashRate": 8.0, "Total_Death_Count": 0, "Shape__Length": 2639.9998657497704 }, "geometry": { "type": "LineString", "coordinates": [ [ -95.572011412839572, 29.745207855266184 ], [ -95.572009508791623, 29.744420356343429 ], [ -95.5719961498788, 29.743727390163777 ], [ -95.571996068692897, 29.743639297458806 ], [ -95.571990599419081, 29.742777453540683 ], [ -95.571974286230372, 29.741962903839049 ], [ -95.571968635985414, 29.741698114463397 ], [ -95.571963844183159, 29.741129816245277 ], [ -95.571946565488489, 29.740306921966738 ], [ -95.571934417335257, 29.739497074426389 ], [ -95.57193111804277, 29.739146709421146 ], [ -95.571924728265856, 29.738662555903357 ], [ -95.571923290955823, 29.738381172814364 ], [ -95.571897667757895, 29.738171407885702 ], [ -95.571864621679225, 29.737951423027038 ] ] } },
{ "type": "Feature", "properties": { "OBJECTID": 575, "Full_Name": "WILCREST DR", "Ped_Death_Count": 0, "Bike_Death_Count": 0, "Veh_Death_Count": 0, "Ped_Crash_Count": 1, "Bike_Crash_Count": 1, "Veh_Crash_Count": 2, "Total_Crash_Count": 4, "RoadLength": 2640.0001, "Miles": 0.5, "CrashRate": 8.0, "Total_Death_Count": 0, "Shape__Length": 2640.0001013008232 }, "geometry": { "type": "LineString", "coordinates": [ [ -95.572898135241033, 29.752345906675529 ], [ -95.57282869897945, 29.752225843972234 ], [ -95.572687599396616, 29.75196885827096 ], [ -95.572571043741462, 29.751741500539687 ], [ -95.572369382064423, 29.751269880698178 ], [ -95.572279535922306, 29.750985820838999 ], [ -95.572275554488328, 29.750975045484974 ], [ -95.572173398725468, 29.750586363652054 ], [ -95.572146079829992, 29.750426777154075 ], [ -95.572104889828267, 29.750124247705632 ], [ -95.572074918111056, 29.7494879340327 ], [ -95.57207241493397, 29.749145653506563 ], [ -95.572065848739612, 29.747951801097443 ], [ -95.572022551660112, 29.745784440636797 ], [ -95.572019631168885, 29.745635792382146 ], [ -95.57201143902023, 29.745218620618218 ], [ -95.572011412839572, 29.745207855266184 ] ] } },
{ "type": "Feature", "properties": { "OBJECTID": 576, "Full_Name": "WILL CLAYTON PKWY", "Ped_Death_Count": 0, "Bike_Death_Count": 0, "Veh_Death_Count": 0, "Ped_Crash_Count": 1, "Bike_Crash_Count": 0, "Veh_Crash_Count": 2, "Total_Crash_Count": 3, "RoadLength": 2009.878, "Miles": 0.3807, "CrashRate": 7.88, "Total_Death_Count": 0, "Shape__Length": 2009.8780212857093 }, "geometry": { "type": "LineString", "coordinates": [ [ -95.282371596031567, 29.982752429214102 ], [ -95.28149812910101, 29.982764518616221 ], [ -95.281050796417901, 29.982742740780441 ], [ -95.280689546262835, 29.98270447796834 ], [ -95.280422635750639, 29.982648973902872 ], [ -95.280158336102303, 29.982576793410562 ], [ -95.279576115467322, 29.982551347412915 ], [ -95.279211493214831, 29.982573844868572 ], [ -95.27877483944016, 29.982664209511753 ], [ -95.278464003497419, 29.982678881132831 ], [ -95.278175565963068, 29.982666227500459 ], [ -95.27806464640615, 29.982643594466602 ], [ -95.27798789075942, 29.98259552716814 ], [ -95.277224154328835, 29.98238979802856 ], [ -95.277032066690651, 29.982338053708286 ], [ -95.276780807541357, 29.982270369235103 ], [ -95.27675221863322, 29.982262667927053 ], [ -95.276442968947734, 29.98217936177047 ], [ -95.276165549865226, 29.98211027020638 ] ] } },
{ "type": "Feature", "properties": { "OBJECTID": 577, "Full_Name": "WILLOW CHASE DR", "Ped_Death_Count": 0, "Bike_Death_Count": 0, "Veh_Death_Count": 0, "Ped_Crash_Count": 1, "Bike_Crash_Count": 0, "Veh_Crash_Count": 1, "Total_Crash_Count": 2, "RoadLength": 2164.228, "Miles": 0.4099, "CrashRate": 4.88, "Total_Death_Count": 0, "Shape__Length": 2164.2279736033843 }, "geometry": { "type": "LineString", "coordinates": [ [ -95.550008918307753, 29.958561648945974 ], [ -95.550822283223894, 29.959195843483933 ], [ -95.551002910885074, 29.959289013607762 ], [ -95.551178726542673, 29.959364184517302 ], [ -95.551473156069335, 29.959490068083468 ], [ -95.55175877132406, 29.959653419460594 ], [ -95.551941493657793, 29.959804943422498 ], [ -95.552127819830289, 29.959981034582039 ], [ -95.552336475390959, 29.960327710936973 ], [ -95.552428926958044, 29.960521865911527 ], [ -95.552484729669473, 29.960719181990154 ], [ -95.552515045840934, 29.960931076279529 ], [ -95.552517667715946, 29.961148787755413 ], [ -95.552495467411006, 29.961361510620517 ], [ -95.552455901574305, 29.961555505200003 ], [ -95.552396167483579, 29.961725042230693 ], [ -95.552321489694151, 29.961870263061186 ], [ -95.552228376245253, 29.962005241087656 ], [ -95.552056299281503, 29.962237716566314 ], [ -95.551849054302551, 29.962473434207894 ], [ -95.551705635999781, 29.962618189121184 ], [ -95.551510868501467, 29.962814770971601 ], [ -95.551166892813399, 29.963137181188078 ] ] } },
{ "type": "Feature", "properties": { "OBJECTID": 578, "Full_Name": "WINKLER DR", "Ped_Death_Count": 0, "Bike_Death_Count": 0, "Veh_Death_Count": 0, "Ped_Crash_Count": 4, "Bike_Crash_Count": 0, "Veh_Crash_Count": 1, "Total_Crash_Count": 5, "RoadLength": 2640.0001, "Miles": 0.5, "CrashRate": 10.0, "Total_Death_Count": 0, "Shape__Length": 2640.0000515378269 }, "geometry": { "type": "LineString", "coordinates": [ [ -95.26599318411111, 29.675854680967106 ], [ -95.265514394545789, 29.67535475175869 ], [ -95.265287325998784, 29.675134345678604 ], [ -95.264798615696904, 29.674614601272392 ], [ -95.264551269099869, 29.674369382993348 ], [ -95.264368400010568, 29.674202173093004 ], [ -95.263764514897716, 29.673579050164157 ], [ -95.263435215599742, 29.673243240839408 ], [ -95.263134567905936, 29.672940205383036 ], [ -95.262559122200202, 29.672355000650587 ], [ -95.261992689390468, 29.671773525697397 ], [ -95.261945459432624, 29.671696726513886 ], [ -95.261404018775735, 29.671179358674827 ], [ -95.260611592305466, 29.670325302124368 ] ] } },
{ "type": "Feature", "properties": { "OBJECTID": 579, "Full_Name": "WINROCK BLVD", "Ped_Death_Count": 1, "Bike_Death_Count": 0, "Veh_Death_Count": 0, "Ped_Crash_Count": 4, "Bike_Crash_Count": 1, "Veh_Crash_Count": 1, "Total_Crash_Count": 6, "RoadLength": 2272.5129, "Miles": 0.4304, "CrashRate": 13.94, "Total_Death_Count": 1, "Shape__Length": 2272.51287275809 }, "geometry": { "type": "LineString", "coordinates": [ [ -95.497596567020466, 29.743039500900945 ], [ -95.497591866305214, 29.742419351442788 ], [ -95.497457430858219, 29.742409848789752 ], [ -95.496659797699465, 29.742426755540414 ], [ -95.496645222978941, 29.740909854273109 ], [ -95.496648222834466, 29.7391184898372 ], [ -95.496648899819903, 29.738713493061297 ], [ -95.49664100663604, 29.738686334667207 ], [ -95.496585454854397, 29.738514199585879 ], [ -95.496451807737159, 29.738281579682418 ], [ -95.496393819870136, 29.738159471095916 ], [ -95.496342172635494, 29.73803741456949 ], [ -95.49635516374336, 29.737664956799772 ] ] } },
{ "type": "Feature", "properties": { "OBJECTID": 580, "Full_Name": "WIRT RD", "Ped_Death_Count": 1, "Bike_Death_Count": 0, "Veh_Death_Count": 0, "Ped_Crash_Count": 2, "Bike_Crash_Count": 1, "Veh_Crash_Count": 0, "Total_Crash_Count": 3, "RoadLength": 2640.0, "Miles": 0.5, "CrashRate": 6.0, "Total_Death_Count": 1, "Shape__Length": 2639.9999644610416 }, "geometry": { "type": "LineString", "coordinates": [ [ -95.484832469408545, 29.80236435259383 ], [ -95.484832463428702, 29.802838719682953 ], [ -95.484871577198447, 29.804739993703716 ], [ -95.48488806226726, 29.805541225389007 ], [ -95.48491696622456, 29.806707715573683 ], [ -95.484940881456609, 29.807685592507678 ], [ -95.4849258075877, 29.807873926619838 ], [ -95.4849333466003, 29.809181227860666 ], [ -95.484950857513837, 29.80962260734568 ] ] } },
{ "type": "Feature", "properties": { "OBJECTID": 581, "Full_Name": "WOODRIDGE DR", "Ped_Death_Count": 1, "Bike_Death_Count": 0, "Veh_Death_Count": 0, "Ped_Crash_Count": 2, "Bike_Crash_Count": 0, "Veh_Crash_Count": 2, "Total_Crash_Count": 4, "RoadLength": 2640.0, "Miles": 0.5, "CrashRate": 8.0, "Total_Death_Count": 1, "Shape__Length": 2639.9999724981913 }, "geometry": { "type": "LineString", "coordinates": [ [ -95.294754414625103, 29.702969184279659 ], [ -95.294836816005926, 29.70287323882933 ], [ -95.295267690787483, 29.702341580618022 ], [ -95.295453292095232, 29.702126156951792 ], [ -95.295520980510062, 29.702047592663206 ], [ -95.295592710319227, 29.701964336877179 ], [ -95.2957328664789, 29.701801658749673 ], [ -95.296302330723137, 29.701155718145568 ], [ -95.296449159255957, 29.700858586334682 ], [ -95.296673402221657, 29.700232759796066 ], [ -95.296770842749481, 29.699817116769491 ], [ -95.296813866313784, 29.699330173036667 ], [ -95.296831327128203, 29.698954175365362 ], [ -95.296986654892763, 29.698420015247876 ], [ -95.297179556117285, 29.697902395947924 ], [ -95.29725795031473, 29.697661329556325 ], [ -95.297532013685881, 29.697018256292576 ], [ -95.297763221659892, 29.696354911834437 ], [ -95.297764858491661, 29.696350774883076 ] ] } },
{ "type": "Feature", "properties": { "OBJECTID": 582, "Full_Name": "WOODWAY DR", "Ped_Death_Count": 0, "Bike_Death_Count": 0, "Veh_Death_Count": 0, "Ped_Crash_Count": 1, "Bike_Crash_Count": 0, "Veh_Crash_Count": 2, "Total_Crash_Count": 3, "RoadLength": 2639.9998, "Miles": 0.5, "CrashRate": 6.0, "Total_Death_Count": 0, "Shape__Length": 2639.9998297775451 }, "geometry": { "type": "LineString", "coordinates": [ [ -95.462478242947384, 29.762763636065451 ], [ -95.462542289916527, 29.762706657704779 ], [ -95.463005752814396, 29.762406817139901 ], [ -95.463368393215333, 29.762263820243223 ], [ -95.464048302133577, 29.762172027892188 ], [ -95.464749424489128, 29.762172405579804 ], [ -95.465310446431459, 29.762169083165787 ], [ -95.465715491222653, 29.762170708001495 ], [ -95.466294853730062, 29.762237647634031 ], [ -95.46693395227507, 29.762499201664198 ], [ -95.46768185951484, 29.762952479822061 ], [ -95.467937942281182, 29.763054606817541 ], [ -95.468253734152867, 29.763142411483081 ], [ -95.468645255139919, 29.763207737765946 ], [ -95.469399383303369, 29.763204400507995 ], [ -95.469917876378503, 29.763226012749033 ], [ -95.470328776894618, 29.76326661124865 ] ] } },
{ "type": "Feature", "properties": { "OBJECTID": 583, "Full_Name": "YALE ST", "Ped_Death_Count": 0, "Bike_Death_Count": 0, "Veh_Death_Count": 0, "Ped_Crash_Count": 1, "Bike_Crash_Count": 0, "Veh_Crash_Count": 2, "Total_Crash_Count": 3, "RoadLength": 2640.0, "Miles": 0.5, "CrashRate": 6.0, "Total_Death_Count": 0, "Shape__Length": 2639.999993300094 }, "geometry": { "type": "LineString", "coordinates": [ [ -95.399246588358992, 29.804851380639136 ], [ -95.39925036204427, 29.804959408881544 ], [ -95.399253884790099, 29.805491690111754 ], [ -95.399261134603591, 29.805599878496562 ], [ -95.399265476974264, 29.805996935267856 ], [ -95.399284199468525, 29.80699708663159 ], [ -95.39929361736796, 29.80768685995265 ], [ -95.399325371037961, 29.808015409758834 ], [ -95.399325999568887, 29.808356793232981 ], [ -95.399339859201788, 29.809048208325091 ], [ -95.399353910952087, 29.809667861719891 ], [ -95.399362865051287, 29.810053749752118 ], [ -95.399369537255353, 29.810544819584603 ], [ -95.399374090588068, 29.811091875022314 ], [ -95.399387375879272, 29.811336365984612 ], [ -95.39938773575841, 29.812109060383055 ] ] } },
{ "type": "Feature", "properties": { "OBJECTID": 584, "Full_Name": "YELLOWSTONE BLVD", "Ped_Death_Count": 1, "Bike_Death_Count": 0, "Veh_Death_Count": 0, "Ped_Crash_Count": 1, "Bike_Crash_Count": 0, "Veh_Crash_Count": 2, "Total_Crash_Count": 3, "RoadLength": 2640.0, "Miles": 0.5, "CrashRate": 6.0, "Total_Death_Count": 1, "Shape__Length": 2640.0000393060159 }, "geometry": { "type": "LineString", "coordinates": [ [ -95.35014054659456, 29.690285279476896 ], [ -95.349847312010851, 29.690200507120508 ], [ -95.349124331889868, 29.68997196863792 ], [ -95.348367220779494, 29.689742496258074 ], [ -95.347617154378497, 29.689507245780696 ], [ -95.346900796817039, 29.689284842404561 ], [ -95.345875332797178, 29.688916772124902 ], [ -95.344792399539031, 29.688618384183741 ], [ -95.344189832614958, 29.688474371872985 ], [ -95.34359730223936, 29.688376553427553 ], [ -95.343083762087204, 29.688357422464282 ], [ -95.342509467755733, 29.688402960598495 ], [ -95.342202501187771, 29.688467453097918 ] ] } },
{ "type": "Feature", "properties": { "OBJECTID": 585, "Full_Name": "YELLOWSTONE BLVD", "Ped_Death_Count": 1, "Bike_Death_Count": 0, "Veh_Death_Count": 0, "Ped_Crash_Count": 2, "Bike_Crash_Count": 0, "Veh_Crash_Count": 1, "Total_Crash_Count": 3, "RoadLength": 2640.0001, "Miles": 0.5, "CrashRate": 6.0, "Total_Death_Count": 1, "Shape__Length": 2640.0000952908217 }, "geometry": { "type": "LineString", "coordinates": [ [ -95.365882613189257, 29.694894838859348 ], [ -95.36370177362258, 29.694240585853478 ], [ -95.361643064281964, 29.693597053967935 ], [ -95.361488918198432, 29.693540578451646 ], [ -95.360833532624028, 29.693344298698104 ], [ -95.359331526372728, 29.692887780594447 ], [ -95.358813826543098, 29.692732039313164 ], [ -95.358479780416346, 29.692630557352402 ], [ -95.358036037571139, 29.692492787323747 ] ] } }
]
}
