{
"type": "FeatureCollection",
"name": "hin2025_bike",
"crs": { "type": "name", "properties": { "name": "urn:ogc:def:crs:OGC:1.3:CRS84" } },
"features": [
{ "type": "Feature", "properties": { "OBJECTID": 1, "Full_Name": "AIRLINE DR", "Ped_Death_Count": 0, "Bike_Death_Count": 0, "Veh_Death_Count": 0, "Ped_Crash_Count": 0, "Bike_Crash_Count": 2, "Veh_Crash_Count": 4, "Total_Crash_Count": 6, "RoadLength": 2174.7196, "Miles": 0.4119, "CrashRate": 14.57, "Total_Death_Count": 0, "Shape__Length": 2174.7196381162648 }, "geometry": { "type": "LineString", "coordinates": [ [ -95.384855840482984, 29.869839977343627 ], [ -95.384857353024543, 29.87005005275104 ], [ -95.384866235549353, 29.870485946242514 ], [ -95.384868197623788, 29.870694999303705 ], [ -95.384883487808949, 29.870979860821219 ], [ -95.384892482881611, 29.871098720938665 ], [ -95.384896051160581, 29.871196705838663 ], [ -95.384899340318711, 29.87133364716756 ], [ -95.384888272070555, 29.871408960640583 ], [ -95.384871205262911, 29.871519709587474 ], [ -95.384872926837431, 29.871735629647002 ], [ -95.384887670330713, 29.871928188456824 ], [ -95.384899832198499, 29.872281584586808 ], [ -95.384952054857479, 29.87275921361967 ], [ -95.384960814749491, 29.872810707472471 ], [ -95.384995923673628, 29.872940056661392 ], [ -95.385028330984042, 29.873037807693354 ], [ -95.385070365085781, 29.873146069324022 ], [ -95.385119448693345, 29.873254521799719 ], [ -95.385209381850856, 29.873426017228013 ], [ -95.385232248076008, 29.873464900474232 ], [ -95.385281833066543, 29.873560542685894 ], [ -95.385465929404447, 29.873851480443353 ], [ -95.386457740859043, 29.8755084954296 ] ] } },
{ "type": "Feature", "properties": { "OBJECTID": 2, "Full_Name": "AIRLINE DR", "Ped_Death_Count": 0, "Bike_Death_Count": 1, "Veh_Death_Count": 0, "Ped_Crash_Count": 1, "Bike_Crash_Count": 1, "Veh_Crash_Count": 2, "Total_Crash_Count": 4, "RoadLength": 2640.0002, "Miles": 0.5, "CrashRate": 8.0, "Total_Death_Count": 1, "Shape__Length": 2640.0002157274625 }, "geometry": { "type": "LineString", "coordinates": [ [ -95.3847047669651, 29.86258156053086 ], [ -95.384709450372227, 29.862903104385364 ], [ -95.384729108181133, 29.863620709295795 ], [ -95.384735368776148, 29.864361283357042 ], [ -95.384739581539989, 29.8644570003773 ], [ -95.384813916441914, 29.867209401477886 ], [ -95.384840400953991, 29.868445956460381 ], [ -95.384850095316153, 29.86904228177854 ], [ -95.384855840482984, 29.869839977343627 ] ] } },
{ "type": "Feature", "properties": { "OBJECTID": 3, "Full_Name": "ALDINE BENDER RD", "Ped_Death_Count": 0, "Bike_Death_Count": 0, "Veh_Death_Count": 1, "Ped_Crash_Count": 1, "Bike_Crash_Count": 1, "Veh_Crash_Count": 2, "Total_Crash_Count": 4, "RoadLength": 2640.0003, "Miles": 0.5, "CrashRate": 8.0, "Total_Death_Count": 1, "Shape__Length": 2640.0003082197372 }, "geometry": { "type": "LineString", "coordinates": [ [ -95.395738890767404, 29.931819902600417 ], [ -95.395539498141318, 29.931821295460079 ], [ -95.395462205148746, 29.931821835649899 ], [ -95.395390686724241, 29.93182233590268 ], [ -95.395360356423978, 29.931822547672603 ], [ -95.393128251280032, 29.931888920433092 ], [ -95.392354033408665, 29.931905193473042 ], [ -95.390988616139197, 29.931913776125398 ], [ -95.389579269179208, 29.931914397310475 ], [ -95.387405826666765, 29.931892987090222 ] ] } },
{ "type": "Feature", "properties": { "OBJECTID": 4, "Full_Name": "ALDINE BENDER RD", "Ped_Death_Count": 1, "Bike_Death_Count": 0, "Veh_Death_Count": 0, "Ped_Crash_Count": 1, "Bike_Crash_Count": 1, "Veh_Crash_Count": 2, "Total_Crash_Count": 4, "RoadLength": 2640.0, "Miles": 0.5, "CrashRate": 8.0, "Total_Death_Count": 1, "Shape__Length": 2639.9999504364268 }, "geometry": { "type": "LineString", "coordinates": [ [ -95.404073015618621, 29.93174400636606 ], [ -95.403272811740607, 29.931764299994249 ], [ -95.402124034087777, 29.931767380767653 ], [ -95.40006801166443, 29.93178958287001 ], [ -95.395738890767404, 29.931819902600417 ] ] } },
{ "type": "Feature", "properties": { "OBJECTID": 5, "Full_Name": "ALDINE WESTFIELD RD", "Ped_Death_Count": 0, "Bike_Death_Count": 1, "Veh_Death_Count": 0, "Ped_Crash_Count": 0, "Bike_Crash_Count": 1, "Veh_Crash_Count": 4, "Total_Crash_Count": 5, "RoadLength": 2639.9999, "Miles": 0.5, "CrashRate": 10.0, "Total_Death_Count": 1, "Shape__Length": 2639.9999471220731 }, "geometry": { "type": "LineString", "coordinates": [ [ -95.349877621994438, 29.855127119963647 ], [ -95.349880174166998, 29.855383259208324 ], [ -95.349880176634258, 29.855383566175227 ], [ -95.349888729094332, 29.85652124073323 ], [ -95.349895727465452, 29.857066770718486 ], [ -95.349895730382997, 29.857067007290855 ], [ -95.349898464594162, 29.85752007331514 ], [ -95.349911856553533, 29.858204612046528 ], [ -95.349911861218288, 29.858204886577472 ], [ -95.349911732009076, 29.859441354815541 ], [ -95.349911732147078, 29.859441611170453 ], [ -95.349927708957495, 29.8605801912767 ], [ -95.349932144074359, 29.860773301831035 ], [ -95.349938902037209, 29.861693897513426 ], [ -95.349939996374744, 29.862386609907599 ] ] } },
{ "type": "Feature", "properties": { "OBJECTID": 6, "Full_Name": "ALDINE WESTFIELD RD", "Ped_Death_Count": 0, "Bike_Death_Count": 0, "Veh_Death_Count": 0, "Ped_Crash_Count": 0, "Bike_Crash_Count": 1, "Veh_Crash_Count": 1, "Total_Crash_Count": 2, "RoadLength": 1747.0539, "Miles": 0.3309, "CrashRate": 6.04, "Total_Death_Count": 0, "Shape__Length": 1747.0538913811911 }, "geometry": { "type": "LineString", "coordinates": [ [ -95.376303645226471, 30.013323079248515 ], [ -95.377156761752289, 30.014778781867694 ], [ -95.377158479895854, 30.014781705662227 ], [ -95.378607312859756, 30.017213603936174 ], [ -95.378831034006012, 30.017593976301452 ] ] } },
{ "type": "Feature", "properties": { "OBJECTID": 7, "Full_Name": "ALMEDA RD", "Ped_Death_Count": 0, "Bike_Death_Count": 0, "Veh_Death_Count": 0, "Ped_Crash_Count": 1, "Bike_Crash_Count": 1, "Veh_Crash_Count": 3, "Total_Crash_Count": 5, "RoadLength": 2640.0, "Miles": 0.5, "CrashRate": 10.0, "Total_Death_Count": 0, "Shape__Length": 2639.9999666195254 }, "geometry": { "type": "LineString", "coordinates": [ [ -95.38628134417695, 29.700654135121997 ], [ -95.386457785987005, 29.700126263607356 ], [ -95.386817839798212, 29.699080561481292 ], [ -95.386890398382107, 29.69887835798108 ], [ -95.3873153073244, 29.697643320099345 ], [ -95.387378425931288, 29.697443816101849 ], [ -95.387890630785023, 29.69600953719749 ], [ -95.38808150691986, 29.695425680473445 ], [ -95.38817700082771, 29.695133582447138 ], [ -95.388259553821129, 29.694912847646766 ], [ -95.388482514063668, 29.694244545376701 ], [ -95.388617117498967, 29.693872952232866 ], [ -95.388674875873591, 29.693701645283085 ] ] } },
{ "type": "Feature", "properties": { "OBJECTID": 8, "Full_Name": "ANTOINE DR", "Ped_Death_Count": 0, "Bike_Death_Count": 0, "Veh_Death_Count": 0, "Ped_Crash_Count": 0, "Bike_Crash_Count": 1, "Veh_Crash_Count": 5, "Total_Crash_Count": 6, "RoadLength": 2640.0001, "Miles": 0.5, "CrashRate": 12.0, "Total_Death_Count": 0, "Shape__Length": 2640.0000521539646 }, "geometry": { "type": "LineString", "coordinates": [ [ -95.473789416563704, 29.821929206044683 ], [ -95.473754611441606, 29.822255242450009 ], [ -95.473675779652623, 29.822590382886535 ], [ -95.473571782481699, 29.822945816749971 ], [ -95.473459432028278, 29.823227780058136 ], [ -95.473304085691623, 29.823572722247288 ], [ -95.473262314676049, 29.823675088798993 ], [ -95.473216633376893, 29.823787041264524 ], [ -95.473118736341803, 29.824026958337619 ], [ -95.472997442985374, 29.824396489767462 ], [ -95.472936811076721, 29.824657863872467 ], [ -95.472905022281807, 29.825003038157153 ], [ -95.472914567112113, 29.825637331789373 ], [ -95.472905358263645, 29.826483974491524 ], [ -95.472856821495157, 29.82731312402856 ], [ -95.472855337570792, 29.828291838390168 ], [ -95.472854572386112, 29.828796706445505 ], [ -95.472856161054949, 29.829076825225464 ] ] } },
{ "type": "Feature", "properties": { "OBJECTID": 9, "Full_Name": "AVE C", "Ped_Death_Count": 0, "Bike_Death_Count": 0, "Veh_Death_Count": 0, "Ped_Crash_Count": 1, "Bike_Crash_Count": 1, "Veh_Crash_Count": 0, "Total_Crash_Count": 2, "RoadLength": 2263.4404, "Miles": 0.4287, "CrashRate": 4.67, "Total_Death_Count": 0, "Shape__Length": 2263.4403967718176 }, "geometry": { "type": "LineString", "coordinates": [ [ -95.304058403619237, 29.737718207222844 ], [ -95.303741513621844, 29.737621609093448 ], [ -95.30179747843799, 29.737000000535772 ], [ -95.299533935765595, 29.736282479454083 ], [ -95.299484062838587, 29.736201476459222 ], [ -95.299441988230342, 29.736158419474936 ], [ -95.298076916858363, 29.735724016578096 ], [ -95.297843642897618, 29.735738296640513 ], [ -95.29740241409749, 29.735854613490769 ] ] } },
{ "type": "Feature", "properties": { "OBJECTID": 10, "Full_Name": "BAUMAN RD", "Ped_Death_Count": 0, "Bike_Death_Count": 0, "Veh_Death_Count": 0, "Ped_Crash_Count": 0, "Bike_Crash_Count": 1, "Veh_Crash_Count": 2, "Total_Crash_Count": 3, "RoadLength": 2639.9999, "Miles": 0.5, "CrashRate": 6.0, "Total_Death_Count": 0, "Shape__Length": 2639.9999281165246 }, "geometry": { "type": "LineString", "coordinates": [ [ -95.371682721226094, 29.843167432428263 ], [ -95.371682604690449, 29.843318518328367 ], [ -95.371699713521039, 29.843939787130044 ], [ -95.371718656629142, 29.844627651923645 ], [ -95.371737663395066, 29.845173396185729 ], [ -95.371748481418464, 29.845450584631802 ], [ -95.371766118950532, 29.845669799341213 ], [ -95.371795696514468, 29.846155401044861 ], [ -95.37181183950085, 29.846596621828162 ], [ -95.371803635149703, 29.847131131840715 ], [ -95.3718109302377, 29.84756433234287 ], [ -95.37183169477791, 29.848655316062398 ], [ -95.371845830212692, 29.849106756052475 ], [ -95.371861600451552, 29.849765535569404 ], [ -95.371850389595195, 29.849815533825858 ], [ -95.371859529654145, 29.850423475767503 ] ] } },
{ "type": "Feature", "properties": { "OBJECTID": 11, "Full_Name": "BELLAIRE BLVD", "Ped_Death_Count": 1, "Bike_Death_Count": 1, "Veh_Death_Count": 2, "Ped_Crash_Count": 3, "Bike_Crash_Count": 2, "Veh_Crash_Count": 6, "Total_Crash_Count": 11, "RoadLength": 2640.0001, "Miles": 0.5, "CrashRate": 22.0, "Total_Death_Count": 4, "Shape__Length": 2640.0001304795305 }, "geometry": { "type": "LineString", "coordinates": [ [ -95.520283411066615, 29.705170312204597 ], [ -95.52056185513878, 29.705169662037424 ], [ -95.521302894286151, 29.705139241008968 ], [ -95.52486448289163, 29.705119094989865 ], [ -95.525246251164759, 29.705116930596908 ], [ -95.525628991352249, 29.705112547262054 ], [ -95.526350786344977, 29.705102647848399 ], [ -95.526559079994456, 29.705099181805309 ], [ -95.527462210848611, 29.705100500069214 ], [ -95.528357277165924, 29.705090709197528 ], [ -95.528598531600991, 29.705088894145121 ] ] } },
{ "type": "Feature", "properties": { "OBJECTID": 12, "Full_Name": "BELLAIRE BLVD", "Ped_Death_Count": 1, "Bike_Death_Count": 1, "Veh_Death_Count": 0, "Ped_Crash_Count": 1, "Bike_Crash_Count": 1, "Veh_Crash_Count": 5, "Total_Crash_Count": 7, "RoadLength": 2640.0, "Miles": 0.5, "CrashRate": 14.0, "Total_Death_Count": 2, "Shape__Length": 2640.0000144144637 }, "geometry": { "type": "LineString", "coordinates": [ [ -95.479198423546677, 29.705610922559309 ], [ -95.479752358912592, 29.705604742928269 ], [ -95.480449965703343, 29.705596955174869 ], [ -95.48090829219818, 29.705592952817625 ], [ -95.481511004467876, 29.705582216468574 ], [ -95.481899717322335, 29.705562480033439 ], [ -95.482540136283944, 29.705558212302162 ], [ -95.484629636297029, 29.705530634717082 ], [ -95.485854675382839, 29.705530544173644 ], [ -95.486719341136606, 29.705530474181767 ], [ -95.487508833786521, 29.705521405301081 ], [ -95.487513488456571, 29.705521352266814 ] ] } },
{ "type": "Feature", "properties": { "OBJECTID": 13, "Full_Name": "BELLFORT ST", "Ped_Death_Count": 0, "Bike_Death_Count": 0, "Veh_Death_Count": 1, "Ped_Crash_Count": 0, "Bike_Crash_Count": 1, "Veh_Crash_Count": 4, "Total_Crash_Count": 5, "RoadLength": 2639.9999, "Miles": 0.5, "CrashRate": 10.0, "Total_Death_Count": 1, "Shape__Length": 2639.999886623249 }, "geometry": { "type": "LineString", "coordinates": [ [ -95.323881144314484, 29.666585743588655 ], [ -95.323721816843076, 29.666590128037676 ], [ -95.322181668191149, 29.666604493370681 ], [ -95.3219264839381, 29.666581734719845 ], [ -95.321614746694479, 29.666531140422261 ], [ -95.320948581922195, 29.666351918642508 ], [ -95.320088647777055, 29.666190570068249 ], [ -95.319221240241703, 29.666034606248775 ], [ -95.318198473387525, 29.66611305531406 ], [ -95.317309254592146, 29.666334626244737 ], [ -95.316832727414322, 29.666435332383518 ], [ -95.316259832213291, 29.666523626846072 ], [ -95.315714161370281, 29.666608371288536 ] ] } },
{ "type": "Feature", "properties": { "OBJECTID": 14, "Full_Name": "BENNINGTON ST", "Ped_Death_Count": 0, "Bike_Death_Count": 0, "Veh_Death_Count": 1, "Ped_Crash_Count": 0, "Bike_Crash_Count": 1, "Veh_Crash_Count": 6, "Total_Crash_Count": 7, "RoadLength": 2639.9997, "Miles": 0.5, "CrashRate": 14.0, "Total_Death_Count": 1, "Shape__Length": 2639.9997495483085 }, "geometry": { "type": "LineString", "coordinates": [ [ -95.33766904728715, 29.822075028065854 ], [ -95.337612484396715, 29.822075927442171 ], [ -95.336835019849758, 29.822086096481438 ], [ -95.336361377930629, 29.822091101867699 ], [ -95.336105322743265, 29.822094191307496 ], [ -95.335863155359291, 29.82206402222829 ], [ -95.335586748827637, 29.822067588952695 ], [ -95.33529817625039, 29.822071312722422 ], [ -95.335165756667067, 29.822073020776955 ], [ -95.335052453795399, 29.822074328729713 ], [ -95.334823422119399, 29.822076151392238 ], [ -95.33465043504988, 29.822077527163245 ], [ -95.334387454333068, 29.822078370449336 ], [ -95.334225360264057, 29.822078889881993 ], [ -95.333372020237078, 29.822121789838942 ], [ -95.33235084625251, 29.822138756408823 ], [ -95.329347821965143, 29.82217281902313 ] ] } },
{ "type": "Feature", "properties": { "OBJECTID": 15, "Full_Name": "BINGLE RD", "Ped_Death_Count": 0, "Bike_Death_Count": 0, "Veh_Death_Count": 1, "Ped_Crash_Count": 0, "Bike_Crash_Count": 2, "Veh_Crash_Count": 2, "Total_Crash_Count": 4, "RoadLength": 2640.0, "Miles": 0.5, "CrashRate": 8.0, "Total_Death_Count": 1, "Shape__Length": 2639.9999791460737 }, "geometry": { "type": "LineString", "coordinates": [ [ -95.488846685572184, 29.843928040271706 ], [ -95.488846778959882, 29.843949313768093 ], [ -95.4888502690997, 29.844745913222994 ], [ -95.488853220565076, 29.845387434418228 ], [ -95.488856636390025, 29.846422762532338 ], [ -95.488863215400471, 29.847248241988275 ], [ -95.488862103542985, 29.848082555965593 ], [ -95.488866702454359, 29.848911025872528 ], [ -95.488872481517475, 29.849727452186809 ], [ -95.488884509927999, 29.850571638423339 ], [ -95.488886777773516, 29.851032269329284 ], [ -95.488881208894526, 29.851187666522002 ] ] } },
{ "type": "Feature", "properties": { "OBJECTID": 16, "Full_Name": "BLALOCK RD", "Ped_Death_Count": 0, "Bike_Death_Count": 0, "Veh_Death_Count": 1, "Ped_Crash_Count": 0, "Bike_Crash_Count": 1, "Veh_Crash_Count": 2, "Total_Crash_Count": 3, "RoadLength": 2640.0001, "Miles": 0.5, "CrashRate": 6.0, "Total_Death_Count": 1, "Shape__Length": 2640.000058457646 }, "geometry": { "type": "LineString", "coordinates": [ [ -95.521773473413049, 29.791556703140472 ], [ -95.521770609958949, 29.791837022225241 ], [ -95.521780353215618, 29.79191225771125 ], [ -95.521780426935322, 29.791978878581936 ], [ -95.521809714815433, 29.792281619032824 ], [ -95.521858245560509, 29.79252446971725 ], [ -95.521973236556661, 29.792796920513787 ], [ -95.522163707778532, 29.793250974847165 ], [ -95.52310301935772, 29.794758964640003 ], [ -95.523277115951274, 29.795360850436147 ], [ -95.523327204050631, 29.796101080370175 ], [ -95.523438357828823, 29.796890828449925 ], [ -95.523488961034133, 29.797049540760014 ], [ -95.523920686678821, 29.797999328536783 ], [ -95.524016494508174, 29.798272038504123 ], [ -95.524052107039708, 29.798436479741742 ] ] } },
{ "type": "Feature", "properties": { "OBJECTID": 17, "Full_Name": "BLALOCK RD", "Ped_Death_Count": 0, "Bike_Death_Count": 0, "Veh_Death_Count": 1, "Ped_Crash_Count": 0, "Bike_Crash_Count": 1, "Veh_Crash_Count": 2, "Total_Crash_Count": 3, "RoadLength": 2640.0001, "Miles": 0.5, "CrashRate": 6.0, "Total_Death_Count": 1, "Shape__Length": 2640.0001388565479 }, "geometry": { "type": "LineString", "coordinates": [ [ -95.522785180823163, 29.827160614882526 ], [ -95.522789816629327, 29.82719314251155 ], [ -95.522988920615688, 29.827787542873445 ], [ -95.523324777047094, 29.828488425150375 ], [ -95.523455297874108, 29.828719718808049 ], [ -95.523476494120885, 29.828835359545295 ], [ -95.523533069171663, 29.829039987189454 ], [ -95.523564461299173, 29.829204836379674 ], [ -95.523597344702935, 29.829438610666148 ], [ -95.523610917526042, 29.829685585041961 ], [ -95.523618469028293, 29.830477715352298 ], [ -95.523618934473916, 29.830927972718321 ], [ -95.523619429483119, 29.831734566466114 ], [ -95.523621187328501, 29.83253673295329 ], [ -95.523715587419346, 29.833533743865079 ], [ -95.523856600576025, 29.834285169968524 ] ] } },
{ "type": "Feature", "properties": { "OBJECTID": 18, "Full_Name": "BRANCH ST", "Ped_Death_Count": 0, "Bike_Death_Count": 0, "Veh_Death_Count": 0, "Ped_Crash_Count": 1, "Bike_Crash_Count": 1, "Veh_Crash_Count": 0, "Total_Crash_Count": 2, "RoadLength": 1499.4017, "Miles": 0.284, "CrashRate": 7.04, "Total_Death_Count": 0, "Shape__Length": 1499.4016547507824 }, "geometry": { "type": "LineString", "coordinates": [ [ -95.354750722046276, 29.686422379458033 ], [ -95.353977966021759, 29.686188641555106 ], [ -95.353522868392474, 29.686054226481364 ], [ -95.353255316396712, 29.685977802833285 ], [ -95.352488807132701, 29.685735088346775 ], [ -95.351728197900869, 29.685509592744619 ], [ -95.351013553617108, 29.685273970617139 ], [ -95.350867820155401, 29.685227698874304 ], [ -95.35042949590003, 29.685086681970954 ], [ -95.350291694122959, 29.685091826316665 ] ] } },
{ "type": "Feature", "properties": { "OBJECTID": 19, "Full_Name": "BRIAR FOREST DR", "Ped_Death_Count": 0, "Bike_Death_Count": 0, "Veh_Death_Count": 0, "Ped_Crash_Count": 1, "Bike_Crash_Count": 1, "Veh_Crash_Count": 3, "Total_Crash_Count": 5, "RoadLength": 2640.0002, "Miles": 0.5, "CrashRate": 10.0, "Total_Death_Count": 0, "Shape__Length": 2640.0001695202909 }, "geometry": { "type": "LineString", "coordinates": [ [ -95.564915948502389, 29.747241045325072 ], [ -95.565012708711677, 29.747252712068224 ], [ -95.565422681912253, 29.74734681418861 ], [ -95.565767083795109, 29.747386501236342 ], [ -95.566118557295681, 29.747405738263215 ], [ -95.566451480498074, 29.747422978059625 ], [ -95.566839365961016, 29.747416243610711 ], [ -95.567533749571794, 29.747398187869205 ], [ -95.568253711292783, 29.747412064994535 ], [ -95.568454546131875, 29.747433723299409 ], [ -95.568685976643522, 29.747465223590552 ], [ -95.569246243350037, 29.747566375285828 ], [ -95.569575229985375, 29.747643189730919 ], [ -95.569817143688937, 29.7477098825414 ], [ -95.570215221606489, 29.747793725607949 ], [ -95.570394862771366, 29.747829890578672 ], [ -95.571201759140607, 29.74794413633667 ], [ -95.572065848739612, 29.747951801097443 ], [ -95.573036921236152, 29.747952203754604 ], [ -95.573149524018817, 29.747946909662559 ] ] } },
{ "type": "Feature", "properties": { "OBJECTID": 20, "Full_Name": "BRIARHURST DR", "Ped_Death_Count": 1, "Bike_Death_Count": 1, "Veh_Death_Count": 0, "Ped_Crash_Count": 2, "Bike_Crash_Count": 1, "Veh_Crash_Count": 0, "Total_Crash_Count": 3, "RoadLength": 2469.1491, "Miles": 0.4676, "CrashRate": 6.42, "Total_Death_Count": 2, "Shape__Length": 2469.1491359692673 }, "geometry": { "type": "LineString", "coordinates": [ [ -95.492880146843106, 29.741075981644187 ], [ -95.492880683345319, 29.740296388995255 ], [ -95.492871297344735, 29.739515663569218 ], [ -95.49286458217253, 29.738768847063831 ], [ -95.492857433526865, 29.737678758381421 ], [ -95.492843802629253, 29.737099117709032 ], [ -95.492812810975963, 29.735687126429799 ], [ -95.492805224359117, 29.735322315784536 ], [ -95.492780520783043, 29.734971165295661 ], [ -95.492776752481788, 29.734286955637202 ] ] } },
{ "type": "Feature", "properties": { "OBJECTID": 21, "Full_Name": "CALAIS RD", "Ped_Death_Count": 0, "Bike_Death_Count": 0, "Veh_Death_Count": 0, "Ped_Crash_Count": 0, "Bike_Crash_Count": 1, "Veh_Crash_Count": 1, "Total_Crash_Count": 2, "RoadLength": 1826.2542, "Miles": 0.3459, "CrashRate": 5.78, "Total_Death_Count": 0, "Shape__Length": 1826.2542163064468 }, "geometry": { "type": "LineString", "coordinates": [ [ -95.34930866548379, 29.683509670095756 ], [ -95.349195756735838, 29.683250550689792 ], [ -95.349134724004429, 29.683078193233513 ], [ -95.349011518815288, 29.682765451094735 ], [ -95.348918826779524, 29.682312960408076 ], [ -95.34898334115563, 29.682027426741897 ], [ -95.349372834703601, 29.681184935393247 ], [ -95.349482231933123, 29.680935068296737 ], [ -95.349650133126573, 29.680748968996408 ], [ -95.349874263216563, 29.680548421222628 ], [ -95.35074675955812, 29.679919293570862 ], [ -95.350920351316702, 29.679768254878123 ], [ -95.351069364769629, 29.679589843630797 ], [ -95.351166651021401, 29.679436724980089 ], [ -95.351224243099992, 29.679251369028279 ] ] } },
{ "type": "Feature", "properties": { "OBJECTID": 22, "Full_Name": "CAPITOL ST", "Ped_Death_Count": 0, "Bike_Death_Count": 0, "Veh_Death_Count": 0, "Ped_Crash_Count": 2, "Bike_Crash_Count": 1, "Veh_Crash_Count": 1, "Total_Crash_Count": 4, "RoadLength": 2640.0, "Miles": 0.5, "CrashRate": 8.0, "Total_Death_Count": 0, "Shape__Length": 2639.9999591584892 }, "geometry": { "type": "LineString", "coordinates": [ [ -95.36917162997328, 29.762339369881275 ], [ -95.368765711955092, 29.762234891266104 ], [ -95.368522778510226, 29.762161522187547 ], [ -95.368361826901804, 29.762113143426536 ], [ -95.368093016784428, 29.762048187356573 ], [ -95.367828721876592, 29.761956180161405 ], [ -95.367454081706256, 29.761776657230861 ], [ -95.366601980034119, 29.761276822175187 ], [ -95.365751224203308, 29.760755324107844 ], [ -95.364892611520773, 29.760247693309324 ], [ -95.36402134922352, 29.759724338315021 ], [ -95.363144888214975, 29.759193048916028 ], [ -95.362275511397087, 29.758669561599888 ], [ -95.362114077720605, 29.758575054562538 ] ] } },
{ "type": "Feature", "properties": { "OBJECTID": 23, "Full_Name": "CHARTRES ST", "Ped_Death_Count": 0, "Bike_Death_Count": 0, "Veh_Death_Count": 0, "Ped_Crash_Count": 0, "Bike_Crash_Count": 1, "Veh_Crash_Count": 3, "Total_Crash_Count": 4, "RoadLength": 2640.0, "Miles": 0.5, "CrashRate": 8.0, "Total_Death_Count": 0, "Shape__Length": 2639.9999608872736 }, "geometry": { "type": "LineString", "coordinates": [ [ -95.361077721245849, 29.745799248682964 ], [ -95.36136624544622, 29.74542257740384 ], [ -95.361494506326963, 29.745277147874365 ], [ -95.361581007830921, 29.74518341303666 ], [ -95.361670772660986, 29.745086140733061 ], [ -95.362021685141229, 29.744596165525898 ], [ -95.362232335374301, 29.744302032196813 ], [ -95.362354716510154, 29.744127697526089 ], [ -95.362482300735564, 29.743945949552497 ], [ -95.362783867331686, 29.743516353713613 ], [ -95.362938017921707, 29.743272429266096 ], [ -95.363409909241398, 29.742525705599103 ], [ -95.363734731503826, 29.741905811996489 ], [ -95.364425077479382, 29.740972269095391 ], [ -95.365178350510377, 29.740029936527343 ], [ -95.365484369621029, 29.739656350866696 ] ] } },
{ "type": "Feature", "properties": { "OBJECTID": 24, "Full_Name": "CHARTRES ST", "Ped_Death_Count": 0, "Bike_Death_Count": 0, "Veh_Death_Count": 0, "Ped_Crash_Count": 1, "Bike_Crash_Count": 1, "Veh_Crash_Count": 3, "Total_Crash_Count": 5, "RoadLength": 2640.0001, "Miles": 0.5, "CrashRate": 10.0, "Total_Death_Count": 0, "Shape__Length": 2640.0000555995125 }, "geometry": { "type": "LineString", "coordinates": [ [ -95.351598183994611, 29.757730944205385 ], [ -95.35210801241864, 29.757079870529331 ], [ -95.352179479138314, 29.757003588883116 ], [ -95.352715875797273, 29.756306249514477 ], [ -95.353922766620173, 29.754789753151531 ], [ -95.354535260805079, 29.75402258239227 ], [ -95.355134727562103, 29.753254518343571 ], [ -95.3557224273614, 29.75252763287612 ], [ -95.356275794997472, 29.751814359603181 ], [ -95.356323337494231, 29.751755901978736 ] ] } },
{ "type": "Feature", "properties": { "OBJECTID": 25, "Full_Name": "COMMONWEALTH ST", "Ped_Death_Count": 0, "Bike_Death_Count": 0, "Veh_Death_Count": 0, "Ped_Crash_Count": 0, "Bike_Crash_Count": 1, "Veh_Crash_Count": 2, "Total_Crash_Count": 3, "RoadLength": 2639.9999, "Miles": 0.5, "CrashRate": 6.0, "Total_Death_Count": 0, "Shape__Length": 2639.99991901166 }, "geometry": { "type": "LineString", "coordinates": [ [ -95.398039387014734, 29.752658320274186 ], [ -95.398272090565698, 29.752402753499499 ], [ -95.398391025238368, 29.752279005690301 ], [ -95.398546968366333, 29.752137211811174 ], [ -95.398783471026533, 29.751876986561932 ], [ -95.398821908142764, 29.751669541852969 ], [ -95.398832683092365, 29.751486586639327 ], [ -95.398779724244193, 29.751275558867583 ], [ -95.398660068237959, 29.751047743305232 ], [ -95.39827222461075, 29.750402306056735 ], [ -95.397880230361693, 29.749810546395981 ], [ -95.397505645908765, 29.74920206137676 ], [ -95.39717625432786, 29.748669983072347 ], [ -95.397139333902444, 29.748599848993358 ], [ -95.39675727427759, 29.747991947545845 ], [ -95.396380870584366, 29.747385762130197 ], [ -95.395881256242376, 29.746580067099483 ], [ -95.395741243434557, 29.746351965173425 ], [ -95.395718861473242, 29.746315995786752 ] ] } },
{ "type": "Feature", "properties": { "OBJECTID": 26, "Full_Name": "CONGRESS ST", "Ped_Death_Count": 0, "Bike_Death_Count": 0, "Veh_Death_Count": 0, "Ped_Crash_Count": 0, "Bike_Crash_Count": 1, "Veh_Crash_Count": 3, "Total_Crash_Count": 4, "RoadLength": 2640.0, "Miles": 0.5, "CrashRate": 8.0, "Total_Death_Count": 0, "Shape__Length": 2639.9999626854042 }, "geometry": { "type": "LineString", "coordinates": [ [ -95.357885984676471, 29.760545130855402 ], [ -95.357273790497743, 29.760173764800566 ], [ -95.356418226822228, 29.759672171220849 ], [ -95.355563352377104, 29.759151457632615 ], [ -95.354708298950129, 29.758636049235832 ], [ -95.353843403466357, 29.758123554585829 ], [ -95.352991067010365, 29.757600768734228 ], [ -95.35244543524297, 29.757283406980267 ], [ -95.352406303922123, 29.757260646923982 ], [ -95.352275745528118, 29.757181522869384 ], [ -95.35210801241864, 29.757079870529331 ], [ -95.351963180496995, 29.756997698285897 ], [ -95.351272204107275, 29.756569319209579 ], [ -95.351033958303915, 29.756427026070511 ] ] } },
{ "type": "Feature", "properties": { "OBJECTID": 27, "Full_Name": "CORPORATE DR", "Ped_Death_Count": 1, "Bike_Death_Count": 1, "Veh_Death_Count": 0, "Ped_Crash_Count": 4, "Bike_Crash_Count": 1, "Veh_Crash_Count": 1, "Total_Crash_Count": 6, "RoadLength": 1755.2634, "Miles": 0.3324, "CrashRate": 18.05, "Total_Death_Count": 2, "Shape__Length": 1755.2633987619554 }, "geometry": { "type": "LineString", "coordinates": [ [ -95.552161275308066, 29.694973104572163 ], [ -95.552156979953622, 29.694784914555747 ], [ -95.552141175161765, 29.694238535117695 ], [ -95.552133765359812, 29.694077543553632 ], [ -95.552117842789656, 29.693407755638269 ], [ -95.552099363597577, 29.693194127700409 ], [ -95.552078051071433, 29.692986979959976 ], [ -95.552031060272128, 29.69269104986823 ], [ -95.552004921023013, 29.692556413264306 ], [ -95.551676012121249, 29.69152216330961 ], [ -95.551590684002676, 29.691303125482531 ], [ -95.551505391222534, 29.691080848911941 ], [ -95.551402769930306, 29.690794990776784 ], [ -95.551196300327078, 29.690259553100404 ] ] } },
{ "type": "Feature", "properties": { "OBJECTID": 28, "Full_Name": "CROSBY FWY", "Ped_Death_Count": 0, "Bike_Death_Count": 0, "Veh_Death_Count": 0, "Ped_Crash_Count": 0, "Bike_Crash_Count": 1, "Veh_Crash_Count": 3, "Total_Crash_Count": 4, "RoadLength": 2639.9999, "Miles": 0.5, "CrashRate": 8.0, "Total_Death_Count": 0, "Shape__Length": 2639.9998720488775 }, "geometry": { "type": "LineString", "coordinates": [ [ -95.202622711545942, 29.821157516790404 ], [ -95.202975884232728, 29.821001282334198 ], [ -95.204515497272098, 29.820210867152287 ], [ -95.206171974841638, 29.818984788386892 ], [ -95.207557051284894, 29.817553490578469 ], [ -95.208234678612982, 29.816782079358632 ], [ -95.208591811833998, 29.816248891200988 ] ] } },
{ "type": "Feature", "properties": { "OBJECTID": 29, "Full_Name": "CULLEN BLVD", "Ped_Death_Count": 0, "Bike_Death_Count": 0, "Veh_Death_Count": 2, "Ped_Crash_Count": 2, "Bike_Crash_Count": 1, "Veh_Crash_Count": 3, "Total_Crash_Count": 6, "RoadLength": 2640.0002, "Miles": 0.5, "CrashRate": 12.0, "Total_Death_Count": 2, "Shape__Length": 2640.0002053876897 }, "geometry": { "type": "LineString", "coordinates": [ [ -95.353433460553092, 29.689692925692082 ], [ -95.353519121451001, 29.689488078204949 ], [ -95.354065280370506, 29.688104415062895 ], [ -95.354393263061183, 29.687311345298038 ], [ -95.354750722046276, 29.686422379458033 ], [ -95.354883761205841, 29.686091291878515 ], [ -95.35503558928599, 29.685741892797886 ], [ -95.355418339863178, 29.6847664130525 ], [ -95.35574229643565, 29.684038672475754 ], [ -95.355864941189409, 29.683601403906572 ], [ -95.355898232295047, 29.682984935251127 ], [ -95.355908446566218, 29.682795803942973 ] ] } },
{ "type": "Feature", "properties": { "OBJECTID": 30, "Full_Name": "DASHWOOD DR", "Ped_Death_Count": 2, "Bike_Death_Count": 0, "Veh_Death_Count": 1, "Ped_Crash_Count": 3, "Bike_Crash_Count": 1, "Veh_Crash_Count": 2, "Total_Crash_Count": 6, "RoadLength": 2227.7131, "Miles": 0.4219, "CrashRate": 14.22, "Total_Death_Count": 3, "Shape__Length": 2227.7131369009162 }, "geometry": { "type": "LineString", "coordinates": [ [ -95.486065732556256, 29.707347339395458 ], [ -95.486139724263452, 29.707347315678089 ], [ -95.4867460930204, 29.707338844000951 ], [ -95.487597728349158, 29.707323263373613 ], [ -95.488822987537105, 29.707310549882653 ], [ -95.489617177906254, 29.707313007214911 ], [ -95.490906396992457, 29.707298586048839 ], [ -95.491801305375219, 29.707278412301857 ], [ -95.493082562696912, 29.707266057997487 ] ] } },
{ "type": "Feature", "properties": { "OBJECTID": 31, "Full_Name": "DUNVALE RD", "Ped_Death_Count": 0, "Bike_Death_Count": 1, "Veh_Death_Count": 0, "Ped_Crash_Count": 0, "Bike_Crash_Count": 1, "Veh_Crash_Count": 2, "Total_Crash_Count": 3, "RoadLength": 2640.0, "Miles": 0.5, "CrashRate": 6.0, "Total_Death_Count": 1, "Shape__Length": 2639.999982636426 }, "geometry": { "type": "LineString", "coordinates": [ [ -95.514071241386645, 29.730192902150193 ], [ -95.514062172815144, 29.729878585359959 ], [ -95.514058835348067, 29.729302685440363 ], [ -95.514057578808988, 29.729018079172135 ], [ -95.514053881543688, 29.72817994459216 ], [ -95.514053983485013, 29.727873070244357 ], [ -95.514040926759279, 29.727357177369552 ], [ -95.514021285313774, 29.726697159003418 ], [ -95.514020593656255, 29.726492926639491 ], [ -95.514021728217287, 29.725821574543186 ], [ -95.514016633008978, 29.725752819563606 ], [ -95.514023879829949, 29.725650996177379 ], [ -95.514020337322194, 29.725278008502947 ], [ -95.514015686937782, 29.724788234409168 ], [ -95.514006943803906, 29.72457112383298 ], [ -95.513980614875962, 29.723917323412515 ], [ -95.513976272059665, 29.723144518502195 ], [ -95.513969006455909, 29.722934293714829 ] ] } },
{ "type": "Feature", "properties": { "OBJECTID": 32, "Full_Name": "DURHAM DR", "Ped_Death_Count": 0, "Bike_Death_Count": 0, "Veh_Death_Count": 2, "Ped_Crash_Count": 2, "Bike_Crash_Count": 1, "Veh_Crash_Count": 8, "Total_Crash_Count": 11, "RoadLength": 2640.0001, "Miles": 0.5, "CrashRate": 22.0, "Total_Death_Count": 2, "Shape__Length": 2640.0000598276151 }, "geometry": { "type": "LineString", "coordinates": [ [ -95.409479704803019, 29.765331742914228 ], [ -95.409621424901829, 29.765390219394302 ], [ -95.409946637731537, 29.765931639100867 ], [ -95.410060021744286, 29.766053393006839 ], [ -95.410478787130629, 29.766793553704929 ], [ -95.410552028684648, 29.767510212424433 ], [ -95.410576807993294, 29.768249672837388 ], [ -95.410579309342069, 29.768978126955286 ], [ -95.410578781867869, 29.769703771973681 ], [ -95.410568664676191, 29.770411470673725 ], [ -95.410583349951651, 29.770462288977459 ], [ -95.410589453722366, 29.77117719821964 ], [ -95.410612410750659, 29.771922431134005 ], [ -95.410620905608681, 29.772318048915732 ] ] } },
{ "type": "Feature", "properties": { "OBJECTID": 33, "Full_Name": "E CROSSTIMBERS ST", "Ped_Death_Count": 0, "Bike_Death_Count": 0, "Veh_Death_Count": 0, "Ped_Crash_Count": 0, "Bike_Crash_Count": 1, "Veh_Crash_Count": 3, "Total_Crash_Count": 4, "RoadLength": 2640.0001, "Miles": 0.5, "CrashRate": 8.0, "Total_Death_Count": 0, "Shape__Length": 2640.0001086045995 }, "geometry": { "type": "LineString", "coordinates": [ [ -95.380667826698811, 29.828626814415824 ], [ -95.379662198082585, 29.828585800961239 ], [ -95.379423252160819, 29.82855381251456 ], [ -95.378093607992895, 29.828375800782801 ], [ -95.377385805959079, 29.828317991792197 ], [ -95.376213157364575, 29.828321298381358 ], [ -95.372365319223789, 29.828405911132442 ] ] } },
{ "type": "Feature", "properties": { "OBJECTID": 34, "Full_Name": "E CROSSTIMBERS ST", "Ped_Death_Count": 1, "Bike_Death_Count": 0, "Veh_Death_Count": 1, "Ped_Crash_Count": 1, "Bike_Crash_Count": 1, "Veh_Crash_Count": 3, "Total_Crash_Count": 5, "RoadLength": 2639.9999, "Miles": 0.5, "CrashRate": 10.0, "Total_Death_Count": 2, "Shape__Length": 2639.9999375652205 }, "geometry": { "type": "LineString", "coordinates": [ [ -95.372365319223789, 29.828405911132442 ], [ -95.371392031246174, 29.828427296340738 ], [ -95.370522784267337, 29.828435402815899 ], [ -95.36957869769671, 29.828440266045529 ], [ -95.368781949833476, 29.828438764821364 ], [ -95.367703964082423, 29.828451243803062 ], [ -95.367147024587567, 29.828496319981308 ], [ -95.36690716918875, 29.828553848037387 ], [ -95.36665230556099, 29.828632229994216 ], [ -95.36631429075193, 29.828726954541555 ], [ -95.366094021370415, 29.828780818224015 ], [ -95.36572747478067, 29.828853627126882 ], [ -95.365330342063814, 29.828885355920551 ], [ -95.36500718986926, 29.828892529544973 ], [ -95.364102862099884, 29.828897778651132 ] ] } },
{ "type": "Feature", "properties": { "OBJECTID": 35, "Full_Name": "E LITTLE YORK RD", "Ped_Death_Count": 1, "Bike_Death_Count": 1, "Veh_Death_Count": 0, "Ped_Crash_Count": 3, "Bike_Crash_Count": 1, "Veh_Crash_Count": 1, "Total_Crash_Count": 5, "RoadLength": 2640.0001, "Miles": 0.5, "CrashRate": 10.0, "Total_Death_Count": 2, "Shape__Length": 2640.0000636075142 }, "geometry": { "type": "LineString", "coordinates": [ [ -95.398797229985419, 29.869897310996461 ], [ -95.398746108748171, 29.869898634757014 ], [ -95.398523208546194, 29.869899394123568 ], [ -95.398364338450023, 29.869902098835183 ], [ -95.398073983103686, 29.869905426804483 ], [ -95.397827622129668, 29.869909056369139 ], [ -95.395594455249011, 29.869926544375922 ], [ -95.39455385414692, 29.869936635639956 ], [ -95.391212948578158, 29.869972182982945 ], [ -95.390726785336724, 29.869977642369598 ], [ -95.390468096453915, 29.8699802939954 ] ] } },
{ "type": "Feature", "properties": { "OBJECTID": 36, "Full_Name": "E LITTLE YORK RD", "Ped_Death_Count": 0, "Bike_Death_Count": 0, "Veh_Death_Count": 1, "Ped_Crash_Count": 0, "Bike_Crash_Count": 2, "Veh_Crash_Count": 4, "Total_Crash_Count": 6, "RoadLength": 1778.5796, "Miles": 0.3368, "CrashRate": 17.81, "Total_Death_Count": 1, "Shape__Length": 1778.5795685404019 }, "geometry": { "type": "LineString", "coordinates": [ [ -95.390468096453915, 29.8699802939954 ], [ -95.390254079366599, 29.869982487281554 ], [ -95.388735929627572, 29.869991874812701 ], [ -95.388534359348014, 29.869992303619139 ], [ -95.3866473309063, 29.870015156594924 ], [ -95.38591250867934, 29.870022682083601 ], [ -95.385602230241091, 29.870033088013152 ], [ -95.385497973823377, 29.870041101449385 ], [ -95.385336601485108, 29.870044828152309 ], [ -95.38522904002059, 29.870046775085296 ], [ -95.385153011602327, 29.870047955957425 ], [ -95.384857353024543, 29.87005005275104 ] ] } },
{ "type": "Feature", "properties": { "OBJECTID": 37, "Full_Name": "E LOCKWOOD DR", "Ped_Death_Count": 0, "Bike_Death_Count": 0, "Veh_Death_Count": 1, "Ped_Crash_Count": 0, "Bike_Crash_Count": 1, "Veh_Crash_Count": 1, "Total_Crash_Count": 2, "RoadLength": 2037.484, "Miles": 0.3859, "CrashRate": 5.18, "Total_Death_Count": 1, "Shape__Length": 2037.4839880562185 }, "geometry": { "type": "LineString", "coordinates": [ [ -95.315060948642881, 29.788281715937032 ], [ -95.3151077892487, 29.789772742238469 ], [ -95.315105543971768, 29.790658207000668 ], [ -95.31512368749631, 29.791482166173118 ], [ -95.315127269483185, 29.79175704235519 ], [ -95.315129461197941, 29.792163873411074 ], [ -95.315158546688551, 29.792364670665531 ], [ -95.315224528032758, 29.792648534101094 ], [ -95.315333174973617, 29.792988606195642 ], [ -95.315609694211034, 29.793399626318404 ], [ -95.315710979113007, 29.793525489516938 ], [ -95.31582714399606, 29.793748291421117 ] ] } },
{ "type": "Feature", "properties": { "OBJECTID": 38, "Full_Name": "EASTEX FREEWAY", "Ped_Death_Count": 0, "Bike_Death_Count": 1, "Veh_Death_Count": 0, "Ped_Crash_Count": 0, "Bike_Crash_Count": 1, "Veh_Crash_Count": 2, "Total_Crash_Count": 3, "RoadLength": 2640.0002, "Miles": 0.5, "CrashRate": 6.0, "Total_Death_Count": 1, "Shape__Length": 2640.0001569379315 }, "geometry": { "type": "LineString", "coordinates": [ [ -95.252226270815484, 30.053313151362886 ], [ -95.252202128925745, 30.053411272262519 ], [ -95.252134709053522, 30.053717521974072 ], [ -95.251869462739648, 30.054629010919122 ], [ -95.251751126908715, 30.055008121395076 ], [ -95.251704142386217, 30.055103100344617 ], [ -95.251457035690535, 30.055929808492902 ], [ -95.251038105393988, 30.057550345165126 ], [ -95.250620695003988, 30.058858540762188 ], [ -95.250169332063749, 30.060345395406792 ] ] } },
{ "type": "Feature", "properties": { "OBJECTID": 39, "Full_Name": "FEDERAL RD", "Ped_Death_Count": 0, "Bike_Death_Count": 0, "Veh_Death_Count": 0, "Ped_Crash_Count": 0, "Bike_Crash_Count": 1, "Veh_Crash_Count": 4, "Total_Crash_Count": 5, "RoadLength": 2640.0001, "Miles": 0.5, "CrashRate": 10.0, "Total_Death_Count": 0, "Shape__Length": 2640.0000798095311 }, "geometry": { "type": "LineString", "coordinates": [ [ -95.213550833160269, 29.770070850735387 ], [ -95.213332763102784, 29.769159572658204 ], [ -95.213292207275941, 29.768814913143665 ], [ -95.213269101515834, 29.768427001724124 ], [ -95.213248722105064, 29.767797354902427 ], [ -95.213261668733836, 29.767247241748048 ], [ -95.213218225316581, 29.766607747094532 ], [ -95.213199498930081, 29.76635291288974 ], [ -95.213177612956855, 29.76583086594216 ], [ -95.213116670859392, 29.765020614840044 ], [ -95.213118214856877, 29.76497593312677 ], [ -95.213131012922048, 29.764223908511763 ], [ -95.213095674737417, 29.763428714623053 ], [ -95.213075335260001, 29.762837898675294 ] ] } },
{ "type": "Feature", "properties": { "OBJECTID": 40, "Full_Name": "FONDREN RD", "Ped_Death_Count": 1, "Bike_Death_Count": 1, "Veh_Death_Count": 1, "Ped_Crash_Count": 1, "Bike_Crash_Count": 1, "Veh_Crash_Count": 6, "Total_Crash_Count": 8, "RoadLength": 2640.0001, "Miles": 0.5, "CrashRate": 16.0, "Total_Death_Count": 3, "Shape__Length": 2640.0001054318614 }, "geometry": { "type": "LineString", "coordinates": [ [ -95.50770474249876, 29.631225833866999 ], [ -95.507656347158104, 29.63108256017264 ], [ -95.507570198273754, 29.630763334149073 ], [ -95.507557410314831, 29.630648866626352 ], [ -95.50754228068152, 29.630513441303993 ], [ -95.507521240734221, 29.630325117236989 ], [ -95.507484046130529, 29.629983035017542 ], [ -95.507379970283367, 29.628839988745412 ], [ -95.507370170734944, 29.628371803222652 ], [ -95.507361165916024, 29.627941596355214 ], [ -95.507346225930277, 29.627483822399228 ], [ -95.50734702809045, 29.627266069037489 ], [ -95.507332383630398, 29.626803373259413 ], [ -95.507317544140761, 29.62633441957141 ], [ -95.507328976858886, 29.625872174123195 ], [ -95.507352466657139, 29.624875597144325 ], [ -95.507480664464239, 29.623995772158892 ] ] } },
{ "type": "Feature", "properties": { "OBJECTID": 41, "Full_Name": "FONDREN RD", "Ped_Death_Count": 1, "Bike_Death_Count": 0, "Veh_Death_Count": 1, "Ped_Crash_Count": 2, "Bike_Crash_Count": 2, "Veh_Crash_Count": 4, "Total_Crash_Count": 8, "RoadLength": 2640.0001, "Miles": 0.5, "CrashRate": 16.0, "Total_Death_Count": 2, "Shape__Length": 2640.0000580135729 }, "geometry": { "type": "LineString", "coordinates": [ [ -95.521318993093047, 29.710080675006576 ], [ -95.521321942706606, 29.709389935289849 ], [ -95.521333756253696, 29.708978585311957 ], [ -95.521345069867053, 29.708412890122364 ], [ -95.521303382265941, 29.707428914128588 ], [ -95.52128827005852, 29.706415795754502 ], [ -95.521302894286151, 29.705139241008968 ], [ -95.521242043196821, 29.704497373177794 ], [ -95.521122574677975, 29.704003786322712 ], [ -95.52101816480365, 29.703697205037717 ], [ -95.520947454041149, 29.7035252024356 ], [ -95.520888996421775, 29.703402135456237 ], [ -95.520695413816256, 29.703056773970516 ], [ -95.52060993115856, 29.702928056421356 ] ] } },
{ "type": "Feature", "properties": { "OBJECTID": 42, "Full_Name": "FONDREN RD", "Ped_Death_Count": 0, "Bike_Death_Count": 1, "Veh_Death_Count": 1, "Ped_Crash_Count": 0, "Bike_Crash_Count": 1, "Veh_Crash_Count": 3, "Total_Crash_Count": 4, "RoadLength": 2640.0001, "Miles": 0.5, "CrashRate": 8.0, "Total_Death_Count": 2, "Shape__Length": 2640.000073978777 }, "geometry": { "type": "LineString", "coordinates": [ [ -95.521235908965878, 29.738826348025164 ], [ -95.521212070722754, 29.738515336798237 ], [ -95.521225589214055, 29.738122199785977 ], [ -95.52116823915506, 29.73739525984395 ], [ -95.521119608814018, 29.736619055477401 ], [ -95.521106287923359, 29.736491480197749 ], [ -95.521108389262267, 29.736429847665583 ], [ -95.521105936732013, 29.736219662763368 ], [ -95.52107870142278, 29.736004980015423 ], [ -95.520958467122995, 29.73543054257253 ], [ -95.520701621227289, 29.734626505848571 ], [ -95.520606912135221, 29.734165250795382 ], [ -95.520559836419011, 29.733732218948216 ], [ -95.520537168968048, 29.732972109336398 ], [ -95.520524848914107, 29.732254564125974 ], [ -95.520516502499319, 29.731768498816386 ], [ -95.520509799844916, 29.731621878912083 ] ] } },
{ "type": "Feature", "properties": { "OBJECTID": 43, "Full_Name": "GESSNER RD", "Ped_Death_Count": 0, "Bike_Death_Count": 0, "Veh_Death_Count": 1, "Ped_Crash_Count": 0, "Bike_Crash_Count": 1, "Veh_Crash_Count": 3, "Total_Crash_Count": 4, "RoadLength": 2640.0002, "Miles": 0.5, "CrashRate": 8.0, "Total_Death_Count": 1, "Shape__Length": 2640.0002152651832 }, "geometry": { "type": "LineString", "coordinates": [ [ -95.543990721588642, 29.785310401662326 ], [ -95.543996740997699, 29.78545455441164 ], [ -95.544011040392959, 29.785750170722046 ], [ -95.544088556102395, 29.787038307409791 ], [ -95.544119890254109, 29.787396654290148 ], [ -95.544219675367188, 29.787783255111137 ], [ -95.544295893799656, 29.788036437843395 ], [ -95.544405220308292, 29.788304016044876 ], [ -95.544479883335725, 29.788565900370347 ], [ -95.544533109868283, 29.788860709202226 ], [ -95.544555486327795, 29.789186392842584 ], [ -95.54456993553687, 29.789987283630573 ], [ -95.544576461209232, 29.790370534570812 ], [ -95.544600437487787, 29.790848173444111 ], [ -95.54461312071895, 29.791383726409723 ], [ -95.544620652064353, 29.79197011908483 ], [ -95.544629806945494, 29.792519440600113 ] ] } },
{ "type": "Feature", "properties": { "OBJECTID": 44, "Full_Name": "GREENS RD", "Ped_Death_Count": 1, "Bike_Death_Count": 0, "Veh_Death_Count": 1, "Ped_Crash_Count": 1, "Bike_Crash_Count": 1, "Veh_Crash_Count": 4, "Total_Crash_Count": 6, "RoadLength": 2640.0, "Miles": 0.5, "CrashRate": 12.0, "Total_Death_Count": 2, "Shape__Length": 2639.9999541942011 }, "geometry": { "type": "LineString", "coordinates": [ [ -95.40841190402648, 29.950470512317747 ], [ -95.407696071972182, 29.950489983719361 ], [ -95.406698919518931, 29.950505376369907 ], [ -95.405052609118414, 29.950516533358417 ], [ -95.404762401487858, 29.950524541451458 ], [ -95.404076296489222, 29.950540356057981 ], [ -95.403435320232333, 29.950543909266123 ], [ -95.403313312018014, 29.950546271161038 ], [ -95.403073847262391, 29.950547693887227 ], [ -95.402519176959572, 29.950554975696917 ], [ -95.401911148530033, 29.950560825202096 ], [ -95.401427775043942, 29.95056558509944 ], [ -95.401206259702946, 29.950572933742819 ], [ -95.400496600431566, 29.950576049806621 ], [ -95.400224269043051, 29.950582036194991 ], [ -95.400077021084456, 29.950585050640598 ] ] } },
{ "type": "Feature", "properties": { "OBJECTID": 45, "Full_Name": "GREGG ST", "Ped_Death_Count": 0, "Bike_Death_Count": 0, "Veh_Death_Count": 0, "Ped_Crash_Count": 2, "Bike_Crash_Count": 1, "Veh_Crash_Count": 2, "Total_Crash_Count": 5, "RoadLength": 2640.0001, "Miles": 0.5, "CrashRate": 10.0, "Total_Death_Count": 0, "Shape__Length": 2640.0000698375347 }, "geometry": { "type": "LineString", "coordinates": [ [ -95.335770507507533, 29.778556054325193 ], [ -95.335773777156206, 29.778869010884009 ], [ -95.335775588943747, 29.779148526970815 ], [ -95.335781543399662, 29.779557892488633 ], [ -95.335791096049022, 29.779845449914397 ], [ -95.335796981685178, 29.78021822646858 ], [ -95.33580799209723, 29.780839024204909 ], [ -95.335821682165559, 29.781841398229282 ], [ -95.335829561770623, 29.782825148110213 ], [ -95.335829104189116, 29.783820071382024 ], [ -95.335847160418851, 29.78470963739111 ], [ -95.335856251419756, 29.785272761814426 ], [ -95.335849768811443, 29.785815427475075 ] ] } },
{ "type": "Feature", "properties": { "OBJECTID": 46, "Full_Name": "GULFTON DR", "Ped_Death_Count": 0, "Bike_Death_Count": 0, "Veh_Death_Count": 0, "Ped_Crash_Count": 2, "Bike_Crash_Count": 1, "Veh_Crash_Count": 5, "Total_Crash_Count": 8, "RoadLength": 2411.6147, "Miles": 0.4567, "CrashRate": 17.52, "Total_Death_Count": 0, "Shape__Length": 2411.6147311914833 }, "geometry": { "type": "LineString", "coordinates": [ [ -95.491948329010384, 29.716346912586332 ], [ -95.492790184416592, 29.716337604947483 ], [ -95.493109355252656, 29.716338601908639 ], [ -95.49331822537836, 29.716345563522388 ], [ -95.493990111586442, 29.716316515510151 ], [ -95.494273590269003, 29.716285601047886 ], [ -95.494537455927457, 29.716249737065709 ], [ -95.494922311958433, 29.716172713429668 ], [ -95.495232039902874, 29.716065794025376 ], [ -95.495692703637474, 29.715896035220059 ], [ -95.496215880672679, 29.715638856802666 ], [ -95.496411702410896, 29.715506692026036 ], [ -95.496603149247676, 29.715378120614339 ], [ -95.497128308915876, 29.714939173906142 ], [ -95.497842861249495, 29.71430092196422 ], [ -95.498496475964444, 29.713717087940328 ] ] } },
{ "type": "Feature", "properties": { "OBJECTID": 47, "Full_Name": "HAMMERLY BLVD", "Ped_Death_Count": 0, "Bike_Death_Count": 0, "Veh_Death_Count": 0, "Ped_Crash_Count": 0, "Bike_Crash_Count": 1, "Veh_Crash_Count": 2, "Total_Crash_Count": 3, "RoadLength": 2640.0001, "Miles": 0.5, "CrashRate": 6.0, "Total_Death_Count": 0, "Shape__Length": 2640.0001020313371 }, "geometry": { "type": "LineString", "coordinates": [ [ -95.496678109850279, 29.811002022052055 ], [ -95.498239646602258, 29.810983212089873 ], [ -95.499463195361542, 29.810952446247853 ], [ -95.499671188521901, 29.810945737494826 ], [ -95.500158174956056, 29.810939399600812 ], [ -95.500632694486214, 29.810920481435208 ], [ -95.500855715359847, 29.810907520698546 ], [ -95.501551538165472, 29.810925683472806 ], [ -95.502405604072052, 29.810935449864097 ], [ -95.503381620064999, 29.810948392366587 ], [ -95.503819200631838, 29.810959806053773 ], [ -95.50431738843794, 29.810982873667164 ], [ -95.504816524394556, 29.810979555246192 ], [ -95.504999717755169, 29.810982505947543 ] ] } },
{ "type": "Feature", "properties": { "OBJECTID": 48, "Full_Name": "HAZARD ST", "Ped_Death_Count": 0, "Bike_Death_Count": 0, "Veh_Death_Count": 0, "Ped_Crash_Count": 1, "Bike_Crash_Count": 1, "Veh_Crash_Count": 1, "Total_Crash_Count": 3, "RoadLength": 2640.0001, "Miles": 0.5, "CrashRate": 6.0, "Total_Death_Count": 0, "Shape__Length": 2640.0001047305523 }, "geometry": { "type": "LineString", "coordinates": [ [ -95.407091249949204, 29.737854670946302 ], [ -95.407088857936458, 29.737699337010376 ], [ -95.407085487570129, 29.736846894256221 ], [ -95.407065535386835, 29.735990046589031 ], [ -95.407055179973426, 29.735151694421447 ], [ -95.407054120275347, 29.734825146337208 ], [ -95.407047152960686, 29.734266079641326 ], [ -95.407032871287257, 29.733448566279037 ], [ -95.407014562494467, 29.732594276681748 ], [ -95.407022414316302, 29.732521793912309 ], [ -95.407006234762434, 29.7317428298884 ], [ -95.406998942769533, 29.731013826460348 ], [ -95.406996653536865, 29.730784971128031 ], [ -95.40699475951341, 29.730595617969396 ] ] } },
{ "type": "Feature", "properties": { "OBJECTID": 49, "Full_Name": "HILLCROFT AVE", "Ped_Death_Count": 0, "Bike_Death_Count": 1, "Veh_Death_Count": 0, "Ped_Crash_Count": 4, "Bike_Crash_Count": 1, "Veh_Crash_Count": 8, "Total_Crash_Count": 13, "RoadLength": 2640.0002, "Miles": 0.5, "CrashRate": 26.0, "Total_Death_Count": 1, "Shape__Length": 2640.0002321386446 }, "geometry": { "type": "LineString", "coordinates": [ [ -95.501038230300082, 29.723096563273618 ], [ -95.501038718680263, 29.723004201179126 ], [ -95.501040920334631, 29.722861146175703 ], [ -95.501042156588582, 29.722780782609743 ], [ -95.501043747716778, 29.722677400940981 ], [ -95.50104341318206, 29.721742952548407 ], [ -95.501036797855775, 29.72147946284009 ], [ -95.500996501866595, 29.719648784297085 ], [ -95.500912369707834, 29.719127113943241 ], [ -95.500750341381448, 29.718759577880064 ], [ -95.50051462651868, 29.718224891544669 ], [ -95.50043908542527, 29.718053535437903 ], [ -95.500138336713405, 29.717711906708271 ], [ -95.499853925952152, 29.71738883472019 ], [ -95.499496705421336, 29.717045140117488 ], [ -95.499400265031298, 29.716952349557594 ], [ -95.499287570656705, 29.716841396192663 ], [ -95.49928510295355, 29.716838965858912 ], [ -95.499169738053425, 29.716725382680853 ], [ -95.499067657291931, 29.716624877545836 ], [ -95.498898004291135, 29.716457842036917 ], [ -95.498859366696479, 29.716426206161582 ] ] } },
{ "type": "Feature", "properties": { "OBJECTID": 50, "Full_Name": "HILLCROFT AVE", "Ped_Death_Count": 2, "Bike_Death_Count": 1, "Veh_Death_Count": 0, "Ped_Crash_Count": 2, "Bike_Crash_Count": 1, "Veh_Crash_Count": 0, "Total_Crash_Count": 3, "RoadLength": 2639.9998, "Miles": 0.5, "CrashRate": 6.0, "Total_Death_Count": 3, "Shape__Length": 2639.9997869000058 }, "geometry": { "type": "LineString", "coordinates": [ [ -95.5011594437902, 29.730355402152501 ], [ -95.501156258601981, 29.729633127860257 ], [ -95.501155102316375, 29.72937065598655 ], [ -95.501153910761616, 29.729100375309319 ], [ -95.501151631111355, 29.728583520913094 ], [ -95.501149500767738, 29.728100256803476 ], [ -95.501144542475373, 29.727430302621915 ], [ -95.501133644683492, 29.726813713633071 ], [ -95.501107885025078, 29.725741947303586 ], [ -95.501097861363675, 29.725484530313697 ], [ -95.501073877043837, 29.724582090962912 ], [ -95.50106825647282, 29.724374154519158 ], [ -95.501061460021035, 29.723828530624022 ], [ -95.501037168061558, 29.723297292723259 ], [ -95.501038230300082, 29.723096563273618 ] ] } },
{ "type": "Feature", "properties": { "OBJECTID": 51, "Full_Name": "HOLLISTER ST", "Ped_Death_Count": 0, "Bike_Death_Count": 0, "Veh_Death_Count": 0, "Ped_Crash_Count": 0, "Bike_Crash_Count": 1, "Veh_Crash_Count": 4, "Total_Crash_Count": 5, "RoadLength": 2640.0001, "Miles": 0.5, "CrashRate": 10.0, "Total_Death_Count": 0, "Shape__Length": 2640.0000715298033 }, "geometry": { "type": "LineString", "coordinates": [ [ -95.505390390131893, 29.856748457644681 ], [ -95.505392553211891, 29.856909202722459 ], [ -95.505125297818282, 29.857935035737579 ], [ -95.504948740790979, 29.858703141194642 ], [ -95.504842847490579, 29.859299198380548 ], [ -95.504843519170834, 29.859481696166007 ], [ -95.504845275030945, 29.859958184467768 ], [ -95.50487431744304, 29.860417213307503 ], [ -95.50502096062462, 29.860897595833968 ], [ -95.505050713624826, 29.860971363141296 ], [ -95.50541264617442, 29.861732540416433 ], [ -95.505583923727826, 29.862050406721085 ], [ -95.505917151425464, 29.862533443409376 ], [ -95.5062104150404, 29.86297270879896 ], [ -95.506478546805198, 29.863382045547134 ], [ -95.506619739112168, 29.863597591551173 ] ] } },
{ "type": "Feature", "properties": { "OBJECTID": 52, "Full_Name": "HOMESTEAD RD", "Ped_Death_Count": 0, "Bike_Death_Count": 0, "Veh_Death_Count": 0, "Ped_Crash_Count": 0, "Bike_Crash_Count": 2, "Veh_Crash_Count": 1, "Total_Crash_Count": 3, "RoadLength": 2639.9997, "Miles": 0.5, "CrashRate": 6.0, "Total_Death_Count": 0, "Shape__Length": 2639.9997447519845 }, "geometry": { "type": "LineString", "coordinates": [ [ -95.301966421326895, 29.822951775953612 ], [ -95.301974641722424, 29.825987032686356 ], [ -95.301974337279049, 29.826612463107097 ], [ -95.301971662160966, 29.828306335180983 ], [ -95.301985862391518, 29.828889998115962 ], [ -95.302010526632387, 29.829243836858023 ], [ -95.30199199510875, 29.830210724844061 ] ] } },
{ "type": "Feature", "properties": { "OBJECTID": 53, "Full_Name": "HOUSTON AVE", "Ped_Death_Count": 0, "Bike_Death_Count": 1, "Veh_Death_Count": 0, "Ped_Crash_Count": 0, "Bike_Crash_Count": 1, "Veh_Crash_Count": 2, "Total_Crash_Count": 3, "RoadLength": 2639.9998, "Miles": 0.5, "CrashRate": 6.0, "Total_Death_Count": 1, "Shape__Length": 2639.9997916268098 }, "geometry": { "type": "LineString", "coordinates": [ [ -95.372354962404273, 29.770687190710071 ], [ -95.372356871113553, 29.770778224496858 ], [ -95.372377361749983, 29.771519093682794 ], [ -95.37238217547737, 29.772211346080113 ], [ -95.372378147222221, 29.772300606960044 ], [ -95.372378059984314, 29.77298732410221 ], [ -95.372390785051195, 29.773727721728381 ], [ -95.372392186773055, 29.77447268164352 ], [ -95.37240543121176, 29.775198484325713 ], [ -95.372412426343587, 29.775925475297274 ], [ -95.372422906085959, 29.776558947213662 ], [ -95.372427101777049, 29.777280663694928 ], [ -95.372434500236182, 29.777820955992269 ], [ -95.372436220082221, 29.777946542859148 ] ] } },
{ "type": "Feature", "properties": { "OBJECTID": 54, "Full_Name": "IMPERIAL VALLEY DR", "Ped_Death_Count": 1, "Bike_Death_Count": 0, "Veh_Death_Count": 0, "Ped_Crash_Count": 1, "Bike_Crash_Count": 1, "Veh_Crash_Count": 3, "Total_Crash_Count": 5, "RoadLength": 1794.0412, "Miles": 0.3398, "CrashRate": 14.71, "Total_Death_Count": 1, "Shape__Length": 1794.0412381455287 }, "geometry": { "type": "LineString", "coordinates": [ [ -95.402437130324628, 29.926933228005783 ], [ -95.402559613983385, 29.927700330342528 ], [ -95.402687408530312, 29.928463081456091 ], [ -95.402722046886907, 29.929380591343218 ], [ -95.402690071076776, 29.929793453646468 ], [ -95.4026127221846, 29.930049428263079 ], [ -95.402503847094508, 29.930300310184133 ], [ -95.402183119823221, 29.931132952145415 ], [ -95.402124034087777, 29.931767380767653 ], [ -95.402124120627491, 29.931775959698022 ] ] } },
{ "type": "Feature", "properties": { "OBJECTID": 55, "Full_Name": "IRVINGTON BLVD", "Ped_Death_Count": 0, "Bike_Death_Count": 0, "Veh_Death_Count": 0, "Ped_Crash_Count": 0, "Bike_Crash_Count": 1, "Veh_Crash_Count": 2, "Total_Crash_Count": 3, "RoadLength": 2640.0002, "Miles": 0.5, "CrashRate": 6.0, "Total_Death_Count": 0, "Shape__Length": 2640.0002359576069 }, "geometry": { "type": "LineString", "coordinates": [ [ -95.360978918412627, 29.798108717633259 ], [ -95.360994075217874, 29.798277989455503 ], [ -95.361007246096719, 29.79997405039034 ], [ -95.361043863209701, 29.801689149427251 ], [ -95.361083017503177, 29.803214806243567 ], [ -95.361056328479563, 29.803318650995404 ], [ -95.361082129614175, 29.804232102944564 ], [ -95.361080511319003, 29.804568676956798 ], [ -95.361094029201681, 29.804940335562446 ], [ -95.361099525670525, 29.805364346210766 ] ] } },
{ "type": "Feature", "properties": { "OBJECTID": 56, "Full_Name": "JENSEN DR", "Ped_Death_Count": 0, "Bike_Death_Count": 0, "Veh_Death_Count": 0, "Ped_Crash_Count": 1, "Bike_Crash_Count": 1, "Veh_Crash_Count": 1, "Total_Crash_Count": 3, "RoadLength": 2640.0002, "Miles": 0.5, "CrashRate": 6.0, "Total_Death_Count": 0, "Shape__Length": 2640.0001975408127 }, "geometry": { "type": "LineString", "coordinates": [ [ -95.342772339433736, 29.848581734161076 ], [ -95.342771602495276, 29.848584236067452 ], [ -95.342690863736038, 29.848799064647977 ], [ -95.34255987118344, 29.849051619164772 ], [ -95.342361909235805, 29.849415317322887 ], [ -95.342122795654063, 29.849784084093706 ], [ -95.341437791050183, 29.850936181599813 ], [ -95.341215964393044, 29.851350455103713 ], [ -95.340531580300777, 29.85248532252194 ], [ -95.339714495686863, 29.85381054512284 ], [ -95.339307130737126, 29.854488226636256 ], [ -95.339036270785357, 29.854919979348519 ], [ -95.338967365244301, 29.855034384916525 ] ] } },
{ "type": "Feature", "properties": { "OBJECTID": 57, "Full_Name": "JENSEN DR", "Ped_Death_Count": 0, "Bike_Death_Count": 1, "Veh_Death_Count": 0, "Ped_Crash_Count": 0, "Bike_Crash_Count": 2, "Veh_Crash_Count": 1, "Total_Crash_Count": 3, "RoadLength": 2639.9999, "Miles": 0.5, "CrashRate": 6.0, "Total_Death_Count": 1, "Shape__Length": 2639.9999435459563 }, "geometry": { "type": "LineString", "coordinates": [ [ -95.338967365244301, 29.855034384916525 ], [ -95.338421864860436, 29.855940081531212 ], [ -95.338019803472605, 29.856617756809921 ], [ -95.337773552615459, 29.857016939762744 ], [ -95.337154505256294, 29.858058000713683 ], [ -95.336284275933281, 29.859510080700172 ], [ -95.335695860853264, 29.860482902846147 ], [ -95.335213281033845, 29.861282542778959 ], [ -95.33510468040663, 29.861466160002291 ] ] } },
{ "type": "Feature", "properties": { "OBJECTID": 58, "Full_Name": "KINGWOOD DR", "Ped_Death_Count": 0, "Bike_Death_Count": 0, "Veh_Death_Count": 0, "Ped_Crash_Count": 1, "Bike_Crash_Count": 1, "Veh_Crash_Count": 1, "Total_Crash_Count": 3, "RoadLength": 2639.9999, "Miles": 0.5, "CrashRate": 6.0, "Total_Death_Count": 0, "Shape__Length": 2639.999883816909 }, "geometry": { "type": "LineString", "coordinates": [ [ -95.187748181019501, 30.048645009055395 ], [ -95.187314219375054, 30.048875809143784 ], [ -95.186782033364267, 30.049154967163112 ], [ -95.186071178296004, 30.049434012417002 ], [ -95.185887370389125, 30.04949952009321 ], [ -95.185443974752516, 30.049650144214787 ], [ -95.185178141180273, 30.049735084014451 ], [ -95.184431339960312, 30.049982096029144 ], [ -95.182205267506433, 30.050780311715076 ], [ -95.181235088893516, 30.051014356542829 ], [ -95.179976222099697, 30.051105192559501 ] ] } },
{ "type": "Feature", "properties": { "OBJECTID": 59, "Full_Name": "KIRBY DR", "Ped_Death_Count": 0, "Bike_Death_Count": 0, "Veh_Death_Count": 0, "Ped_Crash_Count": 2, "Bike_Crash_Count": 1, "Veh_Crash_Count": 2, "Total_Crash_Count": 5, "RoadLength": 2640.0003, "Miles": 0.5, "CrashRate": 10.0, "Total_Death_Count": 0, "Shape__Length": 2640.000334245346 }, "geometry": { "type": "LineString", "coordinates": [ [ -95.417039783791012, 29.696148019050597 ], [ -95.416824347221024, 29.696001397281787 ], [ -95.416750197822068, 29.695954626243907 ], [ -95.416255309397243, 29.695619606710348 ], [ -95.414363241917229, 29.694448877656185 ], [ -95.41390604877769, 29.693996199328545 ], [ -95.413724936088144, 29.69375526406564 ], [ -95.413062735555755, 29.692779180934529 ], [ -95.412989178369941, 29.692617108017103 ], [ -95.412756936231659, 29.692039279043502 ], [ -95.41270428549818, 29.691893356950189 ], [ -95.412608144335678, 29.691352574328242 ], [ -95.412577241960378, 29.691147170940862 ], [ -95.412587405326718, 29.690747680034779 ], [ -95.412572405432044, 29.690497624963783 ] ] } },
{ "type": "Feature", "properties": { "OBJECTID": 60, "Full_Name": "KIRBY DR", "Ped_Death_Count": 1, "Bike_Death_Count": 0, "Veh_Death_Count": 0, "Ped_Crash_Count": 4, "Bike_Crash_Count": 1, "Veh_Crash_Count": 5, "Total_Crash_Count": 10, "RoadLength": 2639.9998, "Miles": 0.5, "CrashRate": 20.0, "Total_Death_Count": 1, "Shape__Length": 2639.9998278836788 }, "geometry": { "type": "LineString", "coordinates": [ [ -95.418651095757809, 29.732123021908048 ], [ -95.418649420659165, 29.732051905150318 ], [ -95.418661942657764, 29.730986133967885 ], [ -95.418657017609831, 29.730754222155948 ], [ -95.418656747215181, 29.730741475657187 ], [ -95.41865332109758, 29.730580042238497 ], [ -95.418650369591731, 29.730441007522156 ], [ -95.418645270038638, 29.730200779295224 ], [ -95.41863281030939, 29.729336179515247 ], [ -95.418622115694149, 29.728594119839823 ], [ -95.418611830052939, 29.727869171891239 ], [ -95.418606221847824, 29.727648894083821 ], [ -95.418601643666051, 29.727201041860955 ], [ -95.41860168871689, 29.726358730265453 ], [ -95.418581062602939, 29.725489981921854 ], [ -95.418562398925189, 29.72486379903307 ] ] } },
{ "type": "Feature", "properties": { "OBJECTID": 61, "Full_Name": "LEE ST", "Ped_Death_Count": 0, "Bike_Death_Count": 0, "Veh_Death_Count": 0, "Ped_Crash_Count": 1, "Bike_Crash_Count": 1, "Veh_Crash_Count": 1, "Total_Crash_Count": 3, "RoadLength": 2221.0714, "Miles": 0.4207, "CrashRate": 7.13, "Total_Death_Count": 0, "Shape__Length": 2221.0713525917849 }, "geometry": { "type": "LineString", "coordinates": [ [ -95.337981606122895, 29.781806157060736 ], [ -95.337489305950712, 29.781816235472135 ], [ -95.336654309262642, 29.781825364587398 ], [ -95.335821682165559, 29.781841398229282 ], [ -95.335010540299791, 29.781842040606879 ], [ -95.334217366219846, 29.781852297321578 ], [ -95.333428483996911, 29.781852396188778 ], [ -95.332630082933619, 29.781862501423905 ], [ -95.331796352211441, 29.781872774115733 ], [ -95.330980614180447, 29.781888821134491 ] ] } },
{ "type": "Feature", "properties": { "OBJECTID": 62, "Full_Name": "LEY RD", "Ped_Death_Count": 0, "Bike_Death_Count": 0, "Veh_Death_Count": 1, "Ped_Crash_Count": 1, "Bike_Crash_Count": 1, "Veh_Crash_Count": 5, "Total_Crash_Count": 7, "RoadLength": 2639.9999, "Miles": 0.5, "CrashRate": 14.0, "Total_Death_Count": 1, "Shape__Length": 2639.9999080591397 }, "geometry": { "type": "LineString", "coordinates": [ [ -95.302012451362614, 29.831368783418654 ], [ -95.297989977286207, 29.831353850210771 ], [ -95.293737091110103, 29.831350136410617 ], [ -95.293685933972313, 29.831349741518277 ] ] } },
{ "type": "Feature", "properties": { "OBJECTID": 63, "Full_Name": "LITTLE YORK RD", "Ped_Death_Count": 0, "Bike_Death_Count": 0, "Veh_Death_Count": 2, "Ped_Crash_Count": 0, "Bike_Crash_Count": 2, "Veh_Crash_Count": 5, "Total_Crash_Count": 7, "RoadLength": 2639.9998, "Miles": 0.5, "CrashRate": 14.0, "Total_Death_Count": 2, "Shape__Length": 2639.9998384053315 }, "geometry": { "type": "LineString", "coordinates": [ [ -95.384857353024543, 29.87005005275104 ], [ -95.383777049156677, 29.870046385245807 ], [ -95.382823372750664, 29.870058871483991 ], [ -95.380010421898376, 29.870107743452394 ], [ -95.37951074104069, 29.870107417750582 ], [ -95.378601479228777, 29.870117799779994 ], [ -95.37770377612668, 29.870128471525881 ], [ -95.376844332465055, 29.870142863201544 ], [ -95.376528683289692, 29.870148108843715 ] ] } },
{ "type": "Feature", "properties": { "OBJECTID": 64, "Full_Name": "LOCKWOOD DR", "Ped_Death_Count": 0, "Bike_Death_Count": 0, "Veh_Death_Count": 0, "Ped_Crash_Count": 2, "Bike_Crash_Count": 1, "Veh_Crash_Count": 1, "Total_Crash_Count": 4, "RoadLength": 2640.0003, "Miles": 0.5, "CrashRate": 8.0, "Total_Death_Count": 0, "Shape__Length": 2640.0002623345681 }, "geometry": { "type": "LineString", "coordinates": [ [ -95.317014967626648, 29.80343003363414 ], [ -95.317020564759048, 29.803950313637735 ], [ -95.317064390919882, 29.805940869561823 ], [ -95.31707598728363, 29.807486447551611 ], [ -95.317071446824968, 29.807951503994104 ], [ -95.317086292166834, 29.808979044351677 ], [ -95.317098347003082, 29.809312428717345 ], [ -95.317104921012216, 29.809494263686176 ], [ -95.317115495552528, 29.809786707525621 ], [ -95.317125730604275, 29.810688988587572 ] ] } },
{ "type": "Feature", "properties": { "OBJECTID": 65, "Full_Name": "LYONS AVE", "Ped_Death_Count": 0, "Bike_Death_Count": 0, "Veh_Death_Count": 0, "Ped_Crash_Count": 0, "Bike_Crash_Count": 1, "Veh_Crash_Count": 2, "Total_Crash_Count": 3, "RoadLength": 2639.9999, "Miles": 0.5, "CrashRate": 6.0, "Total_Death_Count": 0, "Shape__Length": 2639.9998634988242 }, "geometry": { "type": "LineString", "coordinates": [ [ -95.311882273541883, 29.77651504057139 ], [ -95.311539576736166, 29.776519003025008 ], [ -95.311479553673664, 29.776517351023024 ], [ -95.311012794275214, 29.776516595837343 ], [ -95.310494811134063, 29.776503376456578 ], [ -95.309991696947563, 29.776508638769709 ], [ -95.309469240640794, 29.776514408242583 ], [ -95.308961074244522, 29.776508473381661 ], [ -95.308434000328077, 29.776514111644428 ], [ -95.307934921207391, 29.776512455466317 ], [ -95.307398761055182, 29.776513807080104 ], [ -95.306839660003234, 29.776510492997105 ], [ -95.306311879529645, 29.776508857656413 ], [ -95.30628551732309, 29.776510379638733 ], [ -95.305898621262855, 29.776513195214388 ], [ -95.305287018415555, 29.776503974539047 ], [ -95.304667204072061, 29.776507315594447 ], [ -95.304263304151164, 29.776507186055138 ], [ -95.303741635894497, 29.776503142835924 ], [ -95.303560859384433, 29.776504313922366 ] ] } },
{ "type": "Feature", "properties": { "OBJECTID": 66, "Full_Name": "MARKET ST", "Ped_Death_Count": 0, "Bike_Death_Count": 1, "Veh_Death_Count": 0, "Ped_Crash_Count": 0, "Bike_Crash_Count": 1, "Veh_Crash_Count": 3, "Total_Crash_Count": 4, "RoadLength": 2639.9999, "Miles": 0.5, "CrashRate": 8.0, "Total_Death_Count": 1, "Shape__Length": 2639.9998841125553 }, "geometry": { "type": "LineString", "coordinates": [ [ -95.296590464347162, 29.772539972207092 ], [ -95.296509354489913, 29.772530624783293 ], [ -95.296217127696679, 29.772522545804904 ], [ -95.294618464782189, 29.772568007490708 ], [ -95.293016350694018, 29.772599558998536 ], [ -95.292644265508997, 29.772613403586977 ], [ -95.292194390466264, 29.772700967096473 ], [ -95.291416436671298, 29.772896699692318 ], [ -95.291124581989152, 29.772878273386109 ], [ -95.289905746930089, 29.772840686299663 ], [ -95.289511544536637, 29.772832541606409 ], [ -95.289163164832502, 29.772789476975067 ], [ -95.288325502675917, 29.77269840167283 ] ] } },
{ "type": "Feature", "properties": { "OBJECTID": 67, "Full_Name": "MARTIN LUTHER KING BLVD", "Ped_Death_Count": 0, "Bike_Death_Count": 0, "Veh_Death_Count": 2, "Ped_Crash_Count": 2, "Bike_Crash_Count": 1, "Veh_Crash_Count": 3, "Total_Crash_Count": 6, "RoadLength": 2640.0001, "Miles": 0.5, "CrashRate": 12.0, "Total_Death_Count": 2, "Shape__Length": 2640.0001176092328 }, "geometry": { "type": "LineString", "coordinates": [ [ -95.336407896735167, 29.674073531076925 ], [ -95.336405536124886, 29.673873515882086 ], [ -95.336436086141774, 29.673756488774384 ], [ -95.336556789841424, 29.672962962771312 ], [ -95.336819897081526, 29.672239561208617 ], [ -95.336957928395506, 29.671880912095759 ], [ -95.337234640681984, 29.670778196391907 ], [ -95.337303296506619, 29.669979979388227 ], [ -95.337287398414304, 29.669192370956061 ], [ -95.337252332302626, 29.668402676252089 ], [ -95.337227413301292, 29.667598387075259 ], [ -95.337221567345637, 29.667379428844612 ], [ -95.337209567259123, 29.666929964741641 ], [ -95.337209026851099, 29.6669082635721 ] ] } },
{ "type": "Feature", "properties": { "OBJECTID": 68, "Full_Name": "MARTIN LUTHER KING BLVD", "Ped_Death_Count": 2, "Bike_Death_Count": 0, "Veh_Death_Count": 0, "Ped_Crash_Count": 3, "Bike_Crash_Count": 1, "Veh_Crash_Count": 2, "Total_Crash_Count": 6, "RoadLength": 2639.9998, "Miles": 0.5, "CrashRate": 12.0, "Total_Death_Count": 2, "Shape__Length": 2639.9997937370958 }, "geometry": { "type": "LineString", "coordinates": [ [ -95.338676692971191, 29.680630792297578 ], [ -95.338585269398422, 29.680519342520679 ], [ -95.337813428117769, 29.679940507201206 ], [ -95.337125718941664, 29.679346380757892 ], [ -95.336826439765431, 29.678943692858169 ], [ -95.336611993859833, 29.678450180955281 ], [ -95.33650205730838, 29.676967804846992 ], [ -95.336445763822354, 29.676202638984815 ], [ -95.336437139118431, 29.67541840805783 ], [ -95.336403532900562, 29.674679586768562 ], [ -95.336409687040955, 29.674225229244097 ], [ -95.336407896735167, 29.674073531076925 ] ] } },
{ "type": "Feature", "properties": { "OBJECTID": 69, "Full_Name": "MC GOWEN ST", "Ped_Death_Count": 0, "Bike_Death_Count": 0, "Veh_Death_Count": 0, "Ped_Crash_Count": 0, "Bike_Crash_Count": 1, "Veh_Crash_Count": 3, "Total_Crash_Count": 4, "RoadLength": 2639.9999, "Miles": 0.5, "CrashRate": 8.0, "Total_Death_Count": 0, "Shape__Length": 2639.9998505443309 }, "geometry": { "type": "LineString", "coordinates": [ [ -95.368106844687318, 29.741787431473576 ], [ -95.368067200952424, 29.741763041639288 ], [ -95.367187701496476, 29.741257696919813 ], [ -95.366369220630304, 29.740757792362775 ], [ -95.366081185600905, 29.740581747784926 ], [ -95.365862051654858, 29.740447814572338 ], [ -95.365706652434483, 29.740352835296225 ], [ -95.365473120382049, 29.740210100620956 ], [ -95.365178350510377, 29.740029936527343 ], [ -95.364617970592889, 29.739706457547825 ], [ -95.363778238845271, 29.739193173235172 ], [ -95.363438236377078, 29.738994916324724 ], [ -95.362924126120404, 29.73867224536275 ], [ -95.362081204217475, 29.738176899521264 ], [ -95.361252993343015, 29.73767366202523 ] ] } },
{ "type": "Feature", "properties": { "OBJECTID": 70, "Full_Name": "MCDUFFIE ST", "Ped_Death_Count": 0, "Bike_Death_Count": 0, "Veh_Death_Count": 0, "Ped_Crash_Count": 1, "Bike_Crash_Count": 1, "Veh_Crash_Count": 0, "Total_Crash_Count": 2, "RoadLength": 1486.0472, "Miles": 0.2814, "CrashRate": 7.11, "Total_Death_Count": 0, "Shape__Length": 1486.0471719646832 }, "geometry": { "type": "LineString", "coordinates": [ [ -95.408402644855755, 29.756408296131106 ], [ -95.408389878538657, 29.756000030069561 ], [ -95.408377168123693, 29.75551152003289 ], [ -95.408379293505519, 29.755058355831515 ], [ -95.408375984101625, 29.754355363300792 ], [ -95.408373143591092, 29.753751561932713 ], [ -95.408349915454167, 29.75305732897878 ], [ -95.408350074263353, 29.752322237484833 ] ] } },
{ "type": "Feature", "properties": { "OBJECTID": 71, "Full_Name": "MCKINNEY ST", "Ped_Death_Count": 0, "Bike_Death_Count": 1, "Veh_Death_Count": 1, "Ped_Crash_Count": 0, "Bike_Crash_Count": 1, "Veh_Crash_Count": 2, "Total_Crash_Count": 3, "RoadLength": 2640.0, "Miles": 0.5, "CrashRate": 6.0, "Total_Death_Count": 2, "Shape__Length": 2639.999988430588 }, "geometry": { "type": "LineString", "coordinates": [ [ -95.35071069117744, 29.748386838824612 ], [ -95.350350676928826, 29.748166241706418 ], [ -95.349499146993907, 29.747650920146388 ], [ -95.3486524933612, 29.747156238145173 ], [ -95.348624910176667, 29.74713745818363 ], [ -95.347790632095084, 29.746622498742802 ], [ -95.346942473550683, 29.746099410378886 ], [ -95.346187973728235, 29.745650438401452 ], [ -95.346099076928482, 29.74559251654248 ], [ -95.345665202657543, 29.745335673981625 ], [ -95.345229705113113, 29.745067464292504 ], [ -95.345082590582138, 29.744979235810053 ], [ -95.344343590781406, 29.7445525213869 ], [ -95.343865564413122, 29.744261364965741 ] ] } },
{ "type": "Feature", "properties": { "OBJECTID": 72, "Full_Name": "MEMORIAL DR", "Ped_Death_Count": 0, "Bike_Death_Count": 0, "Veh_Death_Count": 0, "Ped_Crash_Count": 1, "Bike_Crash_Count": 1, "Veh_Crash_Count": 2, "Total_Crash_Count": 4, "RoadLength": 2640.0, "Miles": 0.5, "CrashRate": 8.0, "Total_Death_Count": 0, "Shape__Length": 2640.0000233415299 }, "geometry": { "type": "LineString", "coordinates": [ [ -95.606028667440185, 29.770097036588467 ], [ -95.606274178339191, 29.77009607740424 ], [ -95.606611436200168, 29.77009475567856 ], [ -95.606937591752015, 29.770086936644304 ], [ -95.607104947821554, 29.770082924837737 ], [ -95.607326679672681, 29.770077609555091 ], [ -95.607439105500319, 29.770076670117618 ], [ -95.6078356771214, 29.770064336670554 ], [ -95.60801591724362, 29.770062209556905 ], [ -95.608575573065778, 29.770063000601919 ], [ -95.608901895756219, 29.770089664276728 ], [ -95.609380856340636, 29.770170336161396 ], [ -95.609510192658647, 29.77020036347993 ], [ -95.609635481105698, 29.770236977496236 ], [ -95.610242314166783, 29.770432930050291 ], [ -95.610636277405305, 29.770634405193277 ], [ -95.612925223994466, 29.771862220310929 ], [ -95.613569254186601, 29.772198314586031 ], [ -95.61369320310915, 29.772274238180419 ] ] } },
{ "type": "Feature", "properties": { "OBJECTID": 73, "Full_Name": "MESA DR", "Ped_Death_Count": 0, "Bike_Death_Count": 0, "Veh_Death_Count": 0, "Ped_Crash_Count": 1, "Bike_Crash_Count": 1, "Veh_Crash_Count": 7, "Total_Crash_Count": 9, "RoadLength": 2640.0, "Miles": 0.5, "CrashRate": 18.0, "Total_Death_Count": 0, "Shape__Length": 2639.9999932814712 }, "geometry": { "type": "LineString", "coordinates": [ [ -95.262219227281463, 29.838079937122647 ], [ -95.262216679556829, 29.838944875774661 ], [ -95.262234168594404, 29.839763596247522 ], [ -95.26225413539963, 29.840587178751949 ], [ -95.262255174604903, 29.841258230898507 ], [ -95.262253549855245, 29.841421317228857 ], [ -95.262260751497195, 29.841701672729677 ], [ -95.262264585308017, 29.842242226694683 ], [ -95.26226873936865, 29.842597640906803 ], [ -95.262274496421867, 29.843074769823197 ], [ -95.262288070992398, 29.84356931964734 ], [ -95.262297302469136, 29.844139724296369 ], [ -95.26230987866343, 29.844916745756532 ], [ -95.262308993010578, 29.845278158266257 ], [ -95.262309409852435, 29.845339044139667 ] ] } },
{ "type": "Feature", "properties": { "OBJECTID": 74, "Full_Name": "MESA DR", "Ped_Death_Count": 0, "Bike_Death_Count": 0, "Veh_Death_Count": 0, "Ped_Crash_Count": 2, "Bike_Crash_Count": 2, "Veh_Crash_Count": 4, "Total_Crash_Count": 8, "RoadLength": 2639.9999, "Miles": 0.5, "CrashRate": 16.0, "Total_Death_Count": 0, "Shape__Length": 2639.9998790854106 }, "geometry": { "type": "LineString", "coordinates": [ [ -95.262392561722862, 29.852596241630668 ], [ -95.262388803944603, 29.852875060375524 ], [ -95.262385605511639, 29.853512911804682 ], [ -95.26239709552604, 29.854944978113711 ], [ -95.262399757234121, 29.855181663930882 ], [ -95.262405792656054, 29.855718239338191 ], [ -95.262413777603683, 29.856428192751267 ], [ -95.26241994443798, 29.856976520718042 ], [ -95.262422784131857, 29.857856640156541 ], [ -95.262417142536222, 29.858723882075211 ], [ -95.262430081860174, 29.859623327819349 ], [ -95.26243159431732, 29.859855804627163 ] ] } },
{ "type": "Feature", "properties": { "OBJECTID": 75, "Full_Name": "MONROE RD", "Ped_Death_Count": 0, "Bike_Death_Count": 0, "Veh_Death_Count": 0, "Ped_Crash_Count": 0, "Bike_Crash_Count": 1, "Veh_Crash_Count": 2, "Total_Crash_Count": 3, "RoadLength": 2640.0001, "Miles": 0.5, "CrashRate": 6.0, "Total_Death_Count": 0, "Shape__Length": 2640.0000689791864 }, "geometry": { "type": "LineString", "coordinates": [ [ -95.266760328298304, 29.62118901969826 ], [ -95.266755538098437, 29.620972313548538 ], [ -95.266737847855197, 29.619916472336637 ], [ -95.266722724647394, 29.61886726527824 ], [ -95.266652638660617, 29.617814979814291 ], [ -95.266644852423781, 29.616751791492405 ], [ -95.266630307307295, 29.616032562899107 ], [ -95.266638245638205, 29.615703176001588 ], [ -95.266621382135014, 29.614403649502702 ], [ -95.266616039436641, 29.613931063570949 ] ] } },
{ "type": "Feature", "properties": { "OBJECTID": 76, "Full_Name": "MONTROSE BLVD", "Ped_Death_Count": 0, "Bike_Death_Count": 0, "Veh_Death_Count": 0, "Ped_Crash_Count": 3, "Bike_Crash_Count": 1, "Veh_Crash_Count": 0, "Total_Crash_Count": 4, "RoadLength": 2639.9998, "Miles": 0.5, "CrashRate": 8.0, "Total_Death_Count": 0, "Shape__Length": 2639.9998147255938 }, "geometry": { "type": "LineString", "coordinates": [ [ -95.391252076767245, 29.744413177407619 ], [ -95.391245605117817, 29.743454255176985 ], [ -95.391217815764776, 29.742366150261329 ], [ -95.39120917282041, 29.741334925923443 ], [ -95.391195351948241, 29.74047878737067 ], [ -95.391189685840203, 29.739630812648166 ], [ -95.391173564921971, 29.738776401711508 ], [ -95.391165243122543, 29.737867361847197 ], [ -95.391149533480288, 29.737153810114684 ] ] } },
{ "type": "Feature", "properties": { "OBJECTID": 77, "Full_Name": "MULLINS DR", "Ped_Death_Count": 1, "Bike_Death_Count": 1, "Veh_Death_Count": 0, "Ped_Crash_Count": 1, "Bike_Crash_Count": 2, "Veh_Crash_Count": 3, "Total_Crash_Count": 6, "RoadLength": 2640.0002, "Miles": 0.5, "CrashRate": 12.0, "Total_Death_Count": 2, "Shape__Length": 2640.0001943109014 }, "geometry": { "type": "LineString", "coordinates": [ [ -95.48679653912717, 29.710877232790576 ], [ -95.486780926219438, 29.710049600446968 ], [ -95.486768997066648, 29.709137607071035 ], [ -95.486758620984745, 29.7082462861155 ], [ -95.4867460930204, 29.707338844000951 ], [ -95.486725515707732, 29.706080040806775 ], [ -95.486719341136606, 29.705530474181767 ], [ -95.486712202722117, 29.704708224304834 ], [ -95.486701065136259, 29.703706192715611 ], [ -95.48670001832798, 29.703617622248768 ] ] } },
{ "type": "Feature", "properties": { "OBJECTID": 78, "Full_Name": "N CESAR CHAVEZ BLVD", "Ped_Death_Count": 0, "Bike_Death_Count": 0, "Veh_Death_Count": 0, "Ped_Crash_Count": 0, "Bike_Crash_Count": 1, "Veh_Crash_Count": 2, "Total_Crash_Count": 3, "RoadLength": 2640.0, "Miles": 0.5, "CrashRate": 6.0, "Total_Death_Count": 0, "Shape__Length": 2640.0000489992003 }, "geometry": { "type": "LineString", "coordinates": [ [ -95.305445019342315, 29.744374763253401 ], [ -95.305182478346822, 29.744985860922341 ], [ -95.30486139110991, 29.745761666760309 ], [ -95.304584709686523, 29.746427022702267 ], [ -95.304299831049235, 29.747091145437956 ], [ -95.304028144078927, 29.747753039852771 ], [ -95.303762531624031, 29.748400525620234 ], [ -95.303481272241115, 29.749062784866915 ], [ -95.303219451431787, 29.749715351530806 ], [ -95.302941987870895, 29.750383197244236 ], [ -95.302658525336312, 29.75103886929784 ], [ -95.302594763216618, 29.751195257392119 ] ] } },
{ "type": "Feature", "properties": { "OBJECTID": 79, "Full_Name": "N CHARTRES ST", "Ped_Death_Count": 0, "Bike_Death_Count": 0, "Veh_Death_Count": 0, "Ped_Crash_Count": 1, "Bike_Crash_Count": 1, "Veh_Crash_Count": 3, "Total_Crash_Count": 5, "RoadLength": 1705.36, "Miles": 0.323, "CrashRate": 15.48, "Total_Death_Count": 0, "Shape__Length": 1705.3600335330843 }, "geometry": { "type": "LineString", "coordinates": [ [ -95.349129868995092, 29.763871153058147 ], [ -95.349307003374406, 29.763132918775806 ], [ -95.349389396166032, 29.762252671149472 ], [ -95.34945065751414, 29.761536799877671 ], [ -95.34957245460869, 29.760662988100776 ], [ -95.349622297287908, 29.760463200137675 ], [ -95.349707411699541, 29.760261251592073 ], [ -95.349808951137888, 29.760026958191315 ], [ -95.349956711531718, 29.759840669523914 ], [ -95.350302420198261, 29.759371761721969 ] ] } },
{ "type": "Feature", "properties": { "OBJECTID": 80, "Full_Name": "N SHEPHERD DR", "Ped_Death_Count": 0, "Bike_Death_Count": 0, "Veh_Death_Count": 0, "Ped_Crash_Count": 0, "Bike_Crash_Count": 1, "Veh_Crash_Count": 6, "Total_Crash_Count": 7, "RoadLength": 2640.0002, "Miles": 0.5, "CrashRate": 14.0, "Total_Death_Count": 0, "Shape__Length": 2640.0002101544624 }, "geometry": { "type": "LineString", "coordinates": [ [ -95.410417107209355, 29.816683855342056 ], [ -95.410438660280875, 29.817421816747903 ], [ -95.410430740493823, 29.817729985023202 ], [ -95.410435576076225, 29.818413157793863 ], [ -95.410439257191683, 29.819098898219728 ], [ -95.410461172497548, 29.819817593772623 ], [ -95.410479940958538, 29.820960891101489 ], [ -95.410506395466484, 29.822130309500789 ], [ -95.410527268189725, 29.823361046929534 ], [ -95.410537822226118, 29.823942605273878 ] ] } },
{ "type": "Feature", "properties": { "OBJECTID": 81, "Full_Name": "N WAYSIDE DR", "Ped_Death_Count": 0, "Bike_Death_Count": 1, "Veh_Death_Count": 1, "Ped_Crash_Count": 0, "Bike_Crash_Count": 1, "Veh_Crash_Count": 10, "Total_Crash_Count": 11, "RoadLength": 2640.0, "Miles": 0.5, "CrashRate": 22.0, "Total_Death_Count": 2, "Shape__Length": 2639.9999975930623 }, "geometry": { "type": "LineString", "coordinates": [ [ -95.292152023053561, 29.770913943731706 ], [ -95.291931590714285, 29.771231469630706 ], [ -95.291805980124522, 29.771424564701263 ], [ -95.291708762386719, 29.771597754964208 ], [ -95.291578516190015, 29.771918322919028 ], [ -95.291496031878694, 29.772229865939838 ], [ -95.291435796321636, 29.772473051560603 ], [ -95.291416436671298, 29.772896699692318 ], [ -95.291405598407096, 29.773303338757032 ], [ -95.291404409969914, 29.773444699267067 ], [ -95.291439773842754, 29.773994012931052 ], [ -95.291466552476209, 29.774670687475748 ], [ -95.291492703092771, 29.775364586614362 ], [ -95.291451344983102, 29.776066964002908 ], [ -95.291517127770163, 29.776731884942667 ], [ -95.291516799987662, 29.777381705101053 ], [ -95.291534203357074, 29.777654671741725 ], [ -95.291545535085348, 29.777832413544346 ], [ -95.29155824660269, 29.778031800082797 ] ] } },
{ "type": "Feature", "properties": { "OBJECTID": 82, "Full_Name": "NAVIGATION BLVD", "Ped_Death_Count": 1, "Bike_Death_Count": 1, "Veh_Death_Count": 1, "Ped_Crash_Count": 1, "Bike_Crash_Count": 1, "Veh_Crash_Count": 4, "Total_Crash_Count": 6, "RoadLength": 2639.9998, "Miles": 0.5, "CrashRate": 12.0, "Total_Death_Count": 3, "Shape__Length": 2639.999777777175 }, "geometry": { "type": "LineString", "coordinates": [ [ -95.305257831842596, 29.745889425962471 ], [ -95.30486139110991, 29.745761666760309 ], [ -95.302897488218747, 29.745107025402802 ], [ -95.300899416187249, 29.744459168707159 ], [ -95.29908832025869, 29.743885291054479 ], [ -95.298891340869218, 29.743815504952472 ], [ -95.298539839452843, 29.743701122718118 ], [ -95.298239878828227, 29.743600684855021 ], [ -95.297459843824896, 29.743360370174255 ] ] } },
{ "type": "Feature", "properties": { "OBJECTID": 83, "Full_Name": "NETT ST", "Ped_Death_Count": 0, "Bike_Death_Count": 0, "Veh_Death_Count": 1, "Ped_Crash_Count": 0, "Bike_Crash_Count": 1, "Veh_Crash_Count": 1, "Total_Crash_Count": 2, "RoadLength": 1428.5989, "Miles": 0.2706, "CrashRate": 7.39, "Total_Death_Count": 1, "Shape__Length": 1428.5988596658351 }, "geometry": { "type": "LineString", "coordinates": [ [ -95.406167837528244, 29.771978018751465 ], [ -95.407281342118495, 29.771969687543763 ], [ -95.408291858242961, 29.771946810871079 ], [ -95.408369182780405, 29.771951064066368 ], [ -95.409493208215494, 29.771938956186588 ], [ -95.409735483012426, 29.771929081079502 ], [ -95.410612410750659, 29.771922431134005 ], [ -95.410670072428672, 29.771920986850009 ] ] } },
{ "type": "Feature", "properties": { "OBJECTID": 84, "Full_Name": "NORTHCOURT RD", "Ped_Death_Count": 0, "Bike_Death_Count": 0, "Veh_Death_Count": 0, "Ped_Crash_Count": 0, "Bike_Crash_Count": 1, "Veh_Crash_Count": 4, "Total_Crash_Count": 5, "RoadLength": 2640.0, "Miles": 0.5, "CrashRate": 10.0, "Total_Death_Count": 0, "Shape__Length": 2639.9999970095414 }, "geometry": { "type": "LineString", "coordinates": [ [ -95.500168131021255, 29.863206195909655 ], [ -95.501753668257848, 29.863223886211063 ], [ -95.502347469119428, 29.863208206587604 ], [ -95.502921715926888, 29.863143409139255 ], [ -95.50326187855795, 29.863040625382126 ], [ -95.503574874768333, 29.862946048616546 ], [ -95.505583923727826, 29.862050406721085 ], [ -95.506503626687319, 29.861611390531909 ], [ -95.506933200127591, 29.861428132839578 ], [ -95.507278834278978, 29.861357360760991 ], [ -95.507605785807996, 29.861330975383712 ], [ -95.508017970937019, 29.861328266725639 ] ] } },
{ "type": "Feature", "properties": { "OBJECTID": 85, "Full_Name": "NORTHLINE DR", "Ped_Death_Count": 0, "Bike_Death_Count": 1, "Veh_Death_Count": 0, "Ped_Crash_Count": 1, "Bike_Crash_Count": 1, "Veh_Crash_Count": 0, "Total_Crash_Count": 2, "RoadLength": 2192.6513, "Miles": 0.4153, "CrashRate": 4.82, "Total_Death_Count": 1, "Shape__Length": 2192.651303277084 }, "geometry": { "type": "LineString", "coordinates": [ [ -95.397820097764495, 29.869376577744902 ], [ -95.397827622129668, 29.869909056369139 ], [ -95.397837723316925, 29.870704527586724 ], [ -95.397842752778132, 29.871100665348049 ], [ -95.397852085586621, 29.871909909613333 ], [ -95.39787009563203, 29.87271188491513 ], [ -95.39788258211378, 29.873631646507043 ], [ -95.397886897660655, 29.874543833805387 ], [ -95.397902624587033, 29.875405694291661 ] ] } },
{ "type": "Feature", "properties": { "OBJECTID": 86, "Full_Name": "OLD FARM RD", "Ped_Death_Count": 2, "Bike_Death_Count": 0, "Veh_Death_Count": 0, "Ped_Crash_Count": 3, "Bike_Crash_Count": 1, "Veh_Crash_Count": 0, "Total_Crash_Count": 4, "RoadLength": 2640.0001, "Miles": 0.5, "CrashRate": 8.0, "Total_Death_Count": 2, "Shape__Length": 2640.0001208640988 }, "geometry": { "type": "LineString", "coordinates": [ [ -95.510079339771579, 29.737506099372901 ], [ -95.510083351523036, 29.7375494393889 ], [ -95.510082872367548, 29.738560050332566 ], [ -95.510298369918146, 29.739456999697246 ], [ -95.510586037275374, 29.739967100646101 ], [ -95.510690545286181, 29.740119944006615 ], [ -95.511041422496774, 29.740550913895081 ], [ -95.511383484567162, 29.740960118057743 ], [ -95.512162000598693, 29.74139372944374 ], [ -95.513194608693979, 29.741668618675543 ], [ -95.514048808654223, 29.741736743810378 ], [ -95.514910025504804, 29.741713264979726 ], [ -95.515206511238219, 29.741697771318989 ] ] } },
{ "type": "Feature", "properties": { "OBJECTID": 87, "Full_Name": "OLD SPANISH TRL", "Ped_Death_Count": 1, "Bike_Death_Count": 0, "Veh_Death_Count": 0, "Ped_Crash_Count": 4, "Bike_Crash_Count": 1, "Veh_Crash_Count": 3, "Total_Crash_Count": 8, "RoadLength": 2639.9999, "Miles": 0.5, "CrashRate": 16.0, "Total_Death_Count": 1, "Shape__Length": 2639.999908207159 }, "geometry": { "type": "LineString", "coordinates": [ [ -95.417367121045004, 29.690533054277036 ], [ -95.417013404022455, 29.690910234136037 ], [ -95.416019375597827, 29.691647327068736 ], [ -95.415651267453924, 29.691877887205852 ], [ -95.415535889768719, 29.691950150181299 ], [ -95.415105394253402, 29.692154231573092 ], [ -95.414644057241006, 29.692357486729026 ], [ -95.414434164388268, 29.692422276838297 ], [ -95.413062735555755, 29.692779180934529 ], [ -95.412515519081865, 29.692903185516897 ], [ -95.411644916664741, 29.693108055707508 ], [ -95.411301258488933, 29.693188924667869 ], [ -95.410685868110804, 29.693341289200461 ], [ -95.40997887073955, 29.693516333541538 ] ] } },
{ "type": "Feature", "properties": { "OBJECTID": 88, "Full_Name": "OLD SPANISH TRL", "Ped_Death_Count": 0, "Bike_Death_Count": 0, "Veh_Death_Count": 0, "Ped_Crash_Count": 1, "Bike_Crash_Count": 1, "Veh_Crash_Count": 2, "Total_Crash_Count": 4, "RoadLength": 2640.0002, "Miles": 0.5, "CrashRate": 8.0, "Total_Death_Count": 0, "Shape__Length": 2640.0002195244838 }, "geometry": { "type": "LineString", "coordinates": [ [ -95.393954392961987, 29.697392843943376 ], [ -95.393590307692435, 29.697478544049076 ], [ -95.393031370547192, 29.697610106214256 ], [ -95.392069499370734, 29.69782942976973 ], [ -95.391537397867694, 29.697959022447726 ], [ -95.390613503712913, 29.698153964949118 ], [ -95.389773575875736, 29.698315778158797 ], [ -95.386890398382107, 29.69887835798108 ], [ -95.38586505637322, 29.699068604633133 ] ] } },
{ "type": "Feature", "properties": { "OBJECTID": 89, "Full_Name": "OLD SPANISH TRL", "Ped_Death_Count": 0, "Bike_Death_Count": 0, "Veh_Death_Count": 0, "Ped_Crash_Count": 1, "Bike_Crash_Count": 1, "Veh_Crash_Count": 4, "Total_Crash_Count": 6, "RoadLength": 2640.0, "Miles": 0.5, "CrashRate": 12.0, "Total_Death_Count": 0, "Shape__Length": 2639.9999602116245 }, "geometry": { "type": "LineString", "coordinates": [ [ -95.40997887073955, 29.693516333541538 ], [ -95.409797762038323, 29.693561172762994 ], [ -95.409564331528529, 29.693618967668797 ], [ -95.409188754967332, 29.693710545922027 ], [ -95.409043949246268, 29.693745819822112 ], [ -95.408570907926986, 29.693861052228712 ], [ -95.407997662610228, 29.694005935171568 ], [ -95.404765306461201, 29.694784075673578 ], [ -95.404122554455682, 29.694947834004047 ], [ -95.403086304667994, 29.695172381035583 ], [ -95.401966542753541, 29.695456597034273 ] ] } },
{ "type": "Feature", "properties": { "OBJECTID": 90, "Full_Name": "OLD SPANISH TRL", "Ped_Death_Count": 2, "Bike_Death_Count": 1, "Veh_Death_Count": 0, "Ped_Crash_Count": 5, "Bike_Crash_Count": 1, "Veh_Crash_Count": 4, "Total_Crash_Count": 10, "RoadLength": 2640.0001, "Miles": 0.5, "CrashRate": 20.0, "Total_Death_Count": 3, "Shape__Length": 2640.0000692695967 }, "geometry": { "type": "LineString", "coordinates": [ [ -95.363402906818209, 29.702057378688462 ], [ -95.363253554688015, 29.702066001920844 ], [ -95.362205777647347, 29.702126490270029 ], [ -95.361297034364767, 29.702178945691855 ], [ -95.360316560795255, 29.702252039609334 ], [ -95.359441531086219, 29.702296045183434 ], [ -95.35853985925597, 29.70235262706753 ], [ -95.358140238904369, 29.702387483639541 ], [ -95.357317812761238, 29.702424655408393 ], [ -95.355105994375762, 29.702542094482002 ] ] } },
{ "type": "Feature", "properties": { "OBJECTID": 91, "Full_Name": "OLD SPANISH TRL", "Ped_Death_Count": 0, "Bike_Death_Count": 0, "Veh_Death_Count": 0, "Ped_Crash_Count": 0, "Bike_Crash_Count": 1, "Veh_Crash_Count": 3, "Total_Crash_Count": 4, "RoadLength": 2639.9999, "Miles": 0.5, "CrashRate": 8.0, "Total_Death_Count": 0, "Shape__Length": 2639.999895591427 }, "geometry": { "type": "LineString", "coordinates": [ [ -95.339626145604896, 29.70760118300359 ], [ -95.338997841499477, 29.707851731259815 ], [ -95.337771436754394, 29.708366412668383 ], [ -95.337338597091232, 29.708570266481829 ], [ -95.336990071761491, 29.708719507939023 ], [ -95.336709746755488, 29.708829880280984 ], [ -95.335813229066858, 29.709128981468098 ], [ -95.335489785274291, 29.709224025569391 ], [ -95.334969040795698, 29.709354604753148 ], [ -95.334662758126683, 29.709431405622663 ], [ -95.334257306874335, 29.709524871251784 ], [ -95.332977320509883, 29.709823561858872 ], [ -95.332131020929253, 29.710040424979464 ], [ -95.331849030096166, 29.71009857901392 ] ] } },
{ "type": "Feature", "properties": { "OBJECTID": 92, "Full_Name": "PARK PLACE BLVD", "Ped_Death_Count": 1, "Bike_Death_Count": 1, "Veh_Death_Count": 0, "Ped_Crash_Count": 2, "Bike_Crash_Count": 1, "Veh_Crash_Count": 1, "Total_Crash_Count": 4, "RoadLength": 2640.0001, "Miles": 0.5, "CrashRate": 8.0, "Total_Death_Count": 2, "Shape__Length": 2640.0001407107275 }, "geometry": { "type": "LineString", "coordinates": [ [ -95.296309706067674, 29.685148996810028 ], [ -95.29579872537883, 29.685142635304139 ], [ -95.295404827325441, 29.685153356146806 ], [ -95.295204529698665, 29.685154715227611 ], [ -95.292994912218106, 29.68522253513331 ], [ -95.290915391485385, 29.685253347944325 ], [ -95.290355565730096, 29.685272833595292 ], [ -95.289266262705127, 29.685300750373305 ], [ -95.288903485221482, 29.685305653559041 ], [ -95.287998384609381, 29.685330631393136 ] ] } },
{ "type": "Feature", "properties": { "OBJECTID": 93, "Full_Name": "PARK PLACE BLVD", "Ped_Death_Count": 0, "Bike_Death_Count": 0, "Veh_Death_Count": 0, "Ped_Crash_Count": 1, "Bike_Crash_Count": 1, "Veh_Crash_Count": 1, "Total_Crash_Count": 3, "RoadLength": 2639.9999, "Miles": 0.5, "CrashRate": 6.0, "Total_Death_Count": 0, "Shape__Length": 2639.9998698030217 }, "geometry": { "type": "LineString", "coordinates": [ [ -95.287998384609381, 29.685330631393136 ], [ -95.286934086732231, 29.685359994285488 ], [ -95.284327142445804, 29.685403879038848 ], [ -95.283489800262331, 29.685424627099575 ], [ -95.282348101785345, 29.6854436907254 ], [ -95.281701435735229, 29.68545448231875 ], [ -95.280291611490981, 29.685486041830966 ], [ -95.279685899064077, 29.685491281419765 ] ] } },
{ "type": "Feature", "properties": { "OBJECTID": 94, "Full_Name": "PARKER RD", "Ped_Death_Count": 0, "Bike_Death_Count": 1, "Veh_Death_Count": 1, "Ped_Crash_Count": 0, "Bike_Crash_Count": 2, "Veh_Crash_Count": 2, "Total_Crash_Count": 4, "RoadLength": 2640.0002, "Miles": 0.5, "CrashRate": 8.0, "Total_Death_Count": 2, "Shape__Length": 2640.0001766542514 }, "geometry": { "type": "LineString", "coordinates": [ [ -95.343125913670036, 29.859484102980861 ], [ -95.343119645363402, 29.859484161354764 ], [ -95.336730468369552, 29.859542369619756 ], [ -95.336371094758007, 29.859532552281781 ], [ -95.336284275933281, 29.859510080700172 ], [ -95.335985816411124, 29.859422331576067 ], [ -95.335791276184025, 29.859368777834469 ], [ -95.335618418568885, 29.859327874649559 ], [ -95.335420248936359, 29.859298340865138 ], [ -95.334836707092308, 29.859313313928578 ] ] } },
{ "type": "Feature", "properties": { "OBJECTID": 95, "Full_Name": "PARKER RD", "Ped_Death_Count": 0, "Bike_Death_Count": 1, "Veh_Death_Count": 1, "Ped_Crash_Count": 0, "Bike_Crash_Count": 2, "Veh_Crash_Count": 6, "Total_Crash_Count": 8, "RoadLength": 2639.9998, "Miles": 0.5, "CrashRate": 16.0, "Total_Death_Count": 2, "Shape__Length": 2639.9998112768521 }, "geometry": { "type": "LineString", "coordinates": [ [ -95.351454471828248, 29.859431279702623 ], [ -95.349911732147078, 29.859441611170453 ], [ -95.34845755941538, 29.859450116226267 ], [ -95.346585569893421, 29.859460055866247 ], [ -95.345459607871163, 29.859470051727939 ], [ -95.344626946884731, 29.859475707874942 ], [ -95.344370576780904, 29.85947248128603 ], [ -95.343125913670036, 29.859484102980861 ] ] } },
{ "type": "Feature", "properties": { "OBJECTID": 96, "Full_Name": "PARKER RD", "Ped_Death_Count": 0, "Bike_Death_Count": 1, "Veh_Death_Count": 1, "Ped_Crash_Count": 0, "Bike_Crash_Count": 1, "Veh_Crash_Count": 3, "Total_Crash_Count": 4, "RoadLength": 2640.0001, "Miles": 0.5, "CrashRate": 8.0, "Total_Death_Count": 2, "Shape__Length": 2640.0000667799723 }, "geometry": { "type": "LineString", "coordinates": [ [ -95.368096040624849, 29.85901377104291 ], [ -95.368043890423849, 29.859013442093886 ], [ -95.365317452918745, 29.859032087576281 ], [ -95.364709937693746, 29.859033197918762 ], [ -95.363301015744611, 29.859079260732113 ], [ -95.362792993068567, 29.859119830865602 ], [ -95.362317799628087, 29.85915777726483 ], [ -95.362213070375375, 29.859168313134621 ], [ -95.361974679995527, 29.859192296223682 ], [ -95.361799264090337, 29.859208702491273 ], [ -95.361642143320523, 29.859223397842889 ], [ -95.361611467035274, 29.85922626745522 ], [ -95.360801859473966, 29.859287816025084 ], [ -95.360440419027469, 29.859317685459338 ], [ -95.360098280301173, 29.859338156782197 ], [ -95.359782441533767, 29.85934717700226 ] ] } },
{ "type": "Feature", "properties": { "OBJECTID": 97, "Full_Name": "POLK ST", "Ped_Death_Count": 0, "Bike_Death_Count": 0, "Veh_Death_Count": 0, "Ped_Crash_Count": 0, "Bike_Crash_Count": 1, "Veh_Crash_Count": 4, "Total_Crash_Count": 5, "RoadLength": 2640.0, "Miles": 0.5, "CrashRate": 10.0, "Total_Death_Count": 0, "Shape__Length": 2640.000026300017 }, "geometry": { "type": "LineString", "coordinates": [ [ -95.364929714168881, 29.753638506483291 ], [ -95.364097495918188, 29.753145416440528 ], [ -95.363240766582692, 29.752640712574568 ], [ -95.36241604380055, 29.752128407554849 ], [ -95.361525352881955, 29.751600527374709 ], [ -95.361168864859295, 29.751383953045409 ], [ -95.360670188446221, 29.751080990697851 ], [ -95.360113661307423, 29.750754006248542 ], [ -95.359975711558093, 29.750671712579816 ], [ -95.359805587233055, 29.75057008407666 ], [ -95.35896528328999, 29.750047209811875 ], [ -95.358641543858155, 29.749855422885958 ], [ -95.358577959055935, 29.749817754879999 ], [ -95.358489269476237, 29.749765213611703 ], [ -95.358307350175437, 29.749657442091948 ], [ -95.358105827277242, 29.749538055340711 ], [ -95.358077698154261, 29.749521000205359 ] ] } },
{ "type": "Feature", "properties": { "OBJECTID": 98, "Full_Name": "POST OAK BLVD", "Ped_Death_Count": 0, "Bike_Death_Count": 0, "Veh_Death_Count": 0, "Ped_Crash_Count": 2, "Bike_Crash_Count": 1, "Veh_Crash_Count": 0, "Total_Crash_Count": 3, "RoadLength": 2640.0001, "Miles": 0.5, "CrashRate": 6.0, "Total_Death_Count": 0, "Shape__Length": 2640.0000522498822 }, "geometry": { "type": "LineString", "coordinates": [ [ -95.461108540312125, 29.745772801895001 ], [ -95.461075983895014, 29.745171684333258 ], [ -95.461074192350083, 29.744940305335266 ], [ -95.461069115807817, 29.744237605474954 ], [ -95.461071781130002, 29.743877825001764 ], [ -95.461077617199592, 29.743286204330051 ], [ -95.461068349079142, 29.742994655713083 ], [ -95.461060179345324, 29.742577983778705 ], [ -95.461047488228274, 29.741930599760835 ], [ -95.460944884180066, 29.741090562852296 ], [ -95.460900128900008, 29.740840727678687 ], [ -95.460830932439819, 29.740610967120087 ], [ -95.460716980674533, 29.740131373003994 ], [ -95.460687668010337, 29.739436443637778 ], [ -95.460675439478237, 29.738540066079775 ] ] } },
{ "type": "Feature", "properties": { "OBJECTID": 99, "Full_Name": "QUITMAN ST", "Ped_Death_Count": 0, "Bike_Death_Count": 1, "Veh_Death_Count": 0, "Ped_Crash_Count": 0, "Bike_Crash_Count": 2, "Veh_Crash_Count": 4, "Total_Crash_Count": 6, "RoadLength": 2640.0001, "Miles": 0.5, "CrashRate": 12.0, "Total_Death_Count": 1, "Shape__Length": 2640.0001416782729 }, "geometry": { "type": "LineString", "coordinates": [ [ -95.353575269533351, 29.783344586925441 ], [ -95.353048123140098, 29.783354056196512 ], [ -95.352231424464193, 29.78335232842457 ], [ -95.35142573060709, 29.783371398388709 ], [ -95.350599817414633, 29.783374333872302 ], [ -95.349786090477082, 29.783391183080887 ], [ -95.348969862499686, 29.783428454244465 ], [ -95.347587671007147, 29.78346679722242 ], [ -95.347403332346403, 29.783469239540455 ], [ -95.347351995146269, 29.783470194596894 ], [ -95.347197537107547, 29.783468651498865 ], [ -95.345829730958187, 29.783503920264231 ], [ -95.345255758345886, 29.783509149468792 ] ] } },
{ "type": "Feature", "properties": { "OBJECTID": 100, "Full_Name": "REVEILLE ST", "Ped_Death_Count": 0, "Bike_Death_Count": 0, "Veh_Death_Count": 1, "Ped_Crash_Count": 0, "Bike_Crash_Count": 1, "Veh_Crash_Count": 3, "Total_Crash_Count": 4, "RoadLength": 2077.8447, "Miles": 0.3935, "CrashRate": 10.17, "Total_Death_Count": 1, "Shape__Length": 2077.8447042403413 }, "geometry": { "type": "LineString", "coordinates": [ [ -95.289872838025062, 29.680197127429047 ], [ -95.28972273485229, 29.679504155888331 ], [ -95.289483346514558, 29.67851922631316 ], [ -95.289298709885543, 29.677524045783528 ], [ -95.289247769119029, 29.677018091689924 ], [ -95.28924404662591, 29.676019819447653 ], [ -95.28924535873503, 29.675808495276002 ], [ -95.289216555645041, 29.67453232353062 ] ] } },
{ "type": "Feature", "properties": { "OBJECTID": 101, "Full_Name": "REVEILLE ST", "Ped_Death_Count": 0, "Bike_Death_Count": 1, "Veh_Death_Count": 0, "Ped_Crash_Count": 1, "Bike_Crash_Count": 2, "Veh_Crash_Count": 3, "Total_Crash_Count": 6, "RoadLength": 2639.9999, "Miles": 0.5, "CrashRate": 12.0, "Total_Death_Count": 1, "Shape__Length": 2639.9999377848144 }, "geometry": { "type": "LineString", "coordinates": [ [ -95.290404994696914, 29.687429225413126 ], [ -95.290399668878763, 29.687075469108315 ], [ -95.290355565730096, 29.685272833595292 ], [ -95.290327298370826, 29.684418587201748 ], [ -95.290319430881041, 29.684317542597686 ], [ -95.290285590469352, 29.683589079628312 ], [ -95.290252423794001, 29.682773813060233 ], [ -95.290201963730112, 29.681939309830877 ], [ -95.290084646841919, 29.681117820483511 ], [ -95.289890795189208, 29.68028002757266 ], [ -95.289872838025062, 29.680197127429047 ] ] } },
{ "type": "Feature", "properties": { "OBJECTID": 102, "Full_Name": "RICHMOND AVE", "Ped_Death_Count": 2, "Bike_Death_Count": 0, "Veh_Death_Count": 2, "Ped_Crash_Count": 3, "Bike_Crash_Count": 1, "Veh_Crash_Count": 5, "Total_Crash_Count": 9, "RoadLength": 2639.9999, "Miles": 0.5, "CrashRate": 18.0, "Total_Death_Count": 4, "Shape__Length": 2639.9998659003268 }, "geometry": { "type": "LineString", "coordinates": [ [ -95.483519936507506, 29.731511303436797 ], [ -95.483721154733757, 29.731510537610163 ], [ -95.484204511612432, 29.731508698026907 ], [ -95.484863245986489, 29.73154579274345 ], [ -95.485399720571834, 29.731576001943349 ], [ -95.485696778340113, 29.731615099991195 ], [ -95.48646071198398, 29.731715646819477 ], [ -95.486921824714585, 29.731776335101181 ], [ -95.486967806291432, 29.731776585956656 ], [ -95.489782162722292, 29.731791946946078 ], [ -95.491818515701084, 29.731775067153624 ] ] } },
{ "type": "Feature", "properties": { "OBJECTID": 103, "Full_Name": "RICHMOND AVE", "Ped_Death_Count": 0, "Bike_Death_Count": 0, "Veh_Death_Count": 0, "Ped_Crash_Count": 1, "Bike_Crash_Count": 1, "Veh_Crash_Count": 1, "Total_Crash_Count": 3, "RoadLength": 2639.9999, "Miles": 0.5, "CrashRate": 6.0, "Total_Death_Count": 0, "Shape__Length": 2639.9999329931479 }, "geometry": { "type": "LineString", "coordinates": [ [ -95.400738020795615, 29.734384272950066 ], [ -95.402064897999423, 29.734320327620448 ], [ -95.4044585512776, 29.734297269533233 ], [ -95.406234395497719, 29.734263340771868 ], [ -95.407047152960686, 29.734266079641326 ], [ -95.40802002668768, 29.73426124416271 ], [ -95.409054007150445, 29.734253414409569 ] ] } },
{ "type": "Feature", "properties": { "OBJECTID": 104, "Full_Name": "S BRAESWOOD BLVD", "Ped_Death_Count": 0, "Bike_Death_Count": 0, "Veh_Death_Count": 0, "Ped_Crash_Count": 1, "Bike_Crash_Count": 1, "Veh_Crash_Count": 2, "Total_Crash_Count": 4, "RoadLength": 2640.0002, "Miles": 0.5, "CrashRate": 8.0, "Total_Death_Count": 0, "Shape__Length": 2640.000158491911 }, "geometry": { "type": "LineString", "coordinates": [ [ -95.511701957393157, 29.675187897904078 ], [ -95.511875857037552, 29.675111409213727 ], [ -95.51279021819947, 29.674512326136632 ], [ -95.514213104970096, 29.673563774807985 ], [ -95.514818044544342, 29.673299614674928 ], [ -95.515570619027272, 29.673074776736133 ], [ -95.516400796480625, 29.672864157771937 ], [ -95.517347818494542, 29.672603903488767 ], [ -95.518421728497998, 29.672302379361803 ], [ -95.518830088511876, 29.672187720867523 ], [ -95.519117928169152, 29.672114765128793 ] ] } },
{ "type": "Feature", "properties": { "OBJECTID": 105, "Full_Name": "S KIRKWOOD RD", "Ped_Death_Count": 0, "Bike_Death_Count": 1, "Veh_Death_Count": 0, "Ped_Crash_Count": 1, "Bike_Crash_Count": 1, "Veh_Crash_Count": 4, "Total_Crash_Count": 6, "RoadLength": 2640.0, "Miles": 0.5, "CrashRate": 12.0, "Total_Death_Count": 1, "Shape__Length": 2640.0000280578579 }, "geometry": { "type": "LineString", "coordinates": [ [ -95.587772421423267, 29.700480660955357 ], [ -95.587755798153097, 29.699881321376544 ], [ -95.587777024887842, 29.699554686658978 ], [ -95.58771154960813, 29.696811530715486 ], [ -95.58769776013817, 29.696035344284713 ], [ -95.587663534361141, 29.694866373095667 ], [ -95.587644735650585, 29.694102988805287 ], [ -95.587628356121442, 29.693337693749392 ], [ -95.587627525390488, 29.693222601437192 ] ] } },
{ "type": "Feature", "properties": { "OBJECTID": 106, "Full_Name": "S KIRKWOOD RD", "Ped_Death_Count": 2, "Bike_Death_Count": 1, "Veh_Death_Count": 0, "Ped_Crash_Count": 2, "Bike_Crash_Count": 1, "Veh_Crash_Count": 2, "Total_Crash_Count": 5, "RoadLength": 2640.0, "Miles": 0.5, "CrashRate": 10.0, "Total_Death_Count": 3, "Shape__Length": 2639.9999647150648 }, "geometry": { "type": "LineString", "coordinates": [ [ -95.588621125048718, 29.736651021067356 ], [ -95.588620153066614, 29.736520961970346 ], [ -95.588573432686687, 29.735741834372956 ], [ -95.588702415499341, 29.734688641611321 ], [ -95.589237700279924, 29.733043375556345 ], [ -95.589359988152907, 29.73255000528329 ], [ -95.589405147890787, 29.731853802573976 ], [ -95.589327399434737, 29.731063422082208 ], [ -95.589220239812846, 29.730238852134175 ], [ -95.589310783064249, 29.729500489469501 ], [ -95.589313123827608, 29.729488162372036 ] ] } },
{ "type": "Feature", "properties": { "OBJECTID": 107, "Full_Name": "S SHEPHERD DR", "Ped_Death_Count": 0, "Bike_Death_Count": 1, "Veh_Death_Count": 0, "Ped_Crash_Count": 0, "Bike_Crash_Count": 1, "Veh_Crash_Count": 3, "Total_Crash_Count": 4, "RoadLength": 2639.9998, "Miles": 0.5, "CrashRate": 8.0, "Total_Death_Count": 1, "Shape__Length": 2639.9997734361159 }, "geometry": { "type": "LineString", "coordinates": [ [ -95.410719024355956, 29.753528356599219 ], [ -95.410707429547315, 29.753006124418945 ], [ -95.410702389050158, 29.752015870451803 ], [ -95.410697806829873, 29.751096536857144 ], [ -95.41069843743746, 29.750700763976852 ], [ -95.410667028374789, 29.749074219766751 ], [ -95.410676679052941, 29.748128191432748 ], [ -95.410659064870899, 29.74689383955231 ], [ -95.410654522847665, 29.746268810834774 ] ] } },
{ "type": "Feature", "properties": { "OBJECTID": 108, "Full_Name": "S VICTORY DR", "Ped_Death_Count": 0, "Bike_Death_Count": 0, "Veh_Death_Count": 0, "Ped_Crash_Count": 0, "Bike_Crash_Count": 1, "Veh_Crash_Count": 3, "Total_Crash_Count": 4, "RoadLength": 2640.0, "Miles": 0.5, "CrashRate": 8.0, "Total_Death_Count": 0, "Shape__Length": 2639.9999786127028 }, "geometry": { "type": "LineString", "coordinates": [ [ -95.431423133910215, 29.870868831993064 ], [ -95.431811873139736, 29.870863895822655 ], [ -95.432214250934436, 29.870860140842158 ], [ -95.432637597131119, 29.870849714075739 ], [ -95.432787123355709, 29.870842848054437 ], [ -95.433044117754477, 29.870846066779027 ], [ -95.433381344146909, 29.870808049943811 ], [ -95.433855417985512, 29.870770055284407 ], [ -95.433955482852781, 29.870754643983577 ], [ -95.434640343467393, 29.87073670707386 ], [ -95.435104865381348, 29.870734595100032 ], [ -95.435349428771374, 29.870737479065031 ], [ -95.435594246793244, 29.87073314296525 ], [ -95.436017593182711, 29.870722704660889 ], [ -95.436577278823506, 29.870726730849707 ], [ -95.437386554558543, 29.87070846980928 ], [ -95.438414565392335, 29.870771773829325 ], [ -95.43884538065177, 29.870807144236149 ], [ -95.439193968429876, 29.870833973467015 ], [ -95.439550296230536, 29.870831714488897 ], [ -95.439739313413739, 29.870836731147804 ] ] } },
{ "type": "Feature", "properties": { "OBJECTID": 109, "Full_Name": "S VOSS RD", "Ped_Death_Count": 0, "Bike_Death_Count": 0, "Veh_Death_Count": 0, "Ped_Crash_Count": 0, "Bike_Crash_Count": 1, "Veh_Crash_Count": 2, "Total_Crash_Count": 3, "RoadLength": 2639.9999, "Miles": 0.5, "CrashRate": 6.0, "Total_Death_Count": 0, "Shape__Length": 2639.9999284237028 }, "geometry": { "type": "LineString", "coordinates": [ [ -95.501012210197587, 29.745836421612179 ], [ -95.501013712950808, 29.745683208985259 ], [ -95.501001807886837, 29.745419677661129 ], [ -95.500990251602559, 29.745080498908326 ], [ -95.500977060758473, 29.744693344572951 ], [ -95.500970972831254, 29.744378216772457 ], [ -95.500953994227075, 29.744020683741468 ], [ -95.500948069788436, 29.743170902283286 ], [ -95.50095008539941, 29.742689338809615 ], [ -95.500950414537641, 29.742489971400129 ], [ -95.500933313218681, 29.741464627512276 ], [ -95.500928508507101, 29.741106722512821 ], [ -95.500918115000331, 29.74057972069626 ], [ -95.500902618991617, 29.739518683535763 ], [ -95.500890106777817, 29.738706118133223 ], [ -95.500891908091504, 29.738577648975152 ] ] } },
{ "type": "Feature", "properties": { "OBJECTID": 110, "Full_Name": "S WAYSIDE DR", "Ped_Death_Count": 0, "Bike_Death_Count": 0, "Veh_Death_Count": 0, "Ped_Crash_Count": 1, "Bike_Crash_Count": 1, "Veh_Crash_Count": 3, "Total_Crash_Count": 5, "RoadLength": 2640.0, "Miles": 0.5, "CrashRate": 10.0, "Total_Death_Count": 0, "Shape__Length": 2640.00002507319 }, "geometry": { "type": "LineString", "coordinates": [ [ -95.307728152137855, 29.733238467175063 ], [ -95.307769507037065, 29.733123201795561 ], [ -95.307865621232025, 29.732871054577167 ], [ -95.308167273236336, 29.732135737511289 ], [ -95.308242013885263, 29.732008950335722 ], [ -95.308343758772082, 29.731782153774354 ], [ -95.308784604471413, 29.730670560000771 ], [ -95.309124542479836, 29.729798694375848 ], [ -95.309366786665507, 29.729174861618883 ], [ -95.309976407012428, 29.727620921201151 ], [ -95.310373360005258, 29.726573637158985 ], [ -95.310465329522032, 29.726385198442348 ] ] } },
{ "type": "Feature", "properties": { "OBJECTID": 111, "Full_Name": "SAUMS RD", "Ped_Death_Count": 0, "Bike_Death_Count": 0, "Veh_Death_Count": 0, "Ped_Crash_Count": 0, "Bike_Crash_Count": 1, "Veh_Crash_Count": 2, "Total_Crash_Count": 3, "RoadLength": 2639.9999, "Miles": 0.5, "CrashRate": 6.0, "Total_Death_Count": 0, "Shape__Length": 2639.9998617060692 }, "geometry": { "type": "LineString", "coordinates": [ [ -95.692151136358461, 29.800347511061752 ], [ -95.692927479080581, 29.800347861559874 ], [ -95.694995552274762, 29.800346342044723 ], [ -95.697996175163638, 29.800338584303415 ], [ -95.699757382149429, 29.800337803007057 ], [ -95.700172044003324, 29.800339399980924 ], [ -95.700475141594424, 29.800338306666479 ] ] } },
{ "type": "Feature", "properties": { "OBJECTID": 112, "Full_Name": "SAUNDERS RD", "Ped_Death_Count": 0, "Bike_Death_Count": 0, "Veh_Death_Count": 1, "Ped_Crash_Count": 1, "Bike_Crash_Count": 1, "Veh_Crash_Count": 4, "Total_Crash_Count": 6, "RoadLength": 2640.0002, "Miles": 0.5, "CrashRate": 12.0, "Total_Death_Count": 1, "Shape__Length": 2640.0001604206336 }, "geometry": { "type": "LineString", "coordinates": [ [ -95.333459012831, 29.86458023870178 ], [ -95.333143221478934, 29.864529457197275 ], [ -95.332866810864161, 29.864485007691833 ], [ -95.332705327072972, 29.864459039373909 ], [ -95.332491764193193, 29.864424695644125 ], [ -95.33198960969483, 29.864374467231904 ], [ -95.331807546204118, 29.864383143729544 ], [ -95.331609929506584, 29.864388662311796 ], [ -95.331230768990181, 29.86440576442266 ], [ -95.330985181605968, 29.864420735901213 ], [ -95.330762224406087, 29.864433754332744 ], [ -95.330573605585514, 29.864450443177333 ], [ -95.330410031230159, 29.864467818715756 ], [ -95.330315525766082, 29.864481619935656 ], [ -95.330260373315255, 29.864499347392169 ], [ -95.330125725542601, 29.864531050079879 ], [ -95.329300399787897, 29.864759889800471 ], [ -95.328391212273829, 29.865020923774317 ], [ -95.328070940016417, 29.865065256011608 ], [ -95.325256167575475, 29.865081446525924 ] ] } },
{ "type": "Feature", "properties": { "OBJECTID": 113, "Full_Name": "SCOTTCREST DR", "Ped_Death_Count": 0, "Bike_Death_Count": 1, "Veh_Death_Count": 0, "Ped_Crash_Count": 1, "Bike_Crash_Count": 1, "Veh_Crash_Count": 2, "Total_Crash_Count": 4, "RoadLength": 1674.8254, "Miles": 0.3172, "CrashRate": 12.61, "Total_Death_Count": 1, "Shape__Length": 1674.8253828894706 }, "geometry": { "type": "LineString", "coordinates": [ [ -95.357278601358004, 29.704401394985815 ], [ -95.357999530422219, 29.702696492750107 ], [ -95.358140238904369, 29.702387483639541 ], [ -95.358309442887489, 29.701925511469739 ], [ -95.358427000715963, 29.70160251367988 ], [ -95.358586436645282, 29.701184296678342 ], [ -95.358689134215197, 29.700909630447153 ], [ -95.358840661611708, 29.700499695945432 ], [ -95.358897892324748, 29.700403074372996 ], [ -95.358974051554867, 29.700324042593365 ], [ -95.359268646190472, 29.700289367779618 ] ] } },
{ "type": "Feature", "properties": { "OBJECTID": 114, "Full_Name": "SH 6 S", "Ped_Death_Count": 1, "Bike_Death_Count": 0, "Veh_Death_Count": 0, "Ped_Crash_Count": 1, "Bike_Crash_Count": 1, "Veh_Crash_Count": 1, "Total_Crash_Count": 3, "RoadLength": 2640.0, "Miles": 0.5, "CrashRate": 6.0, "Total_Death_Count": 1, "Shape__Length": 2639.9999525731482 }, "geometry": { "type": "LineString", "coordinates": [ [ -95.64428201981832, 29.741885355444357 ], [ -95.644264627791856, 29.741712653538496 ], [ -95.644171417113824, 29.740976166527464 ], [ -95.644165032494897, 29.740899403173689 ], [ -95.644152739763371, 29.740413332403325 ], [ -95.644136985359282, 29.739549176070934 ], [ -95.644129308182372, 29.738910953394544 ], [ -95.644110928478753, 29.738111758467696 ], [ -95.644092280402404, 29.737081077176246 ], [ -95.644084559360465, 29.736414893737972 ], [ -95.644074748269645, 29.735587011336229 ], [ -95.644064812888487, 29.735266023848514 ], [ -95.644053014619701, 29.734994227910367 ], [ -95.644045799744973, 29.734740649502054 ], [ -95.644044183908321, 29.734631668572394 ] ] } },
{ "type": "Feature", "properties": { "OBJECTID": 115, "Full_Name": "SHERMAN ST", "Ped_Death_Count": 0, "Bike_Death_Count": 0, "Veh_Death_Count": 0, "Ped_Crash_Count": 0, "Bike_Crash_Count": 1, "Veh_Crash_Count": 2, "Total_Crash_Count": 3, "RoadLength": 2640.0, "Miles": 0.5, "CrashRate": 6.0, "Total_Death_Count": 0, "Shape__Length": 2639.9999607657842 }, "geometry": { "type": "LineString", "coordinates": [ [ -95.310699888166681, 29.740634162529563 ], [ -95.309378993441996, 29.740193151199193 ], [ -95.30762075172413, 29.739637126137254 ], [ -95.307424798699699, 29.739577670444618 ], [ -95.305446381151128, 29.738945481450024 ], [ -95.3034501104257, 29.738322456573307 ], [ -95.302885898452089, 29.738143646452045 ] ] } },
{ "type": "Feature", "properties": { "OBJECTID": 116, "Full_Name": "SSGT MACARIO GARCIA DR", "Ped_Death_Count": 0, "Bike_Death_Count": 0, "Veh_Death_Count": 0, "Ped_Crash_Count": 1, "Bike_Crash_Count": 1, "Veh_Crash_Count": 2, "Total_Crash_Count": 4, "RoadLength": 2640.0, "Miles": 0.5, "CrashRate": 8.0, "Total_Death_Count": 0, "Shape__Length": 2640.000018569533 }, "geometry": { "type": "LineString", "coordinates": [ [ -95.304296379387907, 29.736335214403475 ], [ -95.303976556723654, 29.73709143797192 ], [ -95.303741513621844, 29.737621609093448 ], [ -95.3034501104257, 29.738322456573307 ], [ -95.303163148095905, 29.739031718033754 ], [ -95.302882128413287, 29.739707978108616 ], [ -95.302590863359356, 29.740404684123337 ], [ -95.302304639694043, 29.741093235640786 ], [ -95.302029254363589, 29.741744777628071 ], [ -95.301752224742401, 29.74242597475844 ], [ -95.301490066426496, 29.743077313838597 ], [ -95.301455686650826, 29.743158651872438 ] ] } },
{ "type": "Feature", "properties": { "OBJECTID": 117, "Full_Name": "TAVENOR LN", "Ped_Death_Count": 0, "Bike_Death_Count": 0, "Veh_Death_Count": 0, "Ped_Crash_Count": 1, "Bike_Crash_Count": 1, "Veh_Crash_Count": 0, "Total_Crash_Count": 2, "RoadLength": 1622.3847, "Miles": 0.3073, "CrashRate": 6.51, "Total_Death_Count": 0, "Shape__Length": 1622.3847279785896 }, "geometry": { "type": "LineString", "coordinates": [ [ -95.271925254782786, 29.630009376049109 ], [ -95.271280760398298, 29.630015298055799 ], [ -95.270326408911842, 29.630029894479588 ], [ -95.266818912965007, 29.630075856469592 ] ] } },
{ "type": "Feature", "properties": { "OBJECTID": 118, "Full_Name": "TELEPHONE RD", "Ped_Death_Count": 0, "Bike_Death_Count": 0, "Veh_Death_Count": 1, "Ped_Crash_Count": 0, "Bike_Crash_Count": 1, "Veh_Crash_Count": 2, "Total_Crash_Count": 3, "RoadLength": 2640.0, "Miles": 0.5, "CrashRate": 6.0, "Total_Death_Count": 1, "Shape__Length": 2640.0000019349764 }, "geometry": { "type": "LineString", "coordinates": [ [ -95.331815090036287, 29.735237937633784 ], [ -95.331609103531335, 29.735206227586563 ], [ -95.331415866698265, 29.735159367329135 ], [ -95.33120444733666, 29.735079587194331 ], [ -95.330804645657452, 29.734872539415356 ], [ -95.329906613857574, 29.734272676796628 ], [ -95.329776518674549, 29.734184370478662 ], [ -95.329113206854913, 29.733745843105023 ], [ -95.3288520683531, 29.733579564606799 ], [ -95.328587984919551, 29.733406131432588 ], [ -95.328498091990468, 29.733333741352393 ], [ -95.328191187634417, 29.732764315435062 ], [ -95.328140024269302, 29.732684827309455 ], [ -95.327779169981426, 29.732001443438794 ], [ -95.327449857718889, 29.731341156205794 ], [ -95.327134585118444, 29.730748724896852 ], [ -95.327117428857136, 29.730709787516769 ], [ -95.326702101302743, 29.729915166151454 ] ] } },
{ "type": "Feature", "properties": { "OBJECTID": 119, "Full_Name": "TELEPHONE RD", "Ped_Death_Count": 4, "Bike_Death_Count": 0, "Veh_Death_Count": 0, "Ped_Crash_Count": 4, "Bike_Crash_Count": 1, "Veh_Crash_Count": 2, "Total_Crash_Count": 7, "RoadLength": 2640.0, "Miles": 0.5, "CrashRate": 14.0, "Total_Death_Count": 4, "Shape__Length": 2639.9999846146957 }, "geometry": { "type": "LineString", "coordinates": [ [ -95.285433376492065, 29.625044039826033 ], [ -95.285433918300498, 29.625024907304649 ], [ -95.285403804176184, 29.623754396663607 ], [ -95.285363061201906, 29.622181366508478 ], [ -95.285345891069852, 29.621441044649174 ], [ -95.285369871181885, 29.62122797983638 ], [ -95.285346368451215, 29.620961004392438 ], [ -95.285341420946779, 29.620784646281994 ], [ -95.285311235205995, 29.619661947217239 ], [ -95.285294288668013, 29.618643860576864 ], [ -95.28528641595706, 29.618483513938848 ], [ -95.285266130417313, 29.617831140865921 ], [ -95.285264353713771, 29.617787295171325 ] ] } },
{ "type": "Feature", "properties": { "OBJECTID": 120, "Full_Name": "TELEPHONE RD", "Ped_Death_Count": 0, "Bike_Death_Count": 0, "Veh_Death_Count": 0, "Ped_Crash_Count": 1, "Bike_Crash_Count": 1, "Veh_Crash_Count": 1, "Total_Crash_Count": 3, "RoadLength": 2640.0001, "Miles": 0.5, "CrashRate": 6.0, "Total_Death_Count": 0, "Shape__Length": 2640.0000835788787 }, "geometry": { "type": "LineString", "coordinates": [ [ -95.299833343161936, 29.694610487948786 ], [ -95.299758968282106, 29.694444430330392 ], [ -95.29936552283506, 29.693519384662938 ], [ -95.298999541724029, 29.692714323330023 ], [ -95.298869320301847, 29.692310789986163 ], [ -95.298797900371596, 29.69136538494233 ], [ -95.298771057987125, 29.690486156595494 ], [ -95.298771232648008, 29.689610866790193 ], [ -95.298714545161019, 29.689284904363724 ], [ -95.298686625284958, 29.68918290280855 ], [ -95.298662503844355, 29.689048795168134 ], [ -95.298596383800813, 29.688837606674774 ], [ -95.298425792877936, 29.68845557803342 ], [ -95.29805832434333, 29.687848431843552 ], [ -95.297919747500885, 29.687663051822113 ] ] } },
{ "type": "Feature", "properties": { "OBJECTID": 121, "Full_Name": "TELEPHONE RD", "Ped_Death_Count": 2, "Bike_Death_Count": 0, "Veh_Death_Count": 0, "Ped_Crash_Count": 3, "Bike_Crash_Count": 1, "Veh_Crash_Count": 1, "Total_Crash_Count": 5, "RoadLength": 2640.0, "Miles": 0.5, "CrashRate": 10.0, "Total_Death_Count": 2, "Shape__Length": 2639.999965372253 }, "geometry": { "type": "LineString", "coordinates": [ [ -95.309009229436015, 29.706355894784462 ], [ -95.308829165662473, 29.706238129448849 ], [ -95.308515381675093, 29.706082485706826 ], [ -95.308394293030233, 29.706010150426575 ], [ -95.308151351911306, 29.70582829452507 ], [ -95.307568280688358, 29.705403172321837 ], [ -95.306835931193817, 29.704835427528455 ], [ -95.306337354904301, 29.704460858005461 ], [ -95.305219090663954, 29.703582869762549 ], [ -95.304355372816303, 29.702747196274835 ], [ -95.303518898275982, 29.701531843366631 ], [ -95.303294208644843, 29.701192158606652 ] ] } },
{ "type": "Feature", "properties": { "OBJECTID": 122, "Full_Name": "TIDWELL RD", "Ped_Death_Count": 1, "Bike_Death_Count": 0, "Veh_Death_Count": 0, "Ped_Crash_Count": 1, "Bike_Crash_Count": 1, "Veh_Crash_Count": 3, "Total_Crash_Count": 5, "RoadLength": 2640.0, "Miles": 0.5, "CrashRate": 10.0, "Total_Death_Count": 1, "Shape__Length": 2640.000045859736 }, "geometry": { "type": "LineString", "coordinates": [ [ -95.376111063374722, 29.845612282500426 ], [ -95.376099519131031, 29.845612555468509 ], [ -95.376033223030916, 29.845609219601034 ], [ -95.375775081089003, 29.845609575062916 ], [ -95.375699883755161, 29.845607542903455 ], [ -95.37562369125564, 29.845608571746688 ], [ -95.374847732407872, 29.845615385998936 ], [ -95.374755588606646, 29.845616754025862 ], [ -95.374689018267162, 29.845621128576273 ], [ -95.374451761017397, 29.845619346245908 ], [ -95.374374686198564, 29.845620348722367 ], [ -95.374294044061713, 29.845622029179133 ], [ -95.37362355127776, 29.845626283480065 ], [ -95.373460551001386, 29.845628050813062 ], [ -95.372792659627777, 29.845633915731053 ], [ -95.372630544821945, 29.8456357051023 ], [ -95.372289226046206, 29.845654078372039 ], [ -95.3718776295769, 29.845679071417301 ], [ -95.371766118950532, 29.845669799341213 ], [ -95.371539506118467, 29.845673905250273 ], [ -95.371031618305025, 29.845697623651148 ], [ -95.37061254335832, 29.845761203373581 ], [ -95.370403944689116, 29.845808246203966 ], [ -95.370001252142359, 29.845913228474597 ], [ -95.369999952774506, 29.845913604007574 ], [ -95.369610495909924, 29.846026268327769 ], [ -95.369351943639657, 29.846088937828796 ], [ -95.369189861797565, 29.846114655748792 ], [ -95.368861027311766, 29.846172913997606 ], [ -95.368692252380356, 29.846187641846686 ], [ -95.368482944890431, 29.846196638666083 ], [ -95.368329522279723, 29.846190555201186 ], [ -95.368210448890579, 29.846177293303651 ], [ -95.367859946975074, 29.846180007581722 ] ] } },
{ "type": "Feature", "properties": { "OBJECTID": 123, "Full_Name": "TIDWELL RD", "Ped_Death_Count": 1, "Bike_Death_Count": 1, "Veh_Death_Count": 0, "Ped_Crash_Count": 4, "Bike_Crash_Count": 1, "Veh_Crash_Count": 1, "Total_Crash_Count": 6, "RoadLength": 2640.0002, "Miles": 0.5, "CrashRate": 12.0, "Total_Death_Count": 2, "Shape__Length": 2640.0001753236547 }, "geometry": { "type": "LineString", "coordinates": [ [ -95.268764666960919, 29.849984774239115 ], [ -95.268556774905136, 29.849992486928802 ], [ -95.267469288674192, 29.850004084037053 ], [ -95.26641188141717, 29.850024823273305 ], [ -95.264611827058346, 29.850037696040456 ], [ -95.263812253765536, 29.850043406435873 ], [ -95.262336386654809, 29.850053933944825 ], [ -95.260437399244196, 29.850074227966125 ] ] } },
{ "type": "Feature", "properties": { "OBJECTID": 124, "Full_Name": "TRAVIS ST", "Ped_Death_Count": 0, "Bike_Death_Count": 0, "Veh_Death_Count": 0, "Ped_Crash_Count": 4, "Bike_Crash_Count": 1, "Veh_Crash_Count": 2, "Total_Crash_Count": 7, "RoadLength": 2640.0, "Miles": 0.5, "CrashRate": 14.0, "Total_Death_Count": 0, "Shape__Length": 2640.0000231500057 }, "geometry": { "type": "LineString", "coordinates": [ [ -95.363493488503067, 29.760400290083474 ], [ -95.36402134922352, 29.759724338315021 ], [ -95.364615879717689, 29.758982876907716 ], [ -95.365215404185705, 29.758226006277539 ], [ -95.365801197227825, 29.757471734003555 ], [ -95.365872777850598, 29.757375763943081 ], [ -95.36639180475288, 29.75673827715271 ], [ -95.366974409830604, 29.755998638676694 ], [ -95.367581312165555, 29.755250482627154 ], [ -95.368164187649356, 29.754500437800051 ], [ -95.368222196596363, 29.754427015590029 ] ] } },
{ "type": "Feature", "properties": { "OBJECTID": 125, "Full_Name": "W AIRPORT BLVD", "Ped_Death_Count": 0, "Bike_Death_Count": 0, "Veh_Death_Count": 2, "Ped_Crash_Count": 0, "Bike_Crash_Count": 1, "Veh_Crash_Count": 2, "Total_Crash_Count": 3, "RoadLength": 2639.9999, "Miles": 0.5, "CrashRate": 6.0, "Total_Death_Count": 2, "Shape__Length": 2639.99985398544 }, "geometry": { "type": "LineString", "coordinates": [ [ -95.429291706482729, 29.641692809249747 ], [ -95.429333685569333, 29.641694439239355 ], [ -95.430019870057123, 29.641693865686982 ], [ -95.431563091481607, 29.641680377974438 ], [ -95.432467457178532, 29.641659794138381 ], [ -95.433699250260574, 29.641727197299765 ], [ -95.434709969815657, 29.6419203765786 ], [ -95.436404861677588, 29.642501097685908 ], [ -95.437367736765296, 29.642698937572206 ], [ -95.437424031266488, 29.642701187987601 ] ] } },
{ "type": "Feature", "properties": { "OBJECTID": 126, "Full_Name": "W DALLAS ST", "Ped_Death_Count": 0, "Bike_Death_Count": 1, "Veh_Death_Count": 2, "Ped_Crash_Count": 1, "Bike_Crash_Count": 1, "Veh_Crash_Count": 5, "Total_Crash_Count": 7, "RoadLength": 2639.9999, "Miles": 0.5, "CrashRate": 14.0, "Total_Death_Count": 3, "Shape__Length": 2639.9999356284479 }, "geometry": { "type": "LineString", "coordinates": [ [ -95.388432663663693, 29.757557698954642 ], [ -95.388947161435354, 29.757545885681321 ], [ -95.389588440766289, 29.757538445247462 ], [ -95.389751647782745, 29.757532737450482 ], [ -95.390710926514387, 29.757498103116589 ], [ -95.391299326327228, 29.757486873254482 ], [ -95.391795410079922, 29.757473760597968 ], [ -95.392271194981831, 29.757462618893616 ], [ -95.393027821346138, 29.757455801616079 ], [ -95.393464716829953, 29.757448624888905 ], [ -95.39401133433806, 29.757433919720867 ], [ -95.394744611170182, 29.75741609099633 ], [ -95.395588271011135, 29.757395465049076 ], [ -95.396026254503596, 29.757387924717872 ], [ -95.396372684484902, 29.757381813893257 ], [ -95.396750190377958, 29.757373296402012 ] ] } },
{ "type": "Feature", "properties": { "OBJECTID": 127, "Full_Name": "W GRAY ST", "Ped_Death_Count": 0, "Bike_Death_Count": 0, "Veh_Death_Count": 0, "Ped_Crash_Count": 1, "Bike_Crash_Count": 1, "Veh_Crash_Count": 3, "Total_Crash_Count": 5, "RoadLength": 2270.371, "Miles": 0.43, "CrashRate": 11.63, "Total_Death_Count": 0, "Shape__Length": 2270.3709712277696 }, "geometry": { "type": "LineString", "coordinates": [ [ -95.40355371425764, 29.753134151859307 ], [ -95.404750914835418, 29.753114668408774 ], [ -95.406419902184481, 29.753089715884141 ], [ -95.408349915454167, 29.75305732897878 ], [ -95.410707429547315, 29.753006124418945 ] ] } },
{ "type": "Feature", "properties": { "OBJECTID": 128, "Full_Name": "W GREENS RD", "Ped_Death_Count": 0, "Bike_Death_Count": 0, "Veh_Death_Count": 2, "Ped_Crash_Count": 1, "Bike_Crash_Count": 1, "Veh_Crash_Count": 2, "Total_Crash_Count": 4, "RoadLength": 2496.5474, "Miles": 0.4728, "CrashRate": 8.46, "Total_Death_Count": 2, "Shape__Length": 2496.5474280918525 }, "geometry": { "type": "LineString", "coordinates": [ [ -95.416440874528817, 29.949027376095156 ], [ -95.416771152483079, 29.94903619168635 ], [ -95.416911518560013, 29.949039938011367 ], [ -95.417162835743966, 29.949046645218207 ], [ -95.417382987988262, 29.949052520301279 ], [ -95.417955626197582, 29.949058262495164 ], [ -95.41832159928812, 29.949049356333717 ], [ -95.419708281629099, 29.949025531168477 ], [ -95.420293240140424, 29.949010333883955 ], [ -95.421169881825989, 29.948987555742896 ], [ -95.422174202594434, 29.948993420345392 ], [ -95.423875231186287, 29.948965610441281 ], [ -95.424183699089724, 29.948960341974999 ], [ -95.424322111847587, 29.948963336228466 ] ] } },
{ "type": "Feature", "properties": { "OBJECTID": 129, "Full_Name": "W HARDY RD", "Ped_Death_Count": 0, "Bike_Death_Count": 0, "Veh_Death_Count": 0, "Ped_Crash_Count": 1, "Bike_Crash_Count": 1, "Veh_Crash_Count": 3, "Total_Crash_Count": 5, "RoadLength": 2639.9999, "Miles": 0.5, "CrashRate": 10.0, "Total_Death_Count": 0, "Shape__Length": 2639.9999315980972 }, "geometry": { "type": "LineString", "coordinates": [ [ -95.385352735712274, 29.947276960382009 ], [ -95.385491766940191, 29.947837628699318 ], [ -95.386274563189318, 29.950994272014935 ], [ -95.386408914922981, 29.951536030961339 ], [ -95.386535973821438, 29.952002923242976 ], [ -95.3866146579754, 29.952226289314645 ], [ -95.386704521515227, 29.952460012150414 ], [ -95.386795458253673, 29.952663594092936 ], [ -95.386862750597544, 29.952801170027481 ], [ -95.38694429058026, 29.952944158675621 ], [ -95.387036832665814, 29.953102528627564 ], [ -95.387777654379008, 29.954056372061199 ], [ -95.387840491767733, 29.954122143318124 ] ] } },
{ "type": "Feature", "properties": { "OBJECTID": 130, "Full_Name": "W LAKE HOUSTON PKWY", "Ped_Death_Count": 0, "Bike_Death_Count": 0, "Veh_Death_Count": 0, "Ped_Crash_Count": 1, "Bike_Crash_Count": 1, "Veh_Crash_Count": 1, "Total_Crash_Count": 3, "RoadLength": 2639.9998, "Miles": 0.5, "CrashRate": 6.0, "Total_Death_Count": 0, "Shape__Length": 2639.9998093993549 }, "geometry": { "type": "LineString", "coordinates": [ [ -95.182185979316287, 30.046154862385624 ], [ -95.182728795929179, 30.046835249456489 ], [ -95.182953020985209, 30.047227692654097 ], [ -95.183551705621298, 30.048254431306127 ], [ -95.183709961852756, 30.048585603742996 ], [ -95.183974839659371, 30.04910789132521 ], [ -95.184431339960312, 30.049982096029144 ], [ -95.185005335389093, 30.051364501121466 ], [ -95.185159893025912, 30.05179455991664 ], [ -95.185400450442486, 30.052614252638527 ], [ -95.185406284937486, 30.05263386080842 ], [ -95.185453879666213, 30.052793813033212 ] ] } },
{ "type": "Feature", "properties": { "OBJECTID": 131, "Full_Name": "W LITTLE YORK RD", "Ped_Death_Count": 0, "Bike_Death_Count": 1, "Veh_Death_Count": 1, "Ped_Crash_Count": 1, "Bike_Crash_Count": 1, "Veh_Crash_Count": 3, "Total_Crash_Count": 5, "RoadLength": 2639.9999, "Miles": 0.5, "CrashRate": 10.0, "Total_Death_Count": 2, "Shape__Length": 2639.9999197832085 }, "geometry": { "type": "LineString", "coordinates": [ [ -95.442116500648766, 29.863488976648295 ], [ -95.442306661286452, 29.863487428544435 ], [ -95.443098998189129, 29.863484453187247 ], [ -95.443771142983124, 29.863488821170915 ], [ -95.443818514854584, 29.863483856218139 ], [ -95.443981870915579, 29.863479297032786 ], [ -95.444675950065189, 29.863480046587842 ], [ -95.446403408150289, 29.863478635776257 ], [ -95.446728589250554, 29.863476732847811 ], [ -95.446961842861739, 29.863469874960252 ], [ -95.447223502986105, 29.863458929201293 ], [ -95.44754244045896, 29.863412525833294 ], [ -95.447863294514832, 29.863358218578565 ], [ -95.448855212140288, 29.863176838198708 ], [ -95.449091786908994, 29.863143263058085 ], [ -95.450409279402265, 29.863170777350462 ] ] } },
{ "type": "Feature", "properties": { "OBJECTID": 132, "Full_Name": "W MONTGOMERY RD", "Ped_Death_Count": 0, "Bike_Death_Count": 0, "Veh_Death_Count": 0, "Ped_Crash_Count": 0, "Bike_Crash_Count": 1, "Veh_Crash_Count": 3, "Total_Crash_Count": 4, "RoadLength": 2640.0, "Miles": 0.5, "CrashRate": 8.0, "Total_Death_Count": 0, "Shape__Length": 2639.9999601792515 }, "geometry": { "type": "LineString", "coordinates": [ [ -95.432809973978806, 29.867459627229298 ], [ -95.434348723252512, 29.868653318909356 ], [ -95.43537320207146, 29.8696000705527 ], [ -95.435857106295714, 29.870049778169353 ], [ -95.436577278823506, 29.870726730849707 ], [ -95.438284596406234, 29.872332934856605 ], [ -95.43854498682434, 29.87258014717067 ], [ -95.438623778512166, 29.872650322656909 ] ] } },
{ "type": "Feature", "properties": { "OBJECTID": 133, "Full_Name": "W TIDWELL RD", "Ped_Death_Count": 0, "Bike_Death_Count": 0, "Veh_Death_Count": 0, "Ped_Crash_Count": 1, "Bike_Crash_Count": 1, "Veh_Crash_Count": 4, "Total_Crash_Count": 6, "RoadLength": 2640.0001, "Miles": 0.5, "CrashRate": 12.0, "Total_Death_Count": 0, "Shape__Length": 2640.0000747093541 }, "geometry": { "type": "LineString", "coordinates": [ [ -95.506184658177958, 29.851687983527388 ], [ -95.506367461968509, 29.851699387652964 ], [ -95.506901297656924, 29.85172060765526 ], [ -95.507410101252148, 29.851717848446619 ], [ -95.507918832756189, 29.851682830679515 ], [ -95.508532978686347, 29.851599978361779 ], [ -95.508971032669308, 29.851490787937216 ], [ -95.509266648252378, 29.851417099247993 ], [ -95.509608928575972, 29.851355593739441 ], [ -95.509775773269624, 29.851329521285184 ], [ -95.509888248518735, 29.851305400569835 ], [ -95.510234551888345, 29.851206877466055 ], [ -95.510304161154508, 29.851190156267954 ], [ -95.510615236114617, 29.851115464228389 ], [ -95.510914873092318, 29.851043436289519 ], [ -95.511056203287211, 29.851021068046599 ], [ -95.511593224632065, 29.850957440289765 ], [ -95.513019423141657, 29.850927386615933 ], [ -95.514053283938324, 29.850937156323802 ], [ -95.514409219373448, 29.850934217235935 ] ] } },
{ "type": "Feature", "properties": { "OBJECTID": 134, "Full_Name": "W TIDWELL RD", "Ped_Death_Count": 0, "Bike_Death_Count": 0, "Veh_Death_Count": 0, "Ped_Crash_Count": 0, "Bike_Crash_Count": 2, "Veh_Crash_Count": 2, "Total_Crash_Count": 4, "RoadLength": 2639.9999, "Miles": 0.5, "CrashRate": 8.0, "Total_Death_Count": 0, "Shape__Length": 2639.999897559318 }, "geometry": { "type": "LineString", "coordinates": [ [ -95.481361458410021, 29.850570929483546 ], [ -95.481875999781749, 29.850572308048402 ], [ -95.482726028959149, 29.850594606186835 ], [ -95.483967626147518, 29.850557106357694 ], [ -95.485101265547343, 29.850563224351212 ], [ -95.485886971386535, 29.850579241349585 ], [ -95.486514213328604, 29.850562088979927 ], [ -95.486893228498531, 29.850563387426256 ], [ -95.487249474022335, 29.850561121548122 ], [ -95.487743867255531, 29.850552761289237 ], [ -95.488884509927999, 29.850571638423339 ], [ -95.489185001906392, 29.850576053924474 ], [ -95.489582418713368, 29.850586459966031 ], [ -95.489652917967248, 29.850584460033044 ], [ -95.489687335358227, 29.850584835517282 ] ] } },
{ "type": "Feature", "properties": { "OBJECTID": 135, "Full_Name": "WASHINGTON AVE", "Ped_Death_Count": 0, "Bike_Death_Count": 0, "Veh_Death_Count": 0, "Ped_Crash_Count": 0, "Bike_Crash_Count": 1, "Veh_Crash_Count": 2, "Total_Crash_Count": 3, "RoadLength": 2640.0003, "Miles": 0.5, "CrashRate": 6.0, "Total_Death_Count": 0, "Shape__Length": 2640.0002793639956 }, "geometry": { "type": "LineString", "coordinates": [ [ -95.39993334046622, 29.769853821566819 ], [ -95.400901098529005, 29.769950277640973 ], [ -95.401893960942104, 29.770068518364525 ], [ -95.402225130109343, 29.770104429846029 ], [ -95.403258697838268, 29.770215430703875 ], [ -95.403993904574165, 29.770290815358525 ], [ -95.404883261260821, 29.770364017386587 ], [ -95.406122960224494, 29.770500942028548 ], [ -95.407242889119502, 29.770487330917927 ], [ -95.408209943283495, 29.770474927966333 ] ] } },
{ "type": "Feature", "properties": { "OBJECTID": 136, "Full_Name": "WASHINGTON AVE", "Ped_Death_Count": 0, "Bike_Death_Count": 0, "Veh_Death_Count": 1, "Ped_Crash_Count": 0, "Bike_Crash_Count": 1, "Veh_Crash_Count": 3, "Total_Crash_Count": 4, "RoadLength": 2640.0, "Miles": 0.5, "CrashRate": 8.0, "Total_Death_Count": 1, "Shape__Length": 2639.9999565244498 }, "geometry": { "type": "LineString", "coordinates": [ [ -95.391678303249719, 29.768947447035263 ], [ -95.391818246364195, 29.768960914175697 ], [ -95.392257917647441, 29.769001621428789 ], [ -95.3931301146594, 29.769096033413305 ], [ -95.393815263333096, 29.769174495861549 ], [ -95.394004196218532, 29.769196881208273 ], [ -95.394604964261973, 29.769251252629996 ], [ -95.394899776259393, 29.769284313119069 ], [ -95.395738617440941, 29.769385584337012 ], [ -95.396001103175053, 29.769405810014302 ], [ -95.397217041798385, 29.769526064438949 ], [ -95.398146303832604, 29.769659595930332 ], [ -95.398571956818643, 29.769707207128889 ], [ -95.399243691536, 29.769785080710825 ], [ -95.39993334046622, 29.769853821566819 ] ] } },
{ "type": "Feature", "properties": { "OBJECTID": 137, "Full_Name": "WAYSIDE DR", "Ped_Death_Count": 1, "Bike_Death_Count": 0, "Veh_Death_Count": 0, "Ped_Crash_Count": 1, "Bike_Crash_Count": 1, "Veh_Crash_Count": 1, "Total_Crash_Count": 3, "RoadLength": 2640.0, "Miles": 0.5, "CrashRate": 6.0, "Total_Death_Count": 1, "Shape__Length": 2639.9999912024368 }, "geometry": { "type": "LineString", "coordinates": [ [ -95.306300476184788, 29.736923915930166 ], [ -95.305906479881969, 29.737825689650748 ], [ -95.305745893580337, 29.738232588889083 ], [ -95.305582059360376, 29.738609288318258 ], [ -95.305446381151128, 29.738945481450024 ], [ -95.305149638827956, 29.739662768173783 ], [ -95.304878122793113, 29.740339294115756 ], [ -95.30456329096431, 29.741031207001733 ], [ -95.304291317308184, 29.741720157206835 ], [ -95.304008985361861, 29.742386074261024 ], [ -95.303738177837062, 29.743037178729921 ], [ -95.303469795231507, 29.743707307761579 ], [ -95.303451416495506, 29.743744036474922 ] ] } },
{ "type": "Feature", "properties": { "OBJECTID": 138, "Full_Name": "WAYSIDE DR", "Ped_Death_Count": 2, "Bike_Death_Count": 1, "Veh_Death_Count": 0, "Ped_Crash_Count": 2, "Bike_Crash_Count": 1, "Veh_Crash_Count": 1, "Total_Crash_Count": 4, "RoadLength": 2639.9999, "Miles": 0.5, "CrashRate": 8.0, "Total_Death_Count": 3, "Shape__Length": 2639.9998631225885 }, "geometry": { "type": "LineString", "coordinates": [ [ -95.303451416495506, 29.743744036474922 ], [ -95.303405648555795, 29.743835501206092 ], [ -95.303196151835564, 29.744362202660234 ], [ -95.302897488218747, 29.745107025402802 ], [ -95.302604451068191, 29.745806679753187 ], [ -95.302336623375496, 29.74647216296114 ], [ -95.302073159737219, 29.747127310249969 ], [ -95.301782131303426, 29.747771233083288 ], [ -95.301498452960757, 29.74843279355024 ], [ -95.301230482797763, 29.749101757595945 ], [ -95.300958770534947, 29.749763646322016 ], [ -95.300682934260166, 29.750428905874205 ], [ -95.30062245267473, 29.750570693403798 ] ] } },
{ "type": "Feature", "properties": { "OBJECTID": 139, "Full_Name": "WEBSTER ST", "Ped_Death_Count": 0, "Bike_Death_Count": 0, "Veh_Death_Count": 1, "Ped_Crash_Count": 1, "Bike_Crash_Count": 1, "Veh_Crash_Count": 9, "Total_Crash_Count": 11, "RoadLength": 2639.9999, "Miles": 0.5, "CrashRate": 22.0, "Total_Death_Count": 1, "Shape__Length": 2639.999893997986 }, "geometry": { "type": "LineString", "coordinates": [ [ -95.374305703069354, 29.749383316473107 ], [ -95.373754422240808, 29.749047368432983 ], [ -95.37289507272078, 29.748535104328603 ], [ -95.372018046784248, 29.748007459911033 ], [ -95.371140967314957, 29.747469995064769 ], [ -95.370291598502362, 29.746958990137873 ], [ -95.369422765570931, 29.746435068348468 ], [ -95.369332005577974, 29.746377127145191 ], [ -95.368572226467265, 29.745916758217064 ], [ -95.368058132154957, 29.745604195822164 ], [ -95.36770109029537, 29.74539255639694 ], [ -95.367464495306578, 29.74525204003308 ] ] } },
{ "type": "Feature", "properties": { "OBJECTID": 140, "Full_Name": "WESTHEIMER RD", "Ped_Death_Count": 0, "Bike_Death_Count": 0, "Veh_Death_Count": 1, "Ped_Crash_Count": 1, "Bike_Crash_Count": 1, "Veh_Crash_Count": 2, "Total_Crash_Count": 4, "RoadLength": 2639.9999, "Miles": 0.5, "CrashRate": 8.0, "Total_Death_Count": 1, "Shape__Length": 2639.9998806325812 }, "geometry": { "type": "LineString", "coordinates": [ [ -95.641758406476896, 29.735618881844431 ], [ -95.641880783045565, 29.735616077979955 ], [ -95.642360683782655, 29.735608776278248 ], [ -95.642725754904248, 29.735604931572226 ], [ -95.642985927168638, 29.735607876058136 ], [ -95.644074748269645, 29.735587011336229 ], [ -95.647006813086733, 29.735546046607865 ], [ -95.647548379734715, 29.735537885030254 ], [ -95.648006374946732, 29.735516767375213 ], [ -95.648412244053659, 29.73547262552886 ], [ -95.649379126329862, 29.735345067519852 ], [ -95.650005926754659, 29.735109659715466 ] ] } },
{ "type": "Feature", "properties": { "OBJECTID": 141, "Full_Name": "WESTHEIMER RD", "Ped_Death_Count": 0, "Bike_Death_Count": 0, "Veh_Death_Count": 0, "Ped_Crash_Count": 6, "Bike_Crash_Count": 1, "Veh_Crash_Count": 7, "Total_Crash_Count": 14, "RoadLength": 2639.9998, "Miles": 0.5, "CrashRate": 28.0, "Total_Death_Count": 0, "Shape__Length": 2639.9998469444486 }, "geometry": { "type": "LineString", "coordinates": [ [ -95.576201922943198, 29.736690767828186 ], [ -95.579448425258647, 29.736653475487273 ], [ -95.581200557599658, 29.736628030506711 ], [ -95.582268982692739, 29.736613690901379 ], [ -95.584519380187743, 29.736563899288203 ] ] } },
{ "type": "Feature", "properties": { "OBJECTID": 142, "Full_Name": "WESTHEIMER RD", "Ped_Death_Count": 2, "Bike_Death_Count": 0, "Veh_Death_Count": 0, "Ped_Crash_Count": 3, "Bike_Crash_Count": 1, "Veh_Crash_Count": 1, "Total_Crash_Count": 5, "RoadLength": 2639.9999, "Miles": 0.5, "CrashRate": 10.0, "Total_Death_Count": 2, "Shape__Length": 2639.9999457557715 }, "geometry": { "type": "LineString", "coordinates": [ [ -95.534615207875689, 29.737252291554451 ], [ -95.534793374870773, 29.737251141323785 ], [ -95.534851171557975, 29.737245129975864 ], [ -95.535663638282543, 29.737227133253615 ], [ -95.535866832926018, 29.737221676047035 ], [ -95.537328082041981, 29.737194633938305 ], [ -95.537692893463856, 29.737185231093122 ], [ -95.538096021354562, 29.737184489786426 ], [ -95.538873163737819, 29.737184578366694 ], [ -95.539424788062249, 29.737195277742654 ], [ -95.540440168808743, 29.737169862043899 ], [ -95.541411770727535, 29.737149951826094 ], [ -95.542269195270151, 29.737142659895053 ], [ -95.542931892884894, 29.737134367912805 ] ] } },
{ "type": "Feature", "properties": { "OBJECTID": 143, "Full_Name": "WESTHEIMER RD", "Ped_Death_Count": 1, "Bike_Death_Count": 1, "Veh_Death_Count": 3, "Ped_Crash_Count": 5, "Bike_Crash_Count": 1, "Veh_Crash_Count": 7, "Total_Crash_Count": 13, "RoadLength": 2640.0, "Miles": 0.5, "CrashRate": 26.0, "Total_Death_Count": 5, "Shape__Length": 2640.0000107413539 }, "geometry": { "type": "LineString", "coordinates": [ [ -95.517980440419294, 29.737413353479891 ], [ -95.518851543390866, 29.737399713983635 ], [ -95.519762014254553, 29.737389212738375 ], [ -95.520471756429515, 29.737382031812366 ], [ -95.52116823915506, 29.73739525984395 ], [ -95.522115726441868, 29.737377555740117 ], [ -95.52260068850218, 29.73736899779151 ], [ -95.523001976999382, 29.737364727525247 ], [ -95.52497548529027, 29.737336804658078 ], [ -95.525837092359438, 29.73730779946483 ], [ -95.52629764764248, 29.73730595079115 ] ] } },
{ "type": "Feature", "properties": { "OBJECTID": 144, "Full_Name": "WESTHEIMER RD", "Ped_Death_Count": 5, "Bike_Death_Count": 0, "Veh_Death_Count": 1, "Ped_Crash_Count": 9, "Bike_Crash_Count": 1, "Veh_Crash_Count": 2, "Total_Crash_Count": 12, "RoadLength": 2640.0, "Miles": 0.5, "CrashRate": 24.0, "Total_Death_Count": 6, "Shape__Length": 2640.0000175255691 }, "geometry": { "type": "LineString", "coordinates": [ [ -95.509662667404783, 29.737509359698802 ], [ -95.510079339771579, 29.737506099372901 ], [ -95.511061536919044, 29.737507878038787 ], [ -95.512267362195388, 29.73747879924694 ], [ -95.514195226711578, 29.737451938116873 ], [ -95.515713343283451, 29.73745048770558 ], [ -95.51685886627692, 29.73743120319519 ], [ -95.517108675971954, 29.737426997201453 ], [ -95.517980440419294, 29.737413353479891 ] ] } },
{ "type": "Feature", "properties": { "OBJECTID": 145, "Full_Name": "WESTHEIMER RD", "Ped_Death_Count": 6, "Bike_Death_Count": 0, "Veh_Death_Count": 0, "Ped_Crash_Count": 14, "Bike_Crash_Count": 1, "Veh_Crash_Count": 6, "Total_Crash_Count": 21, "RoadLength": 2639.9998, "Miles": 0.5, "CrashRate": 42.0, "Total_Death_Count": 6, "Shape__Length": 2639.99979066673 }, "geometry": { "type": "LineString", "coordinates": [ [ -95.493029517253646, 29.737676211807077 ], [ -95.493538745050088, 29.737668675775982 ], [ -95.495107440133054, 29.737694699208465 ], [ -95.495744869380985, 29.737662059286194 ], [ -95.49635516374336, 29.737664956799772 ], [ -95.496921156948176, 29.737653436922525 ], [ -95.497248909014175, 29.737662008607973 ], [ -95.497358157951567, 29.737664866815873 ], [ -95.498325056158166, 29.737644828847994 ], [ -95.499189459047898, 29.737627862619565 ], [ -95.499400582463466, 29.737623718502999 ], [ -95.50090569503196, 29.737594162839059 ], [ -95.501345675538488, 29.737590782923828 ] ] } },
{ "type": "Feature", "properties": { "OBJECTID": 146, "Full_Name": "WESTHEIMER RD", "Ped_Death_Count": 5, "Bike_Death_Count": 2, "Veh_Death_Count": 0, "Ped_Crash_Count": 9, "Bike_Crash_Count": 2, "Veh_Crash_Count": 2, "Total_Crash_Count": 13, "RoadLength": 2640.0002, "Miles": 0.5, "CrashRate": 26.0, "Total_Death_Count": 7, "Shape__Length": 2640.0001836371789 }, "geometry": { "type": "LineString", "coordinates": [ [ -95.484712368838217, 29.737822094316641 ], [ -95.485306035443429, 29.737814234434857 ], [ -95.487211451523194, 29.737788995548119 ], [ -95.488557215045674, 29.737767980159489 ], [ -95.489851818266743, 29.737734852196343 ], [ -95.491599881358795, 29.737703972950399 ], [ -95.492857433526865, 29.737678758381421 ], [ -95.493029517253646, 29.737676211807077 ] ] } },
{ "type": "Feature", "properties": { "OBJECTID": 147, "Full_Name": "WESTHEIMER RD", "Ped_Death_Count": 2, "Bike_Death_Count": 0, "Veh_Death_Count": 3, "Ped_Crash_Count": 6, "Bike_Crash_Count": 1, "Veh_Crash_Count": 3, "Total_Crash_Count": 10, "RoadLength": 2639.9999, "Miles": 0.5, "CrashRate": 20.0, "Total_Death_Count": 5, "Shape__Length": 2639.9999201699138 }, "geometry": { "type": "LineString", "coordinates": [ [ -95.460313521522366, 29.740885307724444 ], [ -95.460512846377583, 29.740882297589785 ], [ -95.460900128900008, 29.740840727678687 ], [ -95.461348358016195, 29.740821910147602 ], [ -95.461900305651213, 29.740794315207914 ], [ -95.462071072657437, 29.740785778060506 ], [ -95.464188239356616, 29.740679907121194 ], [ -95.465958258011995, 29.740562623502004 ], [ -95.466948933207078, 29.740462298305594 ], [ -95.468499450340246, 29.739935508400958 ] ] } },
{ "type": "Feature", "properties": { "OBJECTID": 148, "Full_Name": "WESTPARK DR", "Ped_Death_Count": 0, "Bike_Death_Count": 0, "Veh_Death_Count": 0, "Ped_Crash_Count": 0, "Bike_Crash_Count": 1, "Veh_Crash_Count": 3, "Total_Crash_Count": 4, "RoadLength": 2640.0001, "Miles": 0.5, "CrashRate": 8.0, "Total_Death_Count": 0, "Shape__Length": 2640.0000860549294 }, "geometry": { "type": "LineString", "coordinates": [ [ -95.540156669422004, 29.722496707004346 ], [ -95.54039315351659, 29.722581244226721 ], [ -95.540591712304249, 29.722659837957295 ], [ -95.540737196804585, 29.722710979078379 ], [ -95.540946409140275, 29.722784523652965 ], [ -95.54131759395645, 29.722886140322728 ], [ -95.541518217708884, 29.722931424554403 ], [ -95.541611459117433, 29.722952470478294 ], [ -95.542034667332587, 29.72304052668396 ], [ -95.542389636477012, 29.723092006367818 ], [ -95.542689177008398, 29.723123236329993 ], [ -95.543377332393121, 29.723139042068393 ], [ -95.543664684815326, 29.72313275322113 ], [ -95.54398177354669, 29.723109608848009 ], [ -95.544491356758343, 29.72306597447589 ], [ -95.54552693187199, 29.722990875423275 ], [ -95.546936352824801, 29.722872540797045 ], [ -95.547231093488591, 29.72284685484696 ], [ -95.547433539923148, 29.722830536257291 ], [ -95.548341518935587, 29.72275585094717 ] ] } },
{ "type": "Feature", "properties": { "OBJECTID": 149, "Full_Name": "WESTPARK DR", "Ped_Death_Count": 1, "Bike_Death_Count": 1, "Veh_Death_Count": 0, "Ped_Crash_Count": 1, "Bike_Crash_Count": 1, "Veh_Crash_Count": 3, "Total_Crash_Count": 5, "RoadLength": 2639.9999, "Miles": 0.5, "CrashRate": 10.0, "Total_Death_Count": 2, "Shape__Length": 2639.9999114955344 }, "geometry": { "type": "LineString", "coordinates": [ [ -95.499370298826804, 29.72315519459471 ], [ -95.501038718680263, 29.723004201179126 ], [ -95.50121499229563, 29.722992061583632 ], [ -95.501976165562809, 29.722939639789121 ], [ -95.502726859110311, 29.722866483444776 ], [ -95.503485502451397, 29.722813079907141 ], [ -95.504376008343215, 29.722749990725042 ], [ -95.505982935471494, 29.722624954911662 ], [ -95.507652148733158, 29.722486055296052 ] ] } },
{ "type": "Feature", "properties": { "OBJECTID": 150, "Full_Name": "WESTRIDGE ST", "Ped_Death_Count": 0, "Bike_Death_Count": 0, "Veh_Death_Count": 0, "Ped_Crash_Count": 2, "Bike_Crash_Count": 1, "Veh_Crash_Count": 1, "Total_Crash_Count": 4, "RoadLength": 2639.9999, "Miles": 0.5, "CrashRate": 8.0, "Total_Death_Count": 0, "Shape__Length": 2639.9999463191052 }, "geometry": { "type": "LineString", "coordinates": [ [ -95.413881028987433, 29.6820915138819 ], [ -95.414481331692016, 29.682105698961294 ], [ -95.415513137292294, 29.682130074666674 ], [ -95.415713137898976, 29.682133274183379 ], [ -95.415814328065295, 29.682134932310412 ], [ -95.416340320984972, 29.682143553328213 ], [ -95.417374850974781, 29.682160501713561 ], [ -95.417957577028673, 29.682169624319194 ], [ -95.419130358777267, 29.682190218042525 ], [ -95.419648826544162, 29.682198915454908 ], [ -95.420486946561141, 29.682222356534176 ], [ -95.421290138797161, 29.682244816371607 ], [ -95.421596573603139, 29.68224027525287 ], [ -95.421834950687668, 29.682253014305257 ], [ -95.422192677926205, 29.682258915335893 ] ] } },
{ "type": "Feature", "properties": { "OBJECTID": 151, "Full_Name": "WESTVIEW DR", "Ped_Death_Count": 0, "Bike_Death_Count": 0, "Veh_Death_Count": 1, "Ped_Crash_Count": 0, "Bike_Crash_Count": 1, "Veh_Crash_Count": 2, "Total_Crash_Count": 3, "RoadLength": 2167.7963, "Miles": 0.4106, "CrashRate": 7.31, "Total_Death_Count": 1, "Shape__Length": 2167.7963408214769 }, "geometry": { "type": "LineString", "coordinates": [ [ -95.538583844284304, 29.791228583715288 ], [ -95.538741448839488, 29.791209518508275 ], [ -95.538918955786372, 29.791175428437096 ], [ -95.539086210114519, 29.79113476771845 ], [ -95.539563809517603, 29.790990423653579 ], [ -95.539918472190948, 29.790897628485979 ], [ -95.540086394994589, 29.790864048590272 ], [ -95.540384155551834, 29.790839360864794 ], [ -95.540760265967464, 29.79082446695935 ], [ -95.543506144290632, 29.790843521412345 ], [ -95.544600437487787, 29.790848173444111 ], [ -95.545356471302426, 29.79085880803266 ] ] } },
{ "type": "Feature", "properties": { "OBJECTID": 152, "Full_Name": "WHEELER ST", "Ped_Death_Count": 0, "Bike_Death_Count": 0, "Veh_Death_Count": 0, "Ped_Crash_Count": 1, "Bike_Crash_Count": 1, "Veh_Crash_Count": 0, "Total_Crash_Count": 2, "RoadLength": 2072.0743, "Miles": 0.3924, "CrashRate": 5.1, "Total_Death_Count": 0, "Shape__Length": 2072.074315904691 }, "geometry": { "type": "LineString", "coordinates": [ [ -95.382975672323184, 29.734127394864824 ], [ -95.382120714554134, 29.733600180019174 ], [ -95.38127381230214, 29.733099001510972 ], [ -95.380657573027321, 29.732723277154175 ], [ -95.380547653873364, 29.732658227900135 ], [ -95.380471456764511, 29.732605902970608 ], [ -95.38038872107434, 29.732549088358759 ], [ -95.380229380846203, 29.732462842878121 ], [ -95.380122527356619, 29.732405007194849 ], [ -95.380010178001896, 29.732344194837523 ], [ -95.37952011542292, 29.732053963500515 ], [ -95.378689989260792, 29.731554556220761 ], [ -95.377843840834473, 29.731042192020723 ], [ -95.377597289219622, 29.730898591563886 ] ] } },
{ "type": "Feature", "properties": { "OBJECTID": 153, "Full_Name": "WILCREST DR", "Ped_Death_Count": 0, "Bike_Death_Count": 0, "Veh_Death_Count": 0, "Ped_Crash_Count": 1, "Bike_Crash_Count": 1, "Veh_Crash_Count": 2, "Total_Crash_Count": 4, "RoadLength": 2640.0001, "Miles": 0.5, "CrashRate": 8.0, "Total_Death_Count": 0, "Shape__Length": 2640.0001013008232 }, "geometry": { "type": "LineString", "coordinates": [ [ -95.572898135241033, 29.752345906675529 ], [ -95.57282869897945, 29.752225843972234 ], [ -95.572687599396616, 29.75196885827096 ], [ -95.572571043741462, 29.751741500539687 ], [ -95.572369382064423, 29.751269880698178 ], [ -95.572279535922306, 29.750985820838999 ], [ -95.572275554488328, 29.750975045484974 ], [ -95.572173398725468, 29.750586363652054 ], [ -95.572146079829992, 29.750426777154075 ], [ -95.572104889828267, 29.750124247705632 ], [ -95.572074918111056, 29.7494879340327 ], [ -95.57207241493397, 29.749145653506563 ], [ -95.572065848739612, 29.747951801097443 ], [ -95.572022551660112, 29.745784440636797 ], [ -95.572019631168885, 29.745635792382146 ], [ -95.57201143902023, 29.745218620618218 ], [ -95.572011412839572, 29.745207855266184 ] ] } },
{ "type": "Feature", "properties": { "OBJECTID": 154, "Full_Name": "WINROCK BLVD", "Ped_Death_Count": 1, "Bike_Death_Count": 0, "Veh_Death_Count": 0, "Ped_Crash_Count": 4, "Bike_Crash_Count": 1, "Veh_Crash_Count": 1, "Total_Crash_Count": 6, "RoadLength": 2272.5129, "Miles": 0.4304, "CrashRate": 13.94, "Total_Death_Count": 1, "Shape__Length": 2272.51287275809 }, "geometry": { "type": "LineString", "coordinates": [ [ -95.497596567020466, 29.743039500900945 ], [ -95.497591866305214, 29.742419351442788 ], [ -95.497457430858219, 29.742409848789752 ], [ -95.496659797699465, 29.742426755540414 ], [ -95.496645222978941, 29.740909854273109 ], [ -95.496648222834466, 29.7391184898372 ], [ -95.496648899819903, 29.738713493061297 ], [ -95.49664100663604, 29.738686334667207 ], [ -95.496585454854397, 29.738514199585879 ], [ -95.496451807737159, 29.738281579682418 ], [ -95.496393819870136, 29.738159471095916 ], [ -95.496342172635494, 29.73803741456949 ], [ -95.49635516374336, 29.737664956799772 ] ] } },
{ "type": "Feature", "properties": { "OBJECTID": 155, "Full_Name": "WIRT RD", "Ped_Death_Count": 1, "Bike_Death_Count": 0, "Veh_Death_Count": 0, "Ped_Crash_Count": 2, "Bike_Crash_Count": 1, "Veh_Crash_Count": 0, "Total_Crash_Count": 3, "RoadLength": 2640.0, "Miles": 0.5, "CrashRate": 6.0, "Total_Death_Count": 1, "Shape__Length": 2639.9999644610416 }, "geometry": { "type": "LineString", "coordinates": [ [ -95.484832469408545, 29.80236435259383 ], [ -95.484832463428702, 29.802838719682953 ], [ -95.484871577198447, 29.804739993703716 ], [ -95.48488806226726, 29.805541225389007 ], [ -95.48491696622456, 29.806707715573683 ], [ -95.484940881456609, 29.807685592507678 ], [ -95.4849258075877, 29.807873926619838 ], [ -95.4849333466003, 29.809181227860666 ], [ -95.484950857513837, 29.80962260734568 ] ] } },
{ "type": "Feature", "properties": { "OBJECTID": 156, "Full_Name": "YALE ST", "Ped_Death_Count": 0, "Bike_Death_Count": 0, "Veh_Death_Count": 1, "Ped_Crash_Count": 0, "Bike_Crash_Count": 1, "Veh_Crash_Count": 5, "Total_Crash_Count": 6, "RoadLength": 2640.0001, "Miles": 0.5, "CrashRate": 12.0, "Total_Death_Count": 1, "Shape__Length": 2640.0000902479678 }, "geometry": { "type": "LineString", "coordinates": [ [ -95.399106755175922, 29.797592763204698 ], [ -95.399116879309105, 29.798035875984834 ], [ -95.399164002941617, 29.79988348667526 ], [ -95.399165768297067, 29.800902084973476 ], [ -95.399186241409524, 29.801908705463369 ], [ -95.39919342663481, 29.802929487814776 ], [ -95.399204643899481, 29.80345468265762 ], [ -95.399215412924875, 29.80395883999585 ], [ -95.399246588358992, 29.804851380639136 ] ] } }
]
}
